id,path,kind,name_kr,costume,prompt,negative,category_sub,material
her_013,res://assets/icons/heritage/her_013.png,icon,훈민정음 해례본,,"museum-quality illustration of 훈민정음 해례본 (Ancient Historical Manuscript), made of Mulberry Hanji Paper & Ink, Early Joseon period, Joseon-era Korean ink-and-wash painting (sumukchaesaek) on aged hanji mulberry paper, muted mineral pigments (malachite green, azurite blue, ochre, cinnabar red, ink black), confident brush strokes with dry-brush texture, soft paper grain, restrained palette, in the manner of Kim Hong-do and Jeong Seon, single object centered, plain warm hanji background, soft ambient occlusion, clean silhouette, game item icon, 1:1 --ar 1:1 --style raw","photorealistic, 3d render, anime, chibi, western fantasy, neon, glossy plastic, text, watermark, signature, modern clothing, Chinese Qing costume, Manchu queue hairstyle, Japanese kimono, samurai armor, hakama, hanfu with crossed wide sleeves of Ming court, Japanese katana, multiple objects, hands, cluttered background",Ancient Historical Manuscript,Mulberry Hanji Paper & Ink
her_014,res://assets/icons/heritage/her_014.png,icon,조선경국전,,"museum-quality illustration of 조선경국전 (Ancient Historical Manuscript), made of Mulberry Hanji Paper & Ink, Mid Joseon period, Joseon-era Korean ink-and-wash painting (sumukchaesaek) on aged hanji mulberry paper, muted mineral pigments (malachite green, azurite blue, ochre, cinnabar red, ink black), confident brush strokes with dry-brush texture, soft paper grain, restrained palette, in the manner of Kim Hong-do and Jeong Seon, single object centered, plain warm hanji background, soft ambient occlusion, clean silhouette, game item icon, 1:1 --ar 1:1 --style raw","photorealistic, 3d render, anime, chibi, western fantasy, neon, glossy plastic, text, watermark, signature, modern clothing, Chinese Qing costume, Manchu queue hairstyle, Japanese kimono, samurai armor, hakama, hanfu with crossed wide sleeves of Ming court, Japanese katana, multiple objects, hands, cluttered background",Ancient Historical Manuscript,Mulberry Hanji Paper & Ink
her_113,res://assets/icons/heritage/her_113.png,icon,강릉 오죽헌,,"museum-quality illustration of 강릉 오죽헌 (Ancient Historical Manuscript), made of Mulberry Hanji Paper & Ink, Mid Joseon period, Joseon-era Korean ink-and-wash painting (sumukchaesaek) on aged hanji mulberry paper, muted mineral pigments (malachite green, azurite blue, ochre, cinnabar red, ink black), confident brush strokes with dry-brush texture, soft paper grain, restrained palette, in the manner of Kim Hong-do and Jeong Seon, single object centered, plain warm hanji background, soft ambient occlusion, clean silhouette, game item icon, 1:1 --ar 1:1 --style raw","photorealistic, 3d render, anime, chibi, western fantasy, neon, glossy plastic, text, watermark, signature, modern clothing, Chinese Qing costume, Manchu queue hairstyle, Japanese kimono, samurai armor, hakama, hanfu with crossed wide sleeves of Ming court, Japanese katana, multiple objects, hands, cluttered background",Ancient Historical Manuscript,Mulberry Hanji Paper & Ink
her_124,res://assets/icons/heritage/her_124.png,icon,전주 경기전,,"museum-quality illustration of 전주 경기전 (Ancient Historical Manuscript), made of Mulberry Hanji Paper & Ink, Mid Joseon period, Joseon-era Korean ink-and-wash painting (sumukchaesaek) on aged hanji mulberry paper, muted mineral pigments (malachite green, azurite blue, ochre, cinnabar red, ink black), confident brush strokes with dry-brush texture, soft paper grain, restrained palette, in the manner of Kim Hong-do and Jeong Seon, single object centered, plain warm hanji background, soft ambient occlusion, clean silhouette, game item icon, 1:1 --ar 1:1 --style raw","photorealistic, 3d render, anime, chibi, western fantasy, neon, glossy plastic, text, watermark, signature, modern clothing, Chinese Qing costume, Manchu queue hairstyle, Japanese kimono, samurai armor, hakama, hanfu with crossed wide sleeves of Ming court, Japanese katana, multiple objects, hands, cluttered background",Ancient Historical Manuscript,Mulberry Hanji Paper & Ink
her_132,res://assets/icons/heritage/her_132.png,icon,해주 소현서원,,"museum-quality illustration of 해주 소현서원 (Ancient Historical Manuscript), made of Mulberry Hanji Paper & Ink, Mid Joseon period, Joseon-era Korean ink-and-wash painting (sumukchaesaek) on aged hanji mulberry paper, muted mineral pigments (malachite green, azurite blue, ochre, cinnabar red, ink black), confident brush strokes with dry-brush texture, soft paper grain, restrained palette, in the manner of Kim Hong-do and Jeong Seon, single object centered, plain warm hanji background, soft ambient occlusion, clean silhouette, game item icon, 1:1 --ar 1:1 --style raw","photorealistic, 3d render, anime, chibi, western fantasy, neon, glossy plastic, text, watermark, signature, modern clothing, Chinese Qing costume, Manchu queue hairstyle, Japanese kimono, samurai armor, hakama, hanfu with crossed wide sleeves of Ming court, Japanese katana, multiple objects, hands, cluttered background",Ancient Historical Manuscript,Mulberry Hanji Paper & Ink
her_144,res://assets/icons/heritage/her_144.png,icon,추사 유배지,,"museum-quality illustration of 추사 유배지 (Ancient Historical Manuscript), made of Mulberry Hanji Paper & Ink, Mid Joseon period, Joseon-era Korean ink-and-wash painting (sumukchaesaek) on aged hanji mulberry paper, muted mineral pigments (malachite green, azurite blue, ochre, cinnabar red, ink black), confident brush strokes with dry-brush texture, soft paper grain, restrained palette, in the manner of Kim Hong-do and Jeong Seon, single object centered, plain warm hanji background, soft ambient occlusion, clean silhouette, game item icon, 1:1 --ar 1:1 --style raw","photorealistic, 3d render, anime, chibi, western fantasy, neon, glossy plastic, text, watermark, signature, modern clothing, Chinese Qing costume, Manchu queue hairstyle, Japanese kimono, samurai armor, hakama, hanfu with crossed wide sleeves of Ming court, Japanese katana, multiple objects, hands, cluttered background",Ancient Historical Manuscript,Mulberry Hanji Paper & Ink
her_n001,res://assets/icons/heritage/her_n001.png,icon,제주 삼도동 탐라성주 옥인,,"museum-quality illustration of 제주 삼도동 탐라성주 옥인 (Ancient Historical Manuscript), made of Mulberry Hanji Paper & Ink, Mid Joseon period, Joseon-era Korean ink-and-wash painting (sumukchaesaek) on aged hanji mulberry paper, muted mineral pigments (malachite green, azurite blue, ochre, cinnabar red, ink black), confident brush strokes with dry-brush texture, soft paper grain, restrained palette, in the manner of Kim Hong-do and Jeong Seon, single object centered, plain warm hanji background, soft ambient occlusion, clean silhouette, game item icon, 1:1 --ar 1:1 --style raw","photorealistic, 3d render, anime, chibi, western fantasy, neon, glossy plastic, text, watermark, signature, modern clothing, Chinese Qing costume, Manchu queue hairstyle, Japanese kimono, samurai armor, hakama, hanfu with crossed wide sleeves of Ming court, Japanese katana, multiple objects, hands, cluttered background",Ancient Historical Manuscript,Mulberry Hanji Paper & Ink
her_n005,res://assets/icons/heritage/her_n005.png,icon,대정현 삼성혈 도태 사당 목판,,"museum-quality illustration of 대정현 삼성혈 도태 사당 목판 (Ancient Historical Manuscript), made of Mulberry Hanji Paper & Ink, Late Joseon period, Joseon-era Korean ink-and-wash painting (sumukchaesaek) on aged hanji mulberry paper, muted mineral pigments (malachite green, azurite blue, ochre, cinnabar red, ink black), confident brush strokes with dry-brush texture, soft paper grain, restrained palette, in the manner of Kim Hong-do and Jeong Seon, single object centered, plain warm hanji background, soft ambient occlusion, clean silhouette, game item icon, 1:1 --ar 1:1 --style raw","photorealistic, 3d render, anime, chibi, western fantasy, neon, glossy plastic, text, watermark, signature, modern clothing, Chinese Qing costume, Manchu queue hairstyle, Japanese kimono, samurai armor, hakama, hanfu with crossed wide sleeves of Ming court, Japanese katana, multiple objects, hands, cluttered background",Ancient Historical Manuscript,Mulberry Hanji Paper & Ink
her_n012,res://assets/icons/heritage/her_n012.png,icon,제주 오현단 송자대전 판각,,"museum-quality illustration of 제주 오현단 송자대전 판각 (Ancient Historical Manuscript), made of Mulberry Hanji Paper & Ink, Late Joseon period, Joseon-era Korean ink-and-wash painting (sumukchaesaek) on aged hanji mulberry paper, muted mineral pigments (malachite green, azurite blue, ochre, cinnabar red, ink black), confident brush strokes with dry-brush texture, soft paper grain, restrained palette, in the manner of Kim Hong-do and Jeong Seon, single object centered, plain warm hanji background, soft ambient occlusion, clean silhouette, game item icon, 1:1 --ar 1:1 --style raw","photorealistic, 3d render, anime, chibi, western fantasy, neon, glossy plastic, text, watermark, signature, modern clothing, Chinese Qing costume, Manchu queue hairstyle, Japanese kimono, samurai armor, hakama, hanfu with crossed wide sleeves of Ming court, Japanese katana, multiple objects, hands, cluttered background",Ancient Historical Manuscript,Mulberry Hanji Paper & Ink
her_n015,res://assets/icons/heritage/her_n015.png,icon,용두암 해신당 용왕부적,,"museum-quality illustration of 용두암 해신당 용왕부적 (Ancient Historical Manuscript), made of Mulberry Hanji Paper & Ink, Late Joseon period, Joseon-era Korean ink-and-wash painting (sumukchaesaek) on aged hanji mulberry paper, muted mineral pigments (malachite green, azurite blue, ochre, cinnabar red, ink black), confident brush strokes with dry-brush texture, soft paper grain, restrained palette, in the manner of Kim Hong-do and Jeong Seon, single object centered, plain warm hanji background, soft ambient occlusion, clean silhouette, game item icon, 1:1 --ar 1:1 --style raw","photorealistic, 3d render, anime, chibi, western fantasy, neon, glossy plastic, text, watermark, signature, modern clothing, Chinese Qing costume, Manchu queue hairstyle, Japanese kimono, samurai armor, hakama, hanfu with crossed wide sleeves of Ming court, Japanese katana, multiple objects, hands, cluttered background",Ancient Historical Manuscript,Mulberry Hanji Paper & Ink
her_n027,res://assets/icons/heritage/her_n027.png,icon,해남 윤씨 녹우당 고문서 일괄,,"museum-quality illustration of 해남 윤씨 녹우당 고문서 일괄 (Ancient Historical Manuscript), made of Mulberry Hanji Paper & Ink, Mid Joseon period, Joseon-era Korean ink-and-wash painting (sumukchaesaek) on aged hanji mulberry paper, muted mineral pigments (malachite green, azurite blue, ochre, cinnabar red, ink black), confident brush strokes with dry-brush texture, soft paper grain, restrained palette, in the manner of Kim Hong-do and Jeong Seon, single object centered, plain warm hanji background, soft ambient occlusion, clean silhouette, game item icon, 1:1 --ar 1:1 --style raw","photorealistic, 3d render, anime, chibi, western fantasy, neon, glossy plastic, text, watermark, signature, modern clothing, Chinese Qing costume, Manchu queue hairstyle, Japanese kimono, samurai armor, hakama, hanfu with crossed wide sleeves of Ming court, Japanese katana, multiple objects, hands, cluttered background",Ancient Historical Manuscript,Mulberry Hanji Paper & Ink
her_n028,res://assets/icons/heritage/her_n028.png,icon,완도 청해진 유적 출토 목간,,"museum-quality illustration of 완도 청해진 유적 출토 목간 (Ancient Historical Manuscript), made of Mulberry Hanji Paper & Ink, Mid Joseon period, Joseon-era Korean ink-and-wash painting (sumukchaesaek) on aged hanji mulberry paper, muted mineral pigments (malachite green, azurite blue, ochre, cinnabar red, ink black), confident brush strokes with dry-brush texture, soft paper grain, restrained palette, in the manner of Kim Hong-do and Jeong Seon, single object centered, plain warm hanji background, soft ambient occlusion, clean silhouette, game item icon, 1:1 --ar 1:1 --style raw","photorealistic, 3d render, anime, chibi, western fantasy, neon, glossy plastic, text, watermark, signature, modern clothing, Chinese Qing costume, Manchu queue hairstyle, Japanese kimono, samurai armor, hakama, hanfu with crossed wide sleeves of Ming court, Japanese katana, multiple objects, hands, cluttered background",Ancient Historical Manuscript,Mulberry Hanji Paper & Ink
her_n036,res://assets/icons/heritage/her_n036.png,icon,강진 영랑생가 모란 시첩,,"museum-quality illustration of 강진 영랑생가 모란 시첩 (Ancient Historical Manuscript), made of Mulberry Hanji Paper & Ink, Mid Joseon period, Joseon-era Korean ink-and-wash painting (sumukchaesaek) on aged hanji mulberry paper, muted mineral pigments (malachite green, azurite blue, ochre, cinnabar red, ink black), confident brush strokes with dry-brush texture, soft paper grain, restrained palette, in the manner of Kim Hong-do and Jeong Seon, single object centered, plain warm hanji background, soft ambient occlusion, clean silhouette, game item icon, 1:1 --ar 1:1 --style raw","photorealistic, 3d render, anime, chibi, western fantasy, neon, glossy plastic, text, watermark, signature, modern clothing, Chinese Qing costume, Manchu queue hairstyle, Japanese kimono, samurai armor, hakama, hanfu with crossed wide sleeves of Ming court, Japanese katana, multiple objects, hands, cluttered background",Ancient Historical Manuscript,Mulberry Hanji Paper & Ink
her_n052,res://assets/icons/heritage/her_n052.png,icon,순천 관아 동헌 현판 및 옥인,,"museum-quality illustration of 순천 관아 동헌 현판 및 옥인 (Ancient Historical Manuscript), made of Mulberry Hanji Paper & Ink, Late Joseon period, Joseon-era Korean ink-and-wash painting (sumukchaesaek) on aged hanji mulberry paper, muted mineral pigments (malachite green, azurite blue, ochre, cinnabar red, ink black), confident brush strokes with dry-brush texture, soft paper grain, restrained palette, in the manner of Kim Hong-do and Jeong Seon, single object centered, plain warm hanji background, soft ambient occlusion, clean silhouette, game item icon, 1:1 --ar 1:1 --style raw","photorealistic, 3d render, anime, chibi, western fantasy, neon, glossy plastic, text, watermark, signature, modern clothing, Chinese Qing costume, Manchu queue hairstyle, Japanese kimono, samurai armor, hakama, hanfu with crossed wide sleeves of Ming court, Japanese katana, multiple objects, hands, cluttered background",Ancient Historical Manuscript,Mulberry Hanji Paper & Ink
her_n055,res://assets/icons/heritage/her_n055.png,icon,순천 산신각 마애칠성도,,"museum-quality illustration of 순천 산신각 마애칠성도 (Ancient Historical Manuscript), made of Mulberry Hanji Paper & Ink, Late Joseon period, Joseon-era Korean ink-and-wash painting (sumukchaesaek) on aged hanji mulberry paper, muted mineral pigments (malachite green, azurite blue, ochre, cinnabar red, ink black), confident brush strokes with dry-brush texture, soft paper grain, restrained palette, in the manner of Kim Hong-do and Jeong Seon, single object centered, plain warm hanji background, soft ambient occlusion, clean silhouette, game item icon, 1:1 --ar 1:1 --style raw","photorealistic, 3d render, anime, chibi, western fantasy, neon, glossy plastic, text, watermark, signature, modern clothing, Chinese Qing costume, Manchu queue hairstyle, Japanese kimono, samurai armor, hakama, hanfu with crossed wide sleeves of Ming court, Japanese katana, multiple objects, hands, cluttered background",Ancient Historical Manuscript,Mulberry Hanji Paper & Ink
her_n056,res://assets/icons/heritage/her_n056.png,icon,여수 향교 대성전 목판,,"museum-quality illustration of 여수 향교 대성전 목판 (Ancient Historical Manuscript), made of Mulberry Hanji Paper & Ink, Late Joseon period, Joseon-era Korean ink-and-wash painting (sumukchaesaek) on aged hanji mulberry paper, muted mineral pigments (malachite green, azurite blue, ochre, cinnabar red, ink black), confident brush strokes with dry-brush texture, soft paper grain, restrained palette, in the manner of Kim Hong-do and Jeong Seon, single object centered, plain warm hanji background, soft ambient occlusion, clean silhouette, game item icon, 1:1 --ar 1:1 --style raw","photorealistic, 3d render, anime, chibi, western fantasy, neon, glossy plastic, text, watermark, signature, modern clothing, Chinese Qing costume, Manchu queue hairstyle, Japanese kimono, samurai armor, hakama, hanfu with crossed wide sleeves of Ming court, Japanese katana, multiple objects, hands, cluttered background",Ancient Historical Manuscript,Mulberry Hanji Paper & Ink
her_n060,res://assets/icons/heritage/her_n060.png,icon,광양 어사 순력기 고문서,,"museum-quality illustration of 광양 어사 순력기 고문서 (Ancient Historical Manuscript), made of Mulberry Hanji Paper & Ink, Late Joseon period, Joseon-era Korean ink-and-wash painting (sumukchaesaek) on aged hanji mulberry paper, muted mineral pigments (malachite green, azurite blue, ochre, cinnabar red, ink black), confident brush strokes with dry-brush texture, soft paper grain, restrained palette, in the manner of Kim Hong-do and Jeong Seon, single object centered, plain warm hanji background, soft ambient occlusion, clean silhouette, game item icon, 1:1 --ar 1:1 --style raw","photorealistic, 3d render, anime, chibi, western fantasy, neon, glossy plastic, text, watermark, signature, modern clothing, Chinese Qing costume, Manchu queue hairstyle, Japanese kimono, samurai armor, hakama, hanfu with crossed wide sleeves of Ming court, Japanese katana, multiple objects, hands, cluttered background",Ancient Historical Manuscript,Mulberry Hanji Paper & Ink
her_n069,res://assets/icons/heritage/her_n069.png,icon,담양 소쇄원 목판,,"museum-quality illustration of 담양 소쇄원 목판 (Ancient Historical Manuscript), made of Mulberry Hanji Paper & Ink, Mid Joseon period, Joseon-era Korean ink-and-wash painting (sumukchaesaek) on aged hanji mulberry paper, muted mineral pigments (malachite green, azurite blue, ochre, cinnabar red, ink black), confident brush strokes with dry-brush texture, soft paper grain, restrained palette, in the manner of Kim Hong-do and Jeong Seon, single object centered, plain warm hanji background, soft ambient occlusion, clean silhouette, game item icon, 1:1 --ar 1:1 --style raw","photorealistic, 3d render, anime, chibi, western fantasy, neon, glossy plastic, text, watermark, signature, modern clothing, Chinese Qing costume, Manchu queue hairstyle, Japanese kimono, samurai armor, hakama, hanfu with crossed wide sleeves of Ming court, Japanese katana, multiple objects, hands, cluttered background",Ancient Historical Manuscript,Mulberry Hanji Paper & Ink
her_n070,res://assets/icons/heritage/her_n070.png,icon,광주 충장사 목판,,"museum-quality illustration of 광주 충장사 목판 (Ancient Historical Manuscript), made of Mulberry Hanji Paper & Ink, Late Joseon period, Joseon-era Korean ink-and-wash painting (sumukchaesaek) on aged hanji mulberry paper, muted mineral pigments (malachite green, azurite blue, ochre, cinnabar red, ink black), confident brush strokes with dry-brush texture, soft paper grain, restrained palette, in the manner of Kim Hong-do and Jeong Seon, single object centered, plain warm hanji background, soft ambient occlusion, clean silhouette, game item icon, 1:1 --ar 1:1 --style raw","photorealistic, 3d render, anime, chibi, western fantasy, neon, glossy plastic, text, watermark, signature, modern clothing, Chinese Qing costume, Manchu queue hairstyle, Japanese kimono, samurai armor, hakama, hanfu with crossed wide sleeves of Ming court, Japanese katana, multiple objects, hands, cluttered background",Ancient Historical Manuscript,Mulberry Hanji Paper & Ink
her_n072,res://assets/icons/heritage/her_n072.png,icon,나주 관아 동헌 현판 및 옥인,,"museum-quality illustration of 나주 관아 동헌 현판 및 옥인 (Ancient Historical Manuscript), made of Mulberry Hanji Paper & Ink, Late Joseon period, Joseon-era Korean ink-and-wash painting (sumukchaesaek) on aged hanji mulberry paper, muted mineral pigments (malachite green, azurite blue, ochre, cinnabar red, ink black), confident brush strokes with dry-brush texture, soft paper grain, restrained palette, in the manner of Kim Hong-do and Jeong Seon, single object centered, plain warm hanji background, soft ambient occlusion, clean silhouette, game item icon, 1:1 --ar 1:1 --style raw","photorealistic, 3d render, anime, chibi, western fantasy, neon, glossy plastic, text, watermark, signature, modern clothing, Chinese Qing costume, Manchu queue hairstyle, Japanese kimono, samurai armor, hakama, hanfu with crossed wide sleeves of Ming court, Japanese katana, multiple objects, hands, cluttered background",Ancient Historical Manuscript,Mulberry Hanji Paper & Ink
her_n075,res://assets/icons/heritage/her_n075.png,icon,나주 산신각 마애칠성도,,"museum-quality illustration of 나주 산신각 마애칠성도 (Ancient Historical Manuscript), made of Mulberry Hanji Paper & Ink, Late Joseon period, Joseon-era Korean ink-and-wash painting (sumukchaesaek) on aged hanji mulberry paper, muted mineral pigments (malachite green, azurite blue, ochre, cinnabar red, ink black), confident brush strokes with dry-brush texture, soft paper grain, restrained palette, in the manner of Kim Hong-do and Jeong Seon, single object centered, plain warm hanji background, soft ambient occlusion, clean silhouette, game item icon, 1:1 --ar 1:1 --style raw","photorealistic, 3d render, anime, chibi, western fantasy, neon, glossy plastic, text, watermark, signature, modern clothing, Chinese Qing costume, Manchu queue hairstyle, Japanese kimono, samurai armor, hakama, hanfu with crossed wide sleeves of Ming court, Japanese katana, multiple objects, hands, cluttered background",Ancient Historical Manuscript,Mulberry Hanji Paper & Ink
her_n076,res://assets/icons/heritage/her_n076.png,icon,광주 향교 대성전 목판,,"museum-quality illustration of 광주 향교 대성전 목판 (Ancient Historical Manuscript), made of Mulberry Hanji Paper & Ink, Late Joseon period, Joseon-era Korean ink-and-wash painting (sumukchaesaek) on aged hanji mulberry paper, muted mineral pigments (malachite green, azurite blue, ochre, cinnabar red, ink black), confident brush strokes with dry-brush texture, soft paper grain, restrained palette, in the manner of Kim Hong-do and Jeong Seon, single object centered, plain warm hanji background, soft ambient occlusion, clean silhouette, game item icon, 1:1 --ar 1:1 --style raw","photorealistic, 3d render, anime, chibi, western fantasy, neon, glossy plastic, text, watermark, signature, modern clothing, Chinese Qing costume, Manchu queue hairstyle, Japanese kimono, samurai armor, hakama, hanfu with crossed wide sleeves of Ming court, Japanese katana, multiple objects, hands, cluttered background",Ancient Historical Manuscript,Mulberry Hanji Paper & Ink
her_n080,res://assets/icons/heritage/her_n080.png,icon,동래 어사 순력기 고문서,,"museum-quality illustration of 동래 어사 순력기 고문서 (Ancient Historical Manuscript), made of Mulberry Hanji Paper & Ink, Late Joseon period, Joseon-era Korean ink-and-wash painting (sumukchaesaek) on aged hanji mulberry paper, muted mineral pigments (malachite green, azurite blue, ochre, cinnabar red, ink black), confident brush strokes with dry-brush texture, soft paper grain, restrained palette, in the manner of Kim Hong-do and Jeong Seon, single object centered, plain warm hanji background, soft ambient occlusion, clean silhouette, game item icon, 1:1 --ar 1:1 --style raw","photorealistic, 3d render, anime, chibi, western fantasy, neon, glossy plastic, text, watermark, signature, modern clothing, Chinese Qing costume, Manchu queue hairstyle, Japanese kimono, samurai armor, hakama, hanfu with crossed wide sleeves of Ming court, Japanese katana, multiple objects, hands, cluttered background",Ancient Historical Manuscript,Mulberry Hanji Paper & Ink
her_n092,res://assets/icons/heritage/her_n092.png,icon,경주 관아 동헌 현판 및 옥인,,"museum-quality illustration of 경주 관아 동헌 현판 및 옥인 (Ancient Historical Manuscript), made of Mulberry Hanji Paper & Ink, Late Joseon period, Joseon-era Korean ink-and-wash painting (sumukchaesaek) on aged hanji mulberry paper, muted mineral pigments (malachite green, azurite blue, ochre, cinnabar red, ink black), confident brush strokes with dry-brush texture, soft paper grain, restrained palette, in the manner of Kim Hong-do and Jeong Seon, single object centered, plain warm hanji background, soft ambient occlusion, clean silhouette, game item icon, 1:1 --ar 1:1 --style raw","photorealistic, 3d render, anime, chibi, western fantasy, neon, glossy plastic, text, watermark, signature, modern clothing, Chinese Qing costume, Manchu queue hairstyle, Japanese kimono, samurai armor, hakama, hanfu with crossed wide sleeves of Ming court, Japanese katana, multiple objects, hands, cluttered background",Ancient Historical Manuscript,Mulberry Hanji Paper & Ink
her_n095,res://assets/icons/heritage/her_n095.png,icon,경주 산신각 마애칠성도,,"museum-quality illustration of 경주 산신각 마애칠성도 (Ancient Historical Manuscript), made of Mulberry Hanji Paper & Ink, Late Joseon period, Joseon-era Korean ink-and-wash painting (sumukchaesaek) on aged hanji mulberry paper, muted mineral pigments (malachite green, azurite blue, ochre, cinnabar red, ink black), confident brush strokes with dry-brush texture, soft paper grain, restrained palette, in the manner of Kim Hong-do and Jeong Seon, single object centered, plain warm hanji background, soft ambient occlusion, clean silhouette, game item icon, 1:1 --ar 1:1 --style raw","photorealistic, 3d render, anime, chibi, western fantasy, neon, glossy plastic, text, watermark, signature, modern clothing, Chinese Qing costume, Manchu queue hairstyle, Japanese kimono, samurai armor, hakama, hanfu with crossed wide sleeves of Ming court, Japanese katana, multiple objects, hands, cluttered background",Ancient Historical Manuscript,Mulberry Hanji Paper & Ink
her_n096,res://assets/icons/heritage/her_n096.png,icon,대구 향교 대성전 목판,,"museum-quality illustration of 대구 향교 대성전 목판 (Ancient Historical Manuscript), made of Mulberry Hanji Paper & Ink, Late Joseon period, Joseon-era Korean ink-and-wash painting (sumukchaesaek) on aged hanji mulberry paper, muted mineral pigments (malachite green, azurite blue, ochre, cinnabar red, ink black), confident brush strokes with dry-brush texture, soft paper grain, restrained palette, in the manner of Kim Hong-do and Jeong Seon, single object centered, plain warm hanji background, soft ambient occlusion, clean silhouette, game item icon, 1:1 --ar 1:1 --style raw","photorealistic, 3d render, anime, chibi, western fantasy, neon, glossy plastic, text, watermark, signature, modern clothing, Chinese Qing costume, Manchu queue hairstyle, Japanese kimono, samurai armor, hakama, hanfu with crossed wide sleeves of Ming court, Japanese katana, multiple objects, hands, cluttered background",Ancient Historical Manuscript,Mulberry Hanji Paper & Ink
her_n100,res://assets/icons/heritage/her_n100.png,icon,남원 어사 순력기 고문서,,"museum-quality illustration of 남원 어사 순력기 고문서 (Ancient Historical Manuscript), made of Mulberry Hanji Paper & Ink, Late Joseon period, Joseon-era Korean ink-and-wash painting (sumukchaesaek) on aged hanji mulberry paper, muted mineral pigments (malachite green, azurite blue, ochre, cinnabar red, ink black), confident brush strokes with dry-brush texture, soft paper grain, restrained palette, in the manner of Kim Hong-do and Jeong Seon, single object centered, plain warm hanji background, soft ambient occlusion, clean silhouette, game item icon, 1:1 --ar 1:1 --style raw","photorealistic, 3d render, anime, chibi, western fantasy, neon, glossy plastic, text, watermark, signature, modern clothing, Chinese Qing costume, Manchu queue hairstyle, Japanese kimono, samurai armor, hakama, hanfu with crossed wide sleeves of Ming court, Japanese katana, multiple objects, hands, cluttered background",Ancient Historical Manuscript,Mulberry Hanji Paper & Ink
her_n104,res://assets/icons/heritage/her_n104.png,icon,전주 경기전 태조 이성계 어진,,"museum-quality illustration of 전주 경기전 태조 이성계 어진 (Ancient Historical Manuscript), made of Mulberry Hanji Paper & Ink, Early Joseon period, Joseon-era Korean ink-and-wash painting (sumukchaesaek) on aged hanji mulberry paper, muted mineral pigments (malachite green, azurite blue, ochre, cinnabar red, ink black), confident brush strokes with dry-brush texture, soft paper grain, restrained palette, in the manner of Kim Hong-do and Jeong Seon, single object centered, plain warm hanji background, soft ambient occlusion, clean silhouette, game item icon, 1:1 --ar 1:1 --style raw","photorealistic, 3d render, anime, chibi, western fantasy, neon, glossy plastic, text, watermark, signature, modern clothing, Chinese Qing costume, Manchu queue hairstyle, Japanese kimono, samurai armor, hakama, hanfu with crossed wide sleeves of Ming court, Japanese katana, multiple objects, hands, cluttered background",Ancient Historical Manuscript,Mulberry Hanji Paper & Ink
her_n113,res://assets/icons/heritage/her_n113.png,icon,전주 관아 동헌 현판 및 옥인,,"museum-quality illustration of 전주 관아 동헌 현판 및 옥인 (Ancient Historical Manuscript), made of Mulberry Hanji Paper & Ink, Late Joseon period, Joseon-era Korean ink-and-wash painting (sumukchaesaek) on aged hanji mulberry paper, muted mineral pigments (malachite green, azurite blue, ochre, cinnabar red, ink black), confident brush strokes with dry-brush texture, soft paper grain, restrained palette, in the manner of Kim Hong-do and Jeong Seon, single object centered, plain warm hanji background, soft ambient occlusion, clean silhouette, game item icon, 1:1 --ar 1:1 --style raw","photorealistic, 3d render, anime, chibi, western fantasy, neon, glossy plastic, text, watermark, signature, modern clothing, Chinese Qing costume, Manchu queue hairstyle, Japanese kimono, samurai armor, hakama, hanfu with crossed wide sleeves of Ming court, Japanese katana, multiple objects, hands, cluttered background",Ancient Historical Manuscript,Mulberry Hanji Paper & Ink
her_n116,res://assets/icons/heritage/her_n116.png,icon,전주 산신각 마애칠성도,,"museum-quality illustration of 전주 산신각 마애칠성도 (Ancient Historical Manuscript), made of Mulberry Hanji Paper & Ink, Late Joseon period, Joseon-era Korean ink-and-wash painting (sumukchaesaek) on aged hanji mulberry paper, muted mineral pigments (malachite green, azurite blue, ochre, cinnabar red, ink black), confident brush strokes with dry-brush texture, soft paper grain, restrained palette, in the manner of Kim Hong-do and Jeong Seon, single object centered, plain warm hanji background, soft ambient occlusion, clean silhouette, game item icon, 1:1 --ar 1:1 --style raw","photorealistic, 3d render, anime, chibi, western fantasy, neon, glossy plastic, text, watermark, signature, modern clothing, Chinese Qing costume, Manchu queue hairstyle, Japanese kimono, samurai armor, hakama, hanfu with crossed wide sleeves of Ming court, Japanese katana, multiple objects, hands, cluttered background",Ancient Historical Manuscript,Mulberry Hanji Paper & Ink
her_n117,res://assets/icons/heritage/her_n117.png,icon,익산 향교 대성전 목판,,"museum-quality illustration of 익산 향교 대성전 목판 (Ancient Historical Manuscript), made of Mulberry Hanji Paper & Ink, Late Joseon period, Joseon-era Korean ink-and-wash painting (sumukchaesaek) on aged hanji mulberry paper, muted mineral pigments (malachite green, azurite blue, ochre, cinnabar red, ink black), confident brush strokes with dry-brush texture, soft paper grain, restrained palette, in the manner of Kim Hong-do and Jeong Seon, single object centered, plain warm hanji background, soft ambient occlusion, clean silhouette, game item icon, 1:1 --ar 1:1 --style raw","photorealistic, 3d render, anime, chibi, western fantasy, neon, glossy plastic, text, watermark, signature, modern clothing, Chinese Qing costume, Manchu queue hairstyle, Japanese kimono, samurai armor, hakama, hanfu with crossed wide sleeves of Ming court, Japanese katana, multiple objects, hands, cluttered background",Ancient Historical Manuscript,Mulberry Hanji Paper & Ink
her_n121,res://assets/icons/heritage/her_n121.png,icon,영일 어사 순력기 고문서,,"museum-quality illustration of 영일 어사 순력기 고문서 (Ancient Historical Manuscript), made of Mulberry Hanji Paper & Ink, Late Joseon period, Joseon-era Korean ink-and-wash painting (sumukchaesaek) on aged hanji mulberry paper, muted mineral pigments (malachite green, azurite blue, ochre, cinnabar red, ink black), confident brush strokes with dry-brush texture, soft paper grain, restrained palette, in the manner of Kim Hong-do and Jeong Seon, single object centered, plain warm hanji background, soft ambient occlusion, clean silhouette, game item icon, 1:1 --ar 1:1 --style raw","photorealistic, 3d render, anime, chibi, western fantasy, neon, glossy plastic, text, watermark, signature, modern clothing, Chinese Qing costume, Manchu queue hairstyle, Japanese kimono, samurai armor, hakama, hanfu with crossed wide sleeves of Ming court, Japanese katana, multiple objects, hands, cluttered background",Ancient Historical Manuscript,Mulberry Hanji Paper & Ink
her_n133,res://assets/icons/heritage/her_n133.png,icon,공주 관아 동헌 현판 및 옥인,,"museum-quality illustration of 공주 관아 동헌 현판 및 옥인 (Ancient Historical Manuscript), made of Mulberry Hanji Paper & Ink, Late Joseon period, Joseon-era Korean ink-and-wash painting (sumukchaesaek) on aged hanji mulberry paper, muted mineral pigments (malachite green, azurite blue, ochre, cinnabar red, ink black), confident brush strokes with dry-brush texture, soft paper grain, restrained palette, in the manner of Kim Hong-do and Jeong Seon, single object centered, plain warm hanji background, soft ambient occlusion, clean silhouette, game item icon, 1:1 --ar 1:1 --style raw","photorealistic, 3d render, anime, chibi, western fantasy, neon, glossy plastic, text, watermark, signature, modern clothing, Chinese Qing costume, Manchu queue hairstyle, Japanese kimono, samurai armor, hakama, hanfu with crossed wide sleeves of Ming court, Japanese katana, multiple objects, hands, cluttered background",Ancient Historical Manuscript,Mulberry Hanji Paper & Ink
her_n136,res://assets/icons/heritage/her_n136.png,icon,공주 산신각 마애칠성도,,"museum-quality illustration of 공주 산신각 마애칠성도 (Ancient Historical Manuscript), made of Mulberry Hanji Paper & Ink, Late Joseon period, Joseon-era Korean ink-and-wash painting (sumukchaesaek) on aged hanji mulberry paper, muted mineral pigments (malachite green, azurite blue, ochre, cinnabar red, ink black), confident brush strokes with dry-brush texture, soft paper grain, restrained palette, in the manner of Kim Hong-do and Jeong Seon, single object centered, plain warm hanji background, soft ambient occlusion, clean silhouette, game item icon, 1:1 --ar 1:1 --style raw","photorealistic, 3d render, anime, chibi, western fantasy, neon, glossy plastic, text, watermark, signature, modern clothing, Chinese Qing costume, Manchu queue hairstyle, Japanese kimono, samurai armor, hakama, hanfu with crossed wide sleeves of Ming court, Japanese katana, multiple objects, hands, cluttered background",Ancient Historical Manuscript,Mulberry Hanji Paper & Ink
her_n137,res://assets/icons/heritage/her_n137.png,icon,부여 향교 대성전 목판,,"museum-quality illustration of 부여 향교 대성전 목판 (Ancient Historical Manuscript), made of Mulberry Hanji Paper & Ink, Late Joseon period, Joseon-era Korean ink-and-wash painting (sumukchaesaek) on aged hanji mulberry paper, muted mineral pigments (malachite green, azurite blue, ochre, cinnabar red, ink black), confident brush strokes with dry-brush texture, soft paper grain, restrained palette, in the manner of Kim Hong-do and Jeong Seon, single object centered, plain warm hanji background, soft ambient occlusion, clean silhouette, game item icon, 1:1 --ar 1:1 --style raw","photorealistic, 3d render, anime, chibi, western fantasy, neon, glossy plastic, text, watermark, signature, modern clothing, Chinese Qing costume, Manchu queue hairstyle, Japanese kimono, samurai armor, hakama, hanfu with crossed wide sleeves of Ming court, Japanese katana, multiple objects, hands, cluttered background",Ancient Historical Manuscript,Mulberry Hanji Paper & Ink
her_n141,res://assets/icons/heritage/her_n141.png,icon,안동 어사 순력기 고문서,,"museum-quality illustration of 안동 어사 순력기 고문서 (Ancient Historical Manuscript), made of Mulberry Hanji Paper & Ink, Late Joseon period, Joseon-era Korean ink-and-wash painting (sumukchaesaek) on aged hanji mulberry paper, muted mineral pigments (malachite green, azurite blue, ochre, cinnabar red, ink black), confident brush strokes with dry-brush texture, soft paper grain, restrained palette, in the manner of Kim Hong-do and Jeong Seon, single object centered, plain warm hanji background, soft ambient occlusion, clean silhouette, game item icon, 1:1 --ar 1:1 --style raw","photorealistic, 3d render, anime, chibi, western fantasy, neon, glossy plastic, text, watermark, signature, modern clothing, Chinese Qing costume, Manchu queue hairstyle, Japanese kimono, samurai armor, hakama, hanfu with crossed wide sleeves of Ming court, Japanese katana, multiple objects, hands, cluttered background",Ancient Historical Manuscript,Mulberry Hanji Paper & Ink
her_n148,res://assets/icons/heritage/her_n148.png,icon,청주 흥덕사지 직지심체요절 인판,,"museum-quality illustration of 청주 흥덕사지 직지심체요절 인판 (Ancient Historical Manuscript), made of Mulberry Hanji Paper & Ink, Early Joseon period, Joseon-era Korean ink-and-wash painting (sumukchaesaek) on aged hanji mulberry paper, muted mineral pigments (malachite green, azurite blue, ochre, cinnabar red, ink black), confident brush strokes with dry-brush texture, soft paper grain, restrained palette, in the manner of Kim Hong-do and Jeong Seon, single object centered, plain warm hanji background, soft ambient occlusion, clean silhouette, game item icon, 1:1 --ar 1:1 --style raw","photorealistic, 3d render, anime, chibi, western fantasy, neon, glossy plastic, text, watermark, signature, modern clothing, Chinese Qing costume, Manchu queue hairstyle, Japanese kimono, samurai armor, hakama, hanfu with crossed wide sleeves of Ming court, Japanese katana, multiple objects, hands, cluttered background",Ancient Historical Manuscript,Mulberry Hanji Paper & Ink
her_n152,res://assets/icons/heritage/her_n152.png,icon,옥천 이지당 조헌 유묵,,"museum-quality illustration of 옥천 이지당 조헌 유묵 (Ancient Historical Manuscript), made of Mulberry Hanji Paper & Ink, Mid Joseon period, Joseon-era Korean ink-and-wash painting (sumukchaesaek) on aged hanji mulberry paper, muted mineral pigments (malachite green, azurite blue, ochre, cinnabar red, ink black), confident brush strokes with dry-brush texture, soft paper grain, restrained palette, in the manner of Kim Hong-do and Jeong Seon, single object centered, plain warm hanji background, soft ambient occlusion, clean silhouette, game item icon, 1:1 --ar 1:1 --style raw","photorealistic, 3d render, anime, chibi, western fantasy, neon, glossy plastic, text, watermark, signature, modern clothing, Chinese Qing costume, Manchu queue hairstyle, Japanese kimono, samurai armor, hakama, hanfu with crossed wide sleeves of Ming court, Japanese katana, multiple objects, hands, cluttered background",Ancient Historical Manuscript,Mulberry Hanji Paper & Ink
her_n154,res://assets/icons/heritage/her_n154.png,icon,회덕 관아 동헌 현판 및 옥인,,"museum-quality illustration of 회덕 관아 동헌 현판 및 옥인 (Ancient Historical Manuscript), made of Mulberry Hanji Paper & Ink, Late Joseon period, Joseon-era Korean ink-and-wash painting (sumukchaesaek) on aged hanji mulberry paper, muted mineral pigments (malachite green, azurite blue, ochre, cinnabar red, ink black), confident brush strokes with dry-brush texture, soft paper grain, restrained palette, in the manner of Kim Hong-do and Jeong Seon, single object centered, plain warm hanji background, soft ambient occlusion, clean silhouette, game item icon, 1:1 --ar 1:1 --style raw","photorealistic, 3d render, anime, chibi, western fantasy, neon, glossy plastic, text, watermark, signature, modern clothing, Chinese Qing costume, Manchu queue hairstyle, Japanese kimono, samurai armor, hakama, hanfu with crossed wide sleeves of Ming court, Japanese katana, multiple objects, hands, cluttered background",Ancient Historical Manuscript,Mulberry Hanji Paper & Ink
her_n157,res://assets/icons/heritage/her_n157.png,icon,문경 산신각 마애칠성도,,"museum-quality illustration of 문경 산신각 마애칠성도 (Ancient Historical Manuscript), made of Mulberry Hanji Paper & Ink, Late Joseon period, Joseon-era Korean ink-and-wash painting (sumukchaesaek) on aged hanji mulberry paper, muted mineral pigments (malachite green, azurite blue, ochre, cinnabar red, ink black), confident brush strokes with dry-brush texture, soft paper grain, restrained palette, in the manner of Kim Hong-do and Jeong Seon, single object centered, plain warm hanji background, soft ambient occlusion, clean silhouette, game item icon, 1:1 --ar 1:1 --style raw","photorealistic, 3d render, anime, chibi, western fantasy, neon, glossy plastic, text, watermark, signature, modern clothing, Chinese Qing costume, Manchu queue hairstyle, Japanese kimono, samurai armor, hakama, hanfu with crossed wide sleeves of Ming court, Japanese katana, multiple objects, hands, cluttered background",Ancient Historical Manuscript,Mulberry Hanji Paper & Ink
her_n158,res://assets/icons/heritage/her_n158.png,icon,회덕 향교 대성전 목판,,"museum-quality illustration of 회덕 향교 대성전 목판 (Ancient Historical Manuscript), made of Mulberry Hanji Paper & Ink, Late Joseon period, Joseon-era Korean ink-and-wash painting (sumukchaesaek) on aged hanji mulberry paper, muted mineral pigments (malachite green, azurite blue, ochre, cinnabar red, ink black), confident brush strokes with dry-brush texture, soft paper grain, restrained palette, in the manner of Kim Hong-do and Jeong Seon, single object centered, plain warm hanji background, soft ambient occlusion, clean silhouette, game item icon, 1:1 --ar 1:1 --style raw","photorealistic, 3d render, anime, chibi, western fantasy, neon, glossy plastic, text, watermark, signature, modern clothing, Chinese Qing costume, Manchu queue hairstyle, Japanese kimono, samurai armor, hakama, hanfu with crossed wide sleeves of Ming court, Japanese katana, multiple objects, hands, cluttered background",Ancient Historical Manuscript,Mulberry Hanji Paper & Ink
her_n162,res://assets/icons/heritage/her_n162.png,icon,회덕 어사 순력기 고문서,,"museum-quality illustration of 회덕 어사 순력기 고문서 (Ancient Historical Manuscript), made of Mulberry Hanji Paper & Ink, Late Joseon period, Joseon-era Korean ink-and-wash painting (sumukchaesaek) on aged hanji mulberry paper, muted mineral pigments (malachite green, azurite blue, ochre, cinnabar red, ink black), confident brush strokes with dry-brush texture, soft paper grain, restrained palette, in the manner of Kim Hong-do and Jeong Seon, single object centered, plain warm hanji background, soft ambient occlusion, clean silhouette, game item icon, 1:1 --ar 1:1 --style raw","photorealistic, 3d render, anime, chibi, western fantasy, neon, glossy plastic, text, watermark, signature, modern clothing, Chinese Qing costume, Manchu queue hairstyle, Japanese kimono, samurai armor, hakama, hanfu with crossed wide sleeves of Ming court, Japanese katana, multiple objects, hands, cluttered background",Ancient Historical Manuscript,Mulberry Hanji Paper & Ink
her_n174,res://assets/icons/heritage/her_n174.png,icon,충주 관아 동헌 현판 및 옥인,,"museum-quality illustration of 충주 관아 동헌 현판 및 옥인 (Ancient Historical Manuscript), made of Mulberry Hanji Paper & Ink, Late Joseon period, Joseon-era Korean ink-and-wash painting (sumukchaesaek) on aged hanji mulberry paper, muted mineral pigments (malachite green, azurite blue, ochre, cinnabar red, ink black), confident brush strokes with dry-brush texture, soft paper grain, restrained palette, in the manner of Kim Hong-do and Jeong Seon, single object centered, plain warm hanji background, soft ambient occlusion, clean silhouette, game item icon, 1:1 --ar 1:1 --style raw","photorealistic, 3d render, anime, chibi, western fantasy, neon, glossy plastic, text, watermark, signature, modern clothing, Chinese Qing costume, Manchu queue hairstyle, Japanese kimono, samurai armor, hakama, hanfu with crossed wide sleeves of Ming court, Japanese katana, multiple objects, hands, cluttered background",Ancient Historical Manuscript,Mulberry Hanji Paper & Ink
her_n177,res://assets/icons/heritage/her_n177.png,icon,울진 산신각 마애칠성도,,"museum-quality illustration of 울진 산신각 마애칠성도 (Ancient Historical Manuscript), made of Mulberry Hanji Paper & Ink, Late Joseon period, Joseon-era Korean ink-and-wash painting (sumukchaesaek) on aged hanji mulberry paper, muted mineral pigments (malachite green, azurite blue, ochre, cinnabar red, ink black), confident brush strokes with dry-brush texture, soft paper grain, restrained palette, in the manner of Kim Hong-do and Jeong Seon, single object centered, plain warm hanji background, soft ambient occlusion, clean silhouette, game item icon, 1:1 --ar 1:1 --style raw","photorealistic, 3d render, anime, chibi, western fantasy, neon, glossy plastic, text, watermark, signature, modern clothing, Chinese Qing costume, Manchu queue hairstyle, Japanese kimono, samurai armor, hakama, hanfu with crossed wide sleeves of Ming court, Japanese katana, multiple objects, hands, cluttered background",Ancient Historical Manuscript,Mulberry Hanji Paper & Ink
her_n178,res://assets/icons/heritage/her_n178.png,icon,충주 향교 대성전 목판,,"museum-quality illustration of 충주 향교 대성전 목판 (Ancient Historical Manuscript), made of Mulberry Hanji Paper & Ink, Late Joseon period, Joseon-era Korean ink-and-wash painting (sumukchaesaek) on aged hanji mulberry paper, muted mineral pigments (malachite green, azurite blue, ochre, cinnabar red, ink black), confident brush strokes with dry-brush texture, soft paper grain, restrained palette, in the manner of Kim Hong-do and Jeong Seon, single object centered, plain warm hanji background, soft ambient occlusion, clean silhouette, game item icon, 1:1 --ar 1:1 --style raw","photorealistic, 3d render, anime, chibi, western fantasy, neon, glossy plastic, text, watermark, signature, modern clothing, Chinese Qing costume, Manchu queue hairstyle, Japanese kimono, samurai armor, hakama, hanfu with crossed wide sleeves of Ming court, Japanese katana, multiple objects, hands, cluttered background",Ancient Historical Manuscript,Mulberry Hanji Paper & Ink
her_n182,res://assets/icons/heritage/her_n182.png,icon,충주 어사 순력기 고문서,,"museum-quality illustration of 충주 어사 순력기 고문서 (Ancient Historical Manuscript), made of Mulberry Hanji Paper & Ink, Late Joseon period, Joseon-era Korean ink-and-wash painting (sumukchaesaek) on aged hanji mulberry paper, muted mineral pigments (malachite green, azurite blue, ochre, cinnabar red, ink black), confident brush strokes with dry-brush texture, soft paper grain, restrained palette, in the manner of Kim Hong-do and Jeong Seon, single object centered, plain warm hanji background, soft ambient occlusion, clean silhouette, game item icon, 1:1 --ar 1:1 --style raw","photorealistic, 3d render, anime, chibi, western fantasy, neon, glossy plastic, text, watermark, signature, modern clothing, Chinese Qing costume, Manchu queue hairstyle, Japanese kimono, samurai armor, hakama, hanfu with crossed wide sleeves of Ming court, Japanese katana, multiple objects, hands, cluttered background",Ancient Historical Manuscript,Mulberry Hanji Paper & Ink
her_n191,res://assets/icons/heritage/her_n191.png,icon,당진 신리성지 다블뤼 주교 유품,,"museum-quality illustration of 당진 신리성지 다블뤼 주교 유품 (Ancient Historical Manuscript), made of Mulberry Hanji Paper & Ink, Late Joseon period, Joseon-era Korean ink-and-wash painting (sumukchaesaek) on aged hanji mulberry paper, muted mineral pigments (malachite green, azurite blue, ochre, cinnabar red, ink black), confident brush strokes with dry-brush texture, soft paper grain, restrained palette, in the manner of Kim Hong-do and Jeong Seon, single object centered, plain warm hanji background, soft ambient occlusion, clean silhouette, game item icon, 1:1 --ar 1:1 --style raw","photorealistic, 3d render, anime, chibi, western fantasy, neon, glossy plastic, text, watermark, signature, modern clothing, Chinese Qing costume, Manchu queue hairstyle, Japanese kimono, samurai armor, hakama, hanfu with crossed wide sleeves of Ming court, Japanese katana, multiple objects, hands, cluttered background",Ancient Historical Manuscript,Mulberry Hanji Paper & Ink
her_n194,res://assets/icons/heritage/her_n194.png,icon,수원 관아 동헌 현판 및 옥인,,"museum-quality illustration of 수원 관아 동헌 현판 및 옥인 (Ancient Historical Manuscript), made of Mulberry Hanji Paper & Ink, Late Joseon period, Joseon-era Korean ink-and-wash painting (sumukchaesaek) on aged hanji mulberry paper, muted mineral pigments (malachite green, azurite blue, ochre, cinnabar red, ink black), confident brush strokes with dry-brush texture, soft paper grain, restrained palette, in the manner of Kim Hong-do and Jeong Seon, single object centered, plain warm hanji background, soft ambient occlusion, clean silhouette, game item icon, 1:1 --ar 1:1 --style raw","photorealistic, 3d render, anime, chibi, western fantasy, neon, glossy plastic, text, watermark, signature, modern clothing, Chinese Qing costume, Manchu queue hairstyle, Japanese kimono, samurai armor, hakama, hanfu with crossed wide sleeves of Ming court, Japanese katana, multiple objects, hands, cluttered background",Ancient Historical Manuscript,Mulberry Hanji Paper & Ink
her_n197,res://assets/icons/heritage/her_n197.png,icon,서산 산신각 마애칠성도,,"museum-quality illustration of 서산 산신각 마애칠성도 (Ancient Historical Manuscript), made of Mulberry Hanji Paper & Ink, Late Joseon period, Joseon-era Korean ink-and-wash painting (sumukchaesaek) on aged hanji mulberry paper, muted mineral pigments (malachite green, azurite blue, ochre, cinnabar red, ink black), confident brush strokes with dry-brush texture, soft paper grain, restrained palette, in the manner of Kim Hong-do and Jeong Seon, single object centered, plain warm hanji background, soft ambient occlusion, clean silhouette, game item icon, 1:1 --ar 1:1 --style raw","photorealistic, 3d render, anime, chibi, western fantasy, neon, glossy plastic, text, watermark, signature, modern clothing, Chinese Qing costume, Manchu queue hairstyle, Japanese kimono, samurai armor, hakama, hanfu with crossed wide sleeves of Ming court, Japanese katana, multiple objects, hands, cluttered background",Ancient Historical Manuscript,Mulberry Hanji Paper & Ink
her_n198,res://assets/icons/heritage/her_n198.png,icon,수원 향교 대성전 목판,,"museum-quality illustration of 수원 향교 대성전 목판 (Ancient Historical Manuscript), made of Mulberry Hanji Paper & Ink, Late Joseon period, Joseon-era Korean ink-and-wash painting (sumukchaesaek) on aged hanji mulberry paper, muted mineral pigments (malachite green, azurite blue, ochre, cinnabar red, ink black), confident brush strokes with dry-brush texture, soft paper grain, restrained palette, in the manner of Kim Hong-do and Jeong Seon, single object centered, plain warm hanji background, soft ambient occlusion, clean silhouette, game item icon, 1:1 --ar 1:1 --style raw","photorealistic, 3d render, anime, chibi, western fantasy, neon, glossy plastic, text, watermark, signature, modern clothing, Chinese Qing costume, Manchu queue hairstyle, Japanese kimono, samurai armor, hakama, hanfu with crossed wide sleeves of Ming court, Japanese katana, multiple objects, hands, cluttered background",Ancient Historical Manuscript,Mulberry Hanji Paper & Ink
her_n202,res://assets/icons/heritage/her_n202.png,icon,수원 어사 순력기 고문서,,"museum-quality illustration of 수원 어사 순력기 고문서 (Ancient Historical Manuscript), made of Mulberry Hanji Paper & Ink, Late Joseon period, Joseon-era Korean ink-and-wash painting (sumukchaesaek) on aged hanji mulberry paper, muted mineral pigments (malachite green, azurite blue, ochre, cinnabar red, ink black), confident brush strokes with dry-brush texture, soft paper grain, restrained palette, in the manner of Kim Hong-do and Jeong Seon, single object centered, plain warm hanji background, soft ambient occlusion, clean silhouette, game item icon, 1:1 --ar 1:1 --style raw","photorealistic, 3d render, anime, chibi, western fantasy, neon, glossy plastic, text, watermark, signature, modern clothing, Chinese Qing costume, Manchu queue hairstyle, Japanese kimono, samurai armor, hakama, hanfu with crossed wide sleeves of Ming court, Japanese katana, multiple objects, hands, cluttered background",Ancient Historical Manuscript,Mulberry Hanji Paper & Ink
her_n208,res://assets/icons/heritage/her_n208.png,icon,훈민정음 해례본(간송본),,"museum-quality illustration of 훈민정음 해례본(간송본) (Ancient Historical Manuscript), made of Mulberry Hanji Paper & Ink, Mid Joseon period, Joseon-era Korean ink-and-wash painting (sumukchaesaek) on aged hanji mulberry paper, muted mineral pigments (malachite green, azurite blue, ochre, cinnabar red, ink black), confident brush strokes with dry-brush texture, soft paper grain, restrained palette, in the manner of Kim Hong-do and Jeong Seon, single object centered, plain warm hanji background, soft ambient occlusion, clean silhouette, game item icon, 1:1 --ar 1:1 --style raw","photorealistic, 3d render, anime, chibi, western fantasy, neon, glossy plastic, text, watermark, signature, modern clothing, Chinese Qing costume, Manchu queue hairstyle, Japanese kimono, samurai armor, hakama, hanfu with crossed wide sleeves of Ming court, Japanese katana, multiple objects, hands, cluttered background",Ancient Historical Manuscript,Mulberry Hanji Paper & Ink
her_n209,res://assets/icons/heritage/her_n209.png,icon,조선왕조실록 태백산사고본,,"museum-quality illustration of 조선왕조실록 태백산사고본 (Ancient Historical Manuscript), made of Mulberry Hanji Paper & Ink, Early Joseon period, Joseon-era Korean ink-and-wash painting (sumukchaesaek) on aged hanji mulberry paper, muted mineral pigments (malachite green, azurite blue, ochre, cinnabar red, ink black), confident brush strokes with dry-brush texture, soft paper grain, restrained palette, in the manner of Kim Hong-do and Jeong Seon, single object centered, plain warm hanji background, soft ambient occlusion, clean silhouette, game item icon, 1:1 --ar 1:1 --style raw","photorealistic, 3d render, anime, chibi, western fantasy, neon, glossy plastic, text, watermark, signature, modern clothing, Chinese Qing costume, Manchu queue hairstyle, Japanese kimono, samurai armor, hakama, hanfu with crossed wide sleeves of Ming court, Japanese katana, multiple objects, hands, cluttered background",Ancient Historical Manuscript,Mulberry Hanji Paper & Ink
her_n213,res://assets/icons/heritage/her_n213.png,icon,강릉 오죽헌 신사임당 초충도 병풍,,"museum-quality illustration of 강릉 오죽헌 신사임당 초충도 병풍 (Ancient Historical Manuscript), made of Mulberry Hanji Paper & Ink, Mid Joseon period, Joseon-era Korean ink-and-wash painting (sumukchaesaek) on aged hanji mulberry paper, muted mineral pigments (malachite green, azurite blue, ochre, cinnabar red, ink black), confident brush strokes with dry-brush texture, soft paper grain, restrained palette, in the manner of Kim Hong-do and Jeong Seon, single object centered, plain warm hanji background, soft ambient occlusion, clean silhouette, game item icon, 1:1 --ar 1:1 --style raw","photorealistic, 3d render, anime, chibi, western fantasy, neon, glossy plastic, text, watermark, signature, modern clothing, Chinese Qing costume, Manchu queue hairstyle, Japanese kimono, samurai armor, hakama, hanfu with crossed wide sleeves of Ming court, Japanese katana, multiple objects, hands, cluttered background",Ancient Historical Manuscript,Mulberry Hanji Paper & Ink
her_n214,res://assets/icons/heritage/her_n214.png,icon,한양 관아 동헌 현판 및 옥인,,"museum-quality illustration of 한양 관아 동헌 현판 및 옥인 (Ancient Historical Manuscript), made of Mulberry Hanji Paper & Ink, Late Joseon period, Joseon-era Korean ink-and-wash painting (sumukchaesaek) on aged hanji mulberry paper, muted mineral pigments (malachite green, azurite blue, ochre, cinnabar red, ink black), confident brush strokes with dry-brush texture, soft paper grain, restrained palette, in the manner of Kim Hong-do and Jeong Seon, single object centered, plain warm hanji background, soft ambient occlusion, clean silhouette, game item icon, 1:1 --ar 1:1 --style raw","photorealistic, 3d render, anime, chibi, western fantasy, neon, glossy plastic, text, watermark, signature, modern clothing, Chinese Qing costume, Manchu queue hairstyle, Japanese kimono, samurai armor, hakama, hanfu with crossed wide sleeves of Ming court, Japanese katana, multiple objects, hands, cluttered background",Ancient Historical Manuscript,Mulberry Hanji Paper & Ink
her_n217,res://assets/icons/heritage/her_n217.png,icon,강릉 산신각 마애칠성도,,"museum-quality illustration of 강릉 산신각 마애칠성도 (Ancient Historical Manuscript), made of Mulberry Hanji Paper & Ink, Late Joseon period, Joseon-era Korean ink-and-wash painting (sumukchaesaek) on aged hanji mulberry paper, muted mineral pigments (malachite green, azurite blue, ochre, cinnabar red, ink black), confident brush strokes with dry-brush texture, soft paper grain, restrained palette, in the manner of Kim Hong-do and Jeong Seon, single object centered, plain warm hanji background, soft ambient occlusion, clean silhouette, game item icon, 1:1 --ar 1:1 --style raw","photorealistic, 3d render, anime, chibi, western fantasy, neon, glossy plastic, text, watermark, signature, modern clothing, Chinese Qing costume, Manchu queue hairstyle, Japanese kimono, samurai armor, hakama, hanfu with crossed wide sleeves of Ming court, Japanese katana, multiple objects, hands, cluttered background",Ancient Historical Manuscript,Mulberry Hanji Paper & Ink
her_n218,res://assets/icons/heritage/her_n218.png,icon,한양 향교 대성전 목판,,"museum-quality illustration of 한양 향교 대성전 목판 (Ancient Historical Manuscript), made of Mulberry Hanji Paper & Ink, Late Joseon period, Joseon-era Korean ink-and-wash painting (sumukchaesaek) on aged hanji mulberry paper, muted mineral pigments (malachite green, azurite blue, ochre, cinnabar red, ink black), confident brush strokes with dry-brush texture, soft paper grain, restrained palette, in the manner of Kim Hong-do and Jeong Seon, single object centered, plain warm hanji background, soft ambient occlusion, clean silhouette, game item icon, 1:1 --ar 1:1 --style raw","photorealistic, 3d render, anime, chibi, western fantasy, neon, glossy plastic, text, watermark, signature, modern clothing, Chinese Qing costume, Manchu queue hairstyle, Japanese kimono, samurai armor, hakama, hanfu with crossed wide sleeves of Ming court, Japanese katana, multiple objects, hands, cluttered background",Ancient Historical Manuscript,Mulberry Hanji Paper & Ink
her_n222,res://assets/icons/heritage/her_n222.png,icon,한양 어사 순력기 고문서,,"museum-quality illustration of 한양 어사 순력기 고문서 (Ancient Historical Manuscript), made of Mulberry Hanji Paper & Ink, Late Joseon period, Joseon-era Korean ink-and-wash painting (sumukchaesaek) on aged hanji mulberry paper, muted mineral pigments (malachite green, azurite blue, ochre, cinnabar red, ink black), confident brush strokes with dry-brush texture, soft paper grain, restrained palette, in the manner of Kim Hong-do and Jeong Seon, single object centered, plain warm hanji background, soft ambient occlusion, clean silhouette, game item icon, 1:1 --ar 1:1 --style raw","photorealistic, 3d render, anime, chibi, western fantasy, neon, glossy plastic, text, watermark, signature, modern clothing, Chinese Qing costume, Manchu queue hairstyle, Japanese kimono, samurai armor, hakama, hanfu with crossed wide sleeves of Ming court, Japanese katana, multiple objects, hands, cluttered background",Ancient Historical Manuscript,Mulberry Hanji Paper & Ink
her_n234,res://assets/icons/heritage/her_n234.png,icon,화천 비수구미 산신각 마애부적,,"museum-quality illustration of 화천 비수구미 산신각 마애부적 (Ancient Historical Manuscript), made of Mulberry Hanji Paper & Ink, Late Joseon period, Joseon-era Korean ink-and-wash painting (sumukchaesaek) on aged hanji mulberry paper, muted mineral pigments (malachite green, azurite blue, ochre, cinnabar red, ink black), confident brush strokes with dry-brush texture, soft paper grain, restrained palette, in the manner of Kim Hong-do and Jeong Seon, single object centered, plain warm hanji background, soft ambient occlusion, clean silhouette, game item icon, 1:1 --ar 1:1 --style raw","photorealistic, 3d render, anime, chibi, western fantasy, neon, glossy plastic, text, watermark, signature, modern clothing, Chinese Qing costume, Manchu queue hairstyle, Japanese kimono, samurai armor, hakama, hanfu with crossed wide sleeves of Ming court, Japanese katana, multiple objects, hands, cluttered background",Ancient Historical Manuscript,Mulberry Hanji Paper & Ink
her_n235,res://assets/icons/heritage/her_n235.png,icon,파주 관아 동헌 현판 및 옥인,,"museum-quality illustration of 파주 관아 동헌 현판 및 옥인 (Ancient Historical Manuscript), made of Mulberry Hanji Paper & Ink, Late Joseon period, Joseon-era Korean ink-and-wash painting (sumukchaesaek) on aged hanji mulberry paper, muted mineral pigments (malachite green, azurite blue, ochre, cinnabar red, ink black), confident brush strokes with dry-brush texture, soft paper grain, restrained palette, in the manner of Kim Hong-do and Jeong Seon, single object centered, plain warm hanji background, soft ambient occlusion, clean silhouette, game item icon, 1:1 --ar 1:1 --style raw","photorealistic, 3d render, anime, chibi, western fantasy, neon, glossy plastic, text, watermark, signature, modern clothing, Chinese Qing costume, Manchu queue hairstyle, Japanese kimono, samurai armor, hakama, hanfu with crossed wide sleeves of Ming court, Japanese katana, multiple objects, hands, cluttered background",Ancient Historical Manuscript,Mulberry Hanji Paper & Ink
her_n238,res://assets/icons/heritage/her_n238.png,icon,양양 산신각 마애칠성도,,"museum-quality illustration of 양양 산신각 마애칠성도 (Ancient Historical Manuscript), made of Mulberry Hanji Paper & Ink, Late Joseon period, Joseon-era Korean ink-and-wash painting (sumukchaesaek) on aged hanji mulberry paper, muted mineral pigments (malachite green, azurite blue, ochre, cinnabar red, ink black), confident brush strokes with dry-brush texture, soft paper grain, restrained palette, in the manner of Kim Hong-do and Jeong Seon, single object centered, plain warm hanji background, soft ambient occlusion, clean silhouette, game item icon, 1:1 --ar 1:1 --style raw","photorealistic, 3d render, anime, chibi, western fantasy, neon, glossy plastic, text, watermark, signature, modern clothing, Chinese Qing costume, Manchu queue hairstyle, Japanese kimono, samurai armor, hakama, hanfu with crossed wide sleeves of Ming court, Japanese katana, multiple objects, hands, cluttered background",Ancient Historical Manuscript,Mulberry Hanji Paper & Ink
her_n239,res://assets/icons/heritage/her_n239.png,icon,파주 향교 대성전 목판,,"museum-quality illustration of 파주 향교 대성전 목판 (Ancient Historical Manuscript), made of Mulberry Hanji Paper & Ink, Late Joseon period, Joseon-era Korean ink-and-wash painting (sumukchaesaek) on aged hanji mulberry paper, muted mineral pigments (malachite green, azurite blue, ochre, cinnabar red, ink black), confident brush strokes with dry-brush texture, soft paper grain, restrained palette, in the manner of Kim Hong-do and Jeong Seon, single object centered, plain warm hanji background, soft ambient occlusion, clean silhouette, game item icon, 1:1 --ar 1:1 --style raw","photorealistic, 3d render, anime, chibi, western fantasy, neon, glossy plastic, text, watermark, signature, modern clothing, Chinese Qing costume, Manchu queue hairstyle, Japanese kimono, samurai armor, hakama, hanfu with crossed wide sleeves of Ming court, Japanese katana, multiple objects, hands, cluttered background",Ancient Historical Manuscript,Mulberry Hanji Paper & Ink
her_n243,res://assets/icons/heritage/her_n243.png,icon,파주 어사 순력기 고문서,,"museum-quality illustration of 파주 어사 순력기 고문서 (Ancient Historical Manuscript), made of Mulberry Hanji Paper & Ink, Late Joseon period, Joseon-era Korean ink-and-wash painting (sumukchaesaek) on aged hanji mulberry paper, muted mineral pigments (malachite green, azurite blue, ochre, cinnabar red, ink black), confident brush strokes with dry-brush texture, soft paper grain, restrained palette, in the manner of Kim Hong-do and Jeong Seon, single object centered, plain warm hanji background, soft ambient occlusion, clean silhouette, game item icon, 1:1 --ar 1:1 --style raw","photorealistic, 3d render, anime, chibi, western fantasy, neon, glossy plastic, text, watermark, signature, modern clothing, Chinese Qing costume, Manchu queue hairstyle, Japanese kimono, samurai armor, hakama, hanfu with crossed wide sleeves of Ming court, Japanese katana, multiple objects, hands, cluttered background",Ancient Historical Manuscript,Mulberry Hanji Paper & Ink
her_n255,res://assets/icons/heritage/her_n255.png,icon,개성 관아 동헌 현판 및 옥인,,"museum-quality illustration of 개성 관아 동헌 현판 및 옥인 (Ancient Historical Manuscript), made of Mulberry Hanji Paper & Ink, Late Joseon period, Joseon-era Korean ink-and-wash painting (sumukchaesaek) on aged hanji mulberry paper, muted mineral pigments (malachite green, azurite blue, ochre, cinnabar red, ink black), confident brush strokes with dry-brush texture, soft paper grain, restrained palette, in the manner of Kim Hong-do and Jeong Seon, single object centered, plain warm hanji background, soft ambient occlusion, clean silhouette, game item icon, 1:1 --ar 1:1 --style raw","photorealistic, 3d render, anime, chibi, western fantasy, neon, glossy plastic, text, watermark, signature, modern clothing, Chinese Qing costume, Manchu queue hairstyle, Japanese kimono, samurai armor, hakama, hanfu with crossed wide sleeves of Ming court, Japanese katana, multiple objects, hands, cluttered background",Ancient Historical Manuscript,Mulberry Hanji Paper & Ink
her_n258,res://assets/icons/heritage/her_n258.png,icon,김화 산신각 마애칠성도,,"museum-quality illustration of 김화 산신각 마애칠성도 (Ancient Historical Manuscript), made of Mulberry Hanji Paper & Ink, Late Joseon period, Joseon-era Korean ink-and-wash painting (sumukchaesaek) on aged hanji mulberry paper, muted mineral pigments (malachite green, azurite blue, ochre, cinnabar red, ink black), confident brush strokes with dry-brush texture, soft paper grain, restrained palette, in the manner of Kim Hong-do and Jeong Seon, single object centered, plain warm hanji background, soft ambient occlusion, clean silhouette, game item icon, 1:1 --ar 1:1 --style raw","photorealistic, 3d render, anime, chibi, western fantasy, neon, glossy plastic, text, watermark, signature, modern clothing, Chinese Qing costume, Manchu queue hairstyle, Japanese kimono, samurai armor, hakama, hanfu with crossed wide sleeves of Ming court, Japanese katana, multiple objects, hands, cluttered background",Ancient Historical Manuscript,Mulberry Hanji Paper & Ink
her_n259,res://assets/icons/heritage/her_n259.png,icon,통천 향교 대성전 목판,,"museum-quality illustration of 통천 향교 대성전 목판 (Ancient Historical Manuscript), made of Mulberry Hanji Paper & Ink, Late Joseon period, Joseon-era Korean ink-and-wash painting (sumukchaesaek) on aged hanji mulberry paper, muted mineral pigments (malachite green, azurite blue, ochre, cinnabar red, ink black), confident brush strokes with dry-brush texture, soft paper grain, restrained palette, in the manner of Kim Hong-do and Jeong Seon, single object centered, plain warm hanji background, soft ambient occlusion, clean silhouette, game item icon, 1:1 --ar 1:1 --style raw","photorealistic, 3d render, anime, chibi, western fantasy, neon, glossy plastic, text, watermark, signature, modern clothing, Chinese Qing costume, Manchu queue hairstyle, Japanese kimono, samurai armor, hakama, hanfu with crossed wide sleeves of Ming court, Japanese katana, multiple objects, hands, cluttered background",Ancient Historical Manuscript,Mulberry Hanji Paper & Ink
her_n263,res://assets/icons/heritage/her_n263.png,icon,김화 어사 순력기 고문서,,"museum-quality illustration of 김화 어사 순력기 고문서 (Ancient Historical Manuscript), made of Mulberry Hanji Paper & Ink, Late Joseon period, Joseon-era Korean ink-and-wash painting (sumukchaesaek) on aged hanji mulberry paper, muted mineral pigments (malachite green, azurite blue, ochre, cinnabar red, ink black), confident brush strokes with dry-brush texture, soft paper grain, restrained palette, in the manner of Kim Hong-do and Jeong Seon, single object centered, plain warm hanji background, soft ambient occlusion, clean silhouette, game item icon, 1:1 --ar 1:1 --style raw","photorealistic, 3d render, anime, chibi, western fantasy, neon, glossy plastic, text, watermark, signature, modern clothing, Chinese Qing costume, Manchu queue hairstyle, Japanese kimono, samurai armor, hakama, hanfu with crossed wide sleeves of Ming court, Japanese katana, multiple objects, hands, cluttered background",Ancient Historical Manuscript,Mulberry Hanji Paper & Ink
her_n273,res://assets/icons/heritage/her_n273.png,icon,재령 강선루 현판,,"museum-quality illustration of 재령 강선루 현판 (Ancient Historical Manuscript), made of Mulberry Hanji Paper & Ink, Late Joseon period, Joseon-era Korean ink-and-wash painting (sumukchaesaek) on aged hanji mulberry paper, muted mineral pigments (malachite green, azurite blue, ochre, cinnabar red, ink black), confident brush strokes with dry-brush texture, soft paper grain, restrained palette, in the manner of Kim Hong-do and Jeong Seon, single object centered, plain warm hanji background, soft ambient occlusion, clean silhouette, game item icon, 1:1 --ar 1:1 --style raw","photorealistic, 3d render, anime, chibi, western fantasy, neon, glossy plastic, text, watermark, signature, modern clothing, Chinese Qing costume, Manchu queue hairstyle, Japanese kimono, samurai armor, hakama, hanfu with crossed wide sleeves of Ming court, Japanese katana, multiple objects, hands, cluttered background",Ancient Historical Manuscript,Mulberry Hanji Paper & Ink
her_n275,res://assets/icons/heritage/her_n275.png,icon,해주 관아 동헌 현판 및 옥인,,"museum-quality illustration of 해주 관아 동헌 현판 및 옥인 (Ancient Historical Manuscript), made of Mulberry Hanji Paper & Ink, Late Joseon period, Joseon-era Korean ink-and-wash painting (sumukchaesaek) on aged hanji mulberry paper, muted mineral pigments (malachite green, azurite blue, ochre, cinnabar red, ink black), confident brush strokes with dry-brush texture, soft paper grain, restrained palette, in the manner of Kim Hong-do and Jeong Seon, single object centered, plain warm hanji background, soft ambient occlusion, clean silhouette, game item icon, 1:1 --ar 1:1 --style raw","photorealistic, 3d render, anime, chibi, western fantasy, neon, glossy plastic, text, watermark, signature, modern clothing, Chinese Qing costume, Manchu queue hairstyle, Japanese kimono, samurai armor, hakama, hanfu with crossed wide sleeves of Ming court, Japanese katana, multiple objects, hands, cluttered background",Ancient Historical Manuscript,Mulberry Hanji Paper & Ink
her_n278,res://assets/icons/heritage/her_n278.png,icon,재령 산신각 마애칠성도,,"museum-quality illustration of 재령 산신각 마애칠성도 (Ancient Historical Manuscript), made of Mulberry Hanji Paper & Ink, Late Joseon period, Joseon-era Korean ink-and-wash painting (sumukchaesaek) on aged hanji mulberry paper, muted mineral pigments (malachite green, azurite blue, ochre, cinnabar red, ink black), confident brush strokes with dry-brush texture, soft paper grain, restrained palette, in the manner of Kim Hong-do and Jeong Seon, single object centered, plain warm hanji background, soft ambient occlusion, clean silhouette, game item icon, 1:1 --ar 1:1 --style raw","photorealistic, 3d render, anime, chibi, western fantasy, neon, glossy plastic, text, watermark, signature, modern clothing, Chinese Qing costume, Manchu queue hairstyle, Japanese kimono, samurai armor, hakama, hanfu with crossed wide sleeves of Ming court, Japanese katana, multiple objects, hands, cluttered background",Ancient Historical Manuscript,Mulberry Hanji Paper & Ink
her_n279,res://assets/icons/heritage/her_n279.png,icon,해주 향교 대성전 목판,,"museum-quality illustration of 해주 향교 대성전 목판 (Ancient Historical Manuscript), made of Mulberry Hanji Paper & Ink, Late Joseon period, Joseon-era Korean ink-and-wash painting (sumukchaesaek) on aged hanji mulberry paper, muted mineral pigments (malachite green, azurite blue, ochre, cinnabar red, ink black), confident brush strokes with dry-brush texture, soft paper grain, restrained palette, in the manner of Kim Hong-do and Jeong Seon, single object centered, plain warm hanji background, soft ambient occlusion, clean silhouette, game item icon, 1:1 --ar 1:1 --style raw","photorealistic, 3d render, anime, chibi, western fantasy, neon, glossy plastic, text, watermark, signature, modern clothing, Chinese Qing costume, Manchu queue hairstyle, Japanese kimono, samurai armor, hakama, hanfu with crossed wide sleeves of Ming court, Japanese katana, multiple objects, hands, cluttered background",Ancient Historical Manuscript,Mulberry Hanji Paper & Ink
her_n283,res://assets/icons/heritage/her_n283.png,icon,해주 어사 순력기 고문서,,"museum-quality illustration of 해주 어사 순력기 고문서 (Ancient Historical Manuscript), made of Mulberry Hanji Paper & Ink, Late Joseon period, Joseon-era Korean ink-and-wash painting (sumukchaesaek) on aged hanji mulberry paper, muted mineral pigments (malachite green, azurite blue, ochre, cinnabar red, ink black), confident brush strokes with dry-brush texture, soft paper grain, restrained palette, in the manner of Kim Hong-do and Jeong Seon, single object centered, plain warm hanji background, soft ambient occlusion, clean silhouette, game item icon, 1:1 --ar 1:1 --style raw","photorealistic, 3d render, anime, chibi, western fantasy, neon, glossy plastic, text, watermark, signature, modern clothing, Chinese Qing costume, Manchu queue hairstyle, Japanese kimono, samurai armor, hakama, hanfu with crossed wide sleeves of Ming court, Japanese katana, multiple objects, hands, cluttered background",Ancient Historical Manuscript,Mulberry Hanji Paper & Ink
her_n288,res://assets/icons/heritage/her_n288.png,icon,강서대묘 고구려 사신도 벽화,,"museum-quality illustration of 강서대묘 고구려 사신도 벽화 (Ancient Historical Manuscript), made of Mulberry Hanji Paper & Ink, Mid Joseon period, Joseon-era Korean ink-and-wash painting (sumukchaesaek) on aged hanji mulberry paper, muted mineral pigments (malachite green, azurite blue, ochre, cinnabar red, ink black), confident brush strokes with dry-brush texture, soft paper grain, restrained palette, in the manner of Kim Hong-do and Jeong Seon, single object centered, plain warm hanji background, soft ambient occlusion, clean silhouette, game item icon, 1:1 --ar 1:1 --style raw","photorealistic, 3d render, anime, chibi, western fantasy, neon, glossy plastic, text, watermark, signature, modern clothing, Chinese Qing costume, Manchu queue hairstyle, Japanese kimono, samurai armor, hakama, hanfu with crossed wide sleeves of Ming court, Japanese katana, multiple objects, hands, cluttered background",Ancient Historical Manuscript,Mulberry Hanji Paper & Ink
her_n295,res://assets/icons/heritage/her_n295.png,icon,평양 관아 동헌 현판 및 옥인,,"museum-quality illustration of 평양 관아 동헌 현판 및 옥인 (Ancient Historical Manuscript), made of Mulberry Hanji Paper & Ink, Late Joseon period, Joseon-era Korean ink-and-wash painting (sumukchaesaek) on aged hanji mulberry paper, muted mineral pigments (malachite green, azurite blue, ochre, cinnabar red, ink black), confident brush strokes with dry-brush texture, soft paper grain, restrained palette, in the manner of Kim Hong-do and Jeong Seon, single object centered, plain warm hanji background, soft ambient occlusion, clean silhouette, game item icon, 1:1 --ar 1:1 --style raw","photorealistic, 3d render, anime, chibi, western fantasy, neon, glossy plastic, text, watermark, signature, modern clothing, Chinese Qing costume, Manchu queue hairstyle, Japanese kimono, samurai armor, hakama, hanfu with crossed wide sleeves of Ming court, Japanese katana, multiple objects, hands, cluttered background",Ancient Historical Manuscript,Mulberry Hanji Paper & Ink
her_n298,res://assets/icons/heritage/her_n298.png,icon,강서 산신각 마애칠성도,,"museum-quality illustration of 강서 산신각 마애칠성도 (Ancient Historical Manuscript), made of Mulberry Hanji Paper & Ink, Late Joseon period, Joseon-era Korean ink-and-wash painting (sumukchaesaek) on aged hanji mulberry paper, muted mineral pigments (malachite green, azurite blue, ochre, cinnabar red, ink black), confident brush strokes with dry-brush texture, soft paper grain, restrained palette, in the manner of Kim Hong-do and Jeong Seon, single object centered, plain warm hanji background, soft ambient occlusion, clean silhouette, game item icon, 1:1 --ar 1:1 --style raw","photorealistic, 3d render, anime, chibi, western fantasy, neon, glossy plastic, text, watermark, signature, modern clothing, Chinese Qing costume, Manchu queue hairstyle, Japanese kimono, samurai armor, hakama, hanfu with crossed wide sleeves of Ming court, Japanese katana, multiple objects, hands, cluttered background",Ancient Historical Manuscript,Mulberry Hanji Paper & Ink
her_n299,res://assets/icons/heritage/her_n299.png,icon,평양 향교 대성전 목판,,"museum-quality illustration of 평양 향교 대성전 목판 (Ancient Historical Manuscript), made of Mulberry Hanji Paper & Ink, Late Joseon period, Joseon-era Korean ink-and-wash painting (sumukchaesaek) on aged hanji mulberry paper, muted mineral pigments (malachite green, azurite blue, ochre, cinnabar red, ink black), confident brush strokes with dry-brush texture, soft paper grain, restrained palette, in the manner of Kim Hong-do and Jeong Seon, single object centered, plain warm hanji background, soft ambient occlusion, clean silhouette, game item icon, 1:1 --ar 1:1 --style raw","photorealistic, 3d render, anime, chibi, western fantasy, neon, glossy plastic, text, watermark, signature, modern clothing, Chinese Qing costume, Manchu queue hairstyle, Japanese kimono, samurai armor, hakama, hanfu with crossed wide sleeves of Ming court, Japanese katana, multiple objects, hands, cluttered background",Ancient Historical Manuscript,Mulberry Hanji Paper & Ink
her_n303,res://assets/icons/heritage/her_n303.png,icon,평양 어사 순력기 고문서,,"museum-quality illustration of 평양 어사 순력기 고문서 (Ancient Historical Manuscript), made of Mulberry Hanji Paper & Ink, Late Joseon period, Joseon-era Korean ink-and-wash painting (sumukchaesaek) on aged hanji mulberry paper, muted mineral pigments (malachite green, azurite blue, ochre, cinnabar red, ink black), confident brush strokes with dry-brush texture, soft paper grain, restrained palette, in the manner of Kim Hong-do and Jeong Seon, single object centered, plain warm hanji background, soft ambient occlusion, clean silhouette, game item icon, 1:1 --ar 1:1 --style raw","photorealistic, 3d render, anime, chibi, western fantasy, neon, glossy plastic, text, watermark, signature, modern clothing, Chinese Qing costume, Manchu queue hairstyle, Japanese kimono, samurai armor, hakama, hanfu with crossed wide sleeves of Ming court, Japanese katana, multiple objects, hands, cluttered background",Ancient Historical Manuscript,Mulberry Hanji Paper & Ink
her_n313,res://assets/icons/heritage/her_n313.png,icon,숙천 열파정 시판,,"museum-quality illustration of 숙천 열파정 시판 (Ancient Historical Manuscript), made of Mulberry Hanji Paper & Ink, Late Joseon period, Joseon-era Korean ink-and-wash painting (sumukchaesaek) on aged hanji mulberry paper, muted mineral pigments (malachite green, azurite blue, ochre, cinnabar red, ink black), confident brush strokes with dry-brush texture, soft paper grain, restrained palette, in the manner of Kim Hong-do and Jeong Seon, single object centered, plain warm hanji background, soft ambient occlusion, clean silhouette, game item icon, 1:1 --ar 1:1 --style raw","photorealistic, 3d render, anime, chibi, western fantasy, neon, glossy plastic, text, watermark, signature, modern clothing, Chinese Qing costume, Manchu queue hairstyle, Japanese kimono, samurai armor, hakama, hanfu with crossed wide sleeves of Ming court, Japanese katana, multiple objects, hands, cluttered background",Ancient Historical Manuscript,Mulberry Hanji Paper & Ink
her_n316,res://assets/icons/heritage/her_n316.png,icon,안주 관아 동헌 현판 및 옥인,,"museum-quality illustration of 안주 관아 동헌 현판 및 옥인 (Ancient Historical Manuscript), made of Mulberry Hanji Paper & Ink, Late Joseon period, Joseon-era Korean ink-and-wash painting (sumukchaesaek) on aged hanji mulberry paper, muted mineral pigments (malachite green, azurite blue, ochre, cinnabar red, ink black), confident brush strokes with dry-brush texture, soft paper grain, restrained palette, in the manner of Kim Hong-do and Jeong Seon, single object centered, plain warm hanji background, soft ambient occlusion, clean silhouette, game item icon, 1:1 --ar 1:1 --style raw","photorealistic, 3d render, anime, chibi, western fantasy, neon, glossy plastic, text, watermark, signature, modern clothing, Chinese Qing costume, Manchu queue hairstyle, Japanese kimono, samurai armor, hakama, hanfu with crossed wide sleeves of Ming court, Japanese katana, multiple objects, hands, cluttered background",Ancient Historical Manuscript,Mulberry Hanji Paper & Ink
her_n319,res://assets/icons/heritage/her_n319.png,icon,영흥 산신각 마애칠성도,,"museum-quality illustration of 영흥 산신각 마애칠성도 (Ancient Historical Manuscript), made of Mulberry Hanji Paper & Ink, Late Joseon period, Joseon-era Korean ink-and-wash painting (sumukchaesaek) on aged hanji mulberry paper, muted mineral pigments (malachite green, azurite blue, ochre, cinnabar red, ink black), confident brush strokes with dry-brush texture, soft paper grain, restrained palette, in the manner of Kim Hong-do and Jeong Seon, single object centered, plain warm hanji background, soft ambient occlusion, clean silhouette, game item icon, 1:1 --ar 1:1 --style raw","photorealistic, 3d render, anime, chibi, western fantasy, neon, glossy plastic, text, watermark, signature, modern clothing, Chinese Qing costume, Manchu queue hairstyle, Japanese kimono, samurai armor, hakama, hanfu with crossed wide sleeves of Ming court, Japanese katana, multiple objects, hands, cluttered background",Ancient Historical Manuscript,Mulberry Hanji Paper & Ink
her_n320,res://assets/icons/heritage/her_n320.png,icon,안주 향교 대성전 목판,,"museum-quality illustration of 안주 향교 대성전 목판 (Ancient Historical Manuscript), made of Mulberry Hanji Paper & Ink, Late Joseon period, Joseon-era Korean ink-and-wash painting (sumukchaesaek) on aged hanji mulberry paper, muted mineral pigments (malachite green, azurite blue, ochre, cinnabar red, ink black), confident brush strokes with dry-brush texture, soft paper grain, restrained palette, in the manner of Kim Hong-do and Jeong Seon, single object centered, plain warm hanji background, soft ambient occlusion, clean silhouette, game item icon, 1:1 --ar 1:1 --style raw","photorealistic, 3d render, anime, chibi, western fantasy, neon, glossy plastic, text, watermark, signature, modern clothing, Chinese Qing costume, Manchu queue hairstyle, Japanese kimono, samurai armor, hakama, hanfu with crossed wide sleeves of Ming court, Japanese katana, multiple objects, hands, cluttered background",Ancient Historical Manuscript,Mulberry Hanji Paper & Ink
her_n324,res://assets/icons/heritage/her_n324.png,icon,안주 어사 순력기 고문서,,"museum-quality illustration of 안주 어사 순력기 고문서 (Ancient Historical Manuscript), made of Mulberry Hanji Paper & Ink, Late Joseon period, Joseon-era Korean ink-and-wash painting (sumukchaesaek) on aged hanji mulberry paper, muted mineral pigments (malachite green, azurite blue, ochre, cinnabar red, ink black), confident brush strokes with dry-brush texture, soft paper grain, restrained palette, in the manner of Kim Hong-do and Jeong Seon, single object centered, plain warm hanji background, soft ambient occlusion, clean silhouette, game item icon, 1:1 --ar 1:1 --style raw","photorealistic, 3d render, anime, chibi, western fantasy, neon, glossy plastic, text, watermark, signature, modern clothing, Chinese Qing costume, Manchu queue hairstyle, Japanese kimono, samurai armor, hakama, hanfu with crossed wide sleeves of Ming court, Japanese katana, multiple objects, hands, cluttered background",Ancient Historical Manuscript,Mulberry Hanji Paper & Ink
her_n327,res://assets/icons/heritage/her_n327.png,icon,영변 묘향산 팔만대장경 인쇄본 보관함,,"museum-quality illustration of 영변 묘향산 팔만대장경 인쇄본 보관함 (Ancient Historical Manuscript), made of Mulberry Hanji Paper & Ink, Mid Joseon period, Joseon-era Korean ink-and-wash painting (sumukchaesaek) on aged hanji mulberry paper, muted mineral pigments (malachite green, azurite blue, ochre, cinnabar red, ink black), confident brush strokes with dry-brush texture, soft paper grain, restrained palette, in the manner of Kim Hong-do and Jeong Seon, single object centered, plain warm hanji background, soft ambient occlusion, clean silhouette, game item icon, 1:1 --ar 1:1 --style raw","photorealistic, 3d render, anime, chibi, western fantasy, neon, glossy plastic, text, watermark, signature, modern clothing, Chinese Qing costume, Manchu queue hairstyle, Japanese kimono, samurai armor, hakama, hanfu with crossed wide sleeves of Ming court, Japanese katana, multiple objects, hands, cluttered background",Ancient Historical Manuscript,Mulberry Hanji Paper & Ink
her_n336,res://assets/icons/heritage/her_n336.png,icon,영변 관아 동헌 현판 및 옥인,,"museum-quality illustration of 영변 관아 동헌 현판 및 옥인 (Ancient Historical Manuscript), made of Mulberry Hanji Paper & Ink, Late Joseon period, Joseon-era Korean ink-and-wash painting (sumukchaesaek) on aged hanji mulberry paper, muted mineral pigments (malachite green, azurite blue, ochre, cinnabar red, ink black), confident brush strokes with dry-brush texture, soft paper grain, restrained palette, in the manner of Kim Hong-do and Jeong Seon, single object centered, plain warm hanji background, soft ambient occlusion, clean silhouette, game item icon, 1:1 --ar 1:1 --style raw","photorealistic, 3d render, anime, chibi, western fantasy, neon, glossy plastic, text, watermark, signature, modern clothing, Chinese Qing costume, Manchu queue hairstyle, Japanese kimono, samurai armor, hakama, hanfu with crossed wide sleeves of Ming court, Japanese katana, multiple objects, hands, cluttered background",Ancient Historical Manuscript,Mulberry Hanji Paper & Ink
her_n339,res://assets/icons/heritage/her_n339.png,icon,홍원 산신각 마애칠성도,,"museum-quality illustration of 홍원 산신각 마애칠성도 (Ancient Historical Manuscript), made of Mulberry Hanji Paper & Ink, Late Joseon period, Joseon-era Korean ink-and-wash painting (sumukchaesaek) on aged hanji mulberry paper, muted mineral pigments (malachite green, azurite blue, ochre, cinnabar red, ink black), confident brush strokes with dry-brush texture, soft paper grain, restrained palette, in the manner of Kim Hong-do and Jeong Seon, single object centered, plain warm hanji background, soft ambient occlusion, clean silhouette, game item icon, 1:1 --ar 1:1 --style raw","photorealistic, 3d render, anime, chibi, western fantasy, neon, glossy plastic, text, watermark, signature, modern clothing, Chinese Qing costume, Manchu queue hairstyle, Japanese kimono, samurai armor, hakama, hanfu with crossed wide sleeves of Ming court, Japanese katana, multiple objects, hands, cluttered background",Ancient Historical Manuscript,Mulberry Hanji Paper & Ink
her_n340,res://assets/icons/heritage/her_n340.png,icon,영변 향교 대성전 목판,,"museum-quality illustration of 영변 향교 대성전 목판 (Ancient Historical Manuscript), made of Mulberry Hanji Paper & Ink, Late Joseon period, Joseon-era Korean ink-and-wash painting (sumukchaesaek) on aged hanji mulberry paper, muted mineral pigments (malachite green, azurite blue, ochre, cinnabar red, ink black), confident brush strokes with dry-brush texture, soft paper grain, restrained palette, in the manner of Kim Hong-do and Jeong Seon, single object centered, plain warm hanji background, soft ambient occlusion, clean silhouette, game item icon, 1:1 --ar 1:1 --style raw","photorealistic, 3d render, anime, chibi, western fantasy, neon, glossy plastic, text, watermark, signature, modern clothing, Chinese Qing costume, Manchu queue hairstyle, Japanese kimono, samurai armor, hakama, hanfu with crossed wide sleeves of Ming court, Japanese katana, multiple objects, hands, cluttered background",Ancient Historical Manuscript,Mulberry Hanji Paper & Ink
her_n344,res://assets/icons/heritage/her_n344.png,icon,영변 어사 순력기 고문서,,"museum-quality illustration of 영변 어사 순력기 고문서 (Ancient Historical Manuscript), made of Mulberry Hanji Paper & Ink, Late Joseon period, Joseon-era Korean ink-and-wash painting (sumukchaesaek) on aged hanji mulberry paper, muted mineral pigments (malachite green, azurite blue, ochre, cinnabar red, ink black), confident brush strokes with dry-brush texture, soft paper grain, restrained palette, in the manner of Kim Hong-do and Jeong Seon, single object centered, plain warm hanji background, soft ambient occlusion, clean silhouette, game item icon, 1:1 --ar 1:1 --style raw","photorealistic, 3d render, anime, chibi, western fantasy, neon, glossy plastic, text, watermark, signature, modern clothing, Chinese Qing costume, Manchu queue hairstyle, Japanese kimono, samurai armor, hakama, hanfu with crossed wide sleeves of Ming court, Japanese katana, multiple objects, hands, cluttered background",Ancient Historical Manuscript,Mulberry Hanji Paper & Ink
her_n355,res://assets/icons/heritage/her_n355.png,icon,의주 의순관 사신 행차록 목판,,"museum-quality illustration of 의주 의순관 사신 행차록 목판 (Ancient Historical Manuscript), made of Mulberry Hanji Paper & Ink, Late Joseon period, Joseon-era Korean ink-and-wash painting (sumukchaesaek) on aged hanji mulberry paper, muted mineral pigments (malachite green, azurite blue, ochre, cinnabar red, ink black), confident brush strokes with dry-brush texture, soft paper grain, restrained palette, in the manner of Kim Hong-do and Jeong Seon, single object centered, plain warm hanji background, soft ambient occlusion, clean silhouette, game item icon, 1:1 --ar 1:1 --style raw","photorealistic, 3d render, anime, chibi, western fantasy, neon, glossy plastic, text, watermark, signature, modern clothing, Chinese Qing costume, Manchu queue hairstyle, Japanese kimono, samurai armor, hakama, hanfu with crossed wide sleeves of Ming court, Japanese katana, multiple objects, hands, cluttered background",Ancient Historical Manuscript,Mulberry Hanji Paper & Ink
her_n356,res://assets/icons/heritage/her_n356.png,icon,의주 관아 동헌 현판 및 옥인,,"museum-quality illustration of 의주 관아 동헌 현판 및 옥인 (Ancient Historical Manuscript), made of Mulberry Hanji Paper & Ink, Late Joseon period, Joseon-era Korean ink-and-wash painting (sumukchaesaek) on aged hanji mulberry paper, muted mineral pigments (malachite green, azurite blue, ochre, cinnabar red, ink black), confident brush strokes with dry-brush texture, soft paper grain, restrained palette, in the manner of Kim Hong-do and Jeong Seon, single object centered, plain warm hanji background, soft ambient occlusion, clean silhouette, game item icon, 1:1 --ar 1:1 --style raw","photorealistic, 3d render, anime, chibi, western fantasy, neon, glossy plastic, text, watermark, signature, modern clothing, Chinese Qing costume, Manchu queue hairstyle, Japanese kimono, samurai armor, hakama, hanfu with crossed wide sleeves of Ming court, Japanese katana, multiple objects, hands, cluttered background",Ancient Historical Manuscript,Mulberry Hanji Paper & Ink
her_n359,res://assets/icons/heritage/her_n359.png,icon,이원 산신각 마애칠성도,,"museum-quality illustration of 이원 산신각 마애칠성도 (Ancient Historical Manuscript), made of Mulberry Hanji Paper & Ink, Late Joseon period, Joseon-era Korean ink-and-wash painting (sumukchaesaek) on aged hanji mulberry paper, muted mineral pigments (malachite green, azurite blue, ochre, cinnabar red, ink black), confident brush strokes with dry-brush texture, soft paper grain, restrained palette, in the manner of Kim Hong-do and Jeong Seon, single object centered, plain warm hanji background, soft ambient occlusion, clean silhouette, game item icon, 1:1 --ar 1:1 --style raw","photorealistic, 3d render, anime, chibi, western fantasy, neon, glossy plastic, text, watermark, signature, modern clothing, Chinese Qing costume, Manchu queue hairstyle, Japanese kimono, samurai armor, hakama, hanfu with crossed wide sleeves of Ming court, Japanese katana, multiple objects, hands, cluttered background",Ancient Historical Manuscript,Mulberry Hanji Paper & Ink
her_n360,res://assets/icons/heritage/her_n360.png,icon,의주 향교 대성전 목판,,"museum-quality illustration of 의주 향교 대성전 목판 (Ancient Historical Manuscript), made of Mulberry Hanji Paper & Ink, Late Joseon period, Joseon-era Korean ink-and-wash painting (sumukchaesaek) on aged hanji mulberry paper, muted mineral pigments (malachite green, azurite blue, ochre, cinnabar red, ink black), confident brush strokes with dry-brush texture, soft paper grain, restrained palette, in the manner of Kim Hong-do and Jeong Seon, single object centered, plain warm hanji background, soft ambient occlusion, clean silhouette, game item icon, 1:1 --ar 1:1 --style raw","photorealistic, 3d render, anime, chibi, western fantasy, neon, glossy plastic, text, watermark, signature, modern clothing, Chinese Qing costume, Manchu queue hairstyle, Japanese kimono, samurai armor, hakama, hanfu with crossed wide sleeves of Ming court, Japanese katana, multiple objects, hands, cluttered background",Ancient Historical Manuscript,Mulberry Hanji Paper & Ink
her_n364,res://assets/icons/heritage/her_n364.png,icon,의주 어사 순력기 고문서,,"museum-quality illustration of 의주 어사 순력기 고문서 (Ancient Historical Manuscript), made of Mulberry Hanji Paper & Ink, Late Joseon period, Joseon-era Korean ink-and-wash painting (sumukchaesaek) on aged hanji mulberry paper, muted mineral pigments (malachite green, azurite blue, ochre, cinnabar red, ink black), confident brush strokes with dry-brush texture, soft paper grain, restrained palette, in the manner of Kim Hong-do and Jeong Seon, single object centered, plain warm hanji background, soft ambient occlusion, clean silhouette, game item icon, 1:1 --ar 1:1 --style raw","photorealistic, 3d render, anime, chibi, western fantasy, neon, glossy plastic, text, watermark, signature, modern clothing, Chinese Qing costume, Manchu queue hairstyle, Japanese kimono, samurai armor, hakama, hanfu with crossed wide sleeves of Ming court, Japanese katana, multiple objects, hands, cluttered background",Ancient Historical Manuscript,Mulberry Hanji Paper & Ink
her_n368,res://assets/icons/heritage/her_n368.png,icon,단천 은광 채굴 감영 장부 목판,,"museum-quality illustration of 단천 은광 채굴 감영 장부 목판 (Ancient Historical Manuscript), made of Mulberry Hanji Paper & Ink, Mid Joseon period, Joseon-era Korean ink-and-wash painting (sumukchaesaek) on aged hanji mulberry paper, muted mineral pigments (malachite green, azurite blue, ochre, cinnabar red, ink black), confident brush strokes with dry-brush texture, soft paper grain, restrained palette, in the manner of Kim Hong-do and Jeong Seon, single object centered, plain warm hanji background, soft ambient occlusion, clean silhouette, game item icon, 1:1 --ar 1:1 --style raw","photorealistic, 3d render, anime, chibi, western fantasy, neon, glossy plastic, text, watermark, signature, modern clothing, Chinese Qing costume, Manchu queue hairstyle, Japanese kimono, samurai armor, hakama, hanfu with crossed wide sleeves of Ming court, Japanese katana, multiple objects, hands, cluttered background",Ancient Historical Manuscript,Mulberry Hanji Paper & Ink
her_n376,res://assets/icons/heritage/her_n376.png,icon,강계 관아 동헌 현판 및 옥인,,"museum-quality illustration of 강계 관아 동헌 현판 및 옥인 (Ancient Historical Manuscript), made of Mulberry Hanji Paper & Ink, Late Joseon period, Joseon-era Korean ink-and-wash painting (sumukchaesaek) on aged hanji mulberry paper, muted mineral pigments (malachite green, azurite blue, ochre, cinnabar red, ink black), confident brush strokes with dry-brush texture, soft paper grain, restrained palette, in the manner of Kim Hong-do and Jeong Seon, single object centered, plain warm hanji background, soft ambient occlusion, clean silhouette, game item icon, 1:1 --ar 1:1 --style raw","photorealistic, 3d render, anime, chibi, western fantasy, neon, glossy plastic, text, watermark, signature, modern clothing, Chinese Qing costume, Manchu queue hairstyle, Japanese kimono, samurai armor, hakama, hanfu with crossed wide sleeves of Ming court, Japanese katana, multiple objects, hands, cluttered background",Ancient Historical Manuscript,Mulberry Hanji Paper & Ink
her_n379,res://assets/icons/heritage/her_n379.png,icon,단천 산신각 마애칠성도,,"museum-quality illustration of 단천 산신각 마애칠성도 (Ancient Historical Manuscript), made of Mulberry Hanji Paper & Ink, Late Joseon period, Joseon-era Korean ink-and-wash painting (sumukchaesaek) on aged hanji mulberry paper, muted mineral pigments (malachite green, azurite blue, ochre, cinnabar red, ink black), confident brush strokes with dry-brush texture, soft paper grain, restrained palette, in the manner of Kim Hong-do and Jeong Seon, single object centered, plain warm hanji background, soft ambient occlusion, clean silhouette, game item icon, 1:1 --ar 1:1 --style raw","photorealistic, 3d render, anime, chibi, western fantasy, neon, glossy plastic, text, watermark, signature, modern clothing, Chinese Qing costume, Manchu queue hairstyle, Japanese kimono, samurai armor, hakama, hanfu with crossed wide sleeves of Ming court, Japanese katana, multiple objects, hands, cluttered background",Ancient Historical Manuscript,Mulberry Hanji Paper & Ink
her_n380,res://assets/icons/heritage/her_n380.png,icon,강계 향교 대성전 목판,,"museum-quality illustration of 강계 향교 대성전 목판 (Ancient Historical Manuscript), made of Mulberry Hanji Paper & Ink, Late Joseon period, Joseon-era Korean ink-and-wash painting (sumukchaesaek) on aged hanji mulberry paper, muted mineral pigments (malachite green, azurite blue, ochre, cinnabar red, ink black), confident brush strokes with dry-brush texture, soft paper grain, restrained palette, in the manner of Kim Hong-do and Jeong Seon, single object centered, plain warm hanji background, soft ambient occlusion, clean silhouette, game item icon, 1:1 --ar 1:1 --style raw","photorealistic, 3d render, anime, chibi, western fantasy, neon, glossy plastic, text, watermark, signature, modern clothing, Chinese Qing costume, Manchu queue hairstyle, Japanese kimono, samurai armor, hakama, hanfu with crossed wide sleeves of Ming court, Japanese katana, multiple objects, hands, cluttered background",Ancient Historical Manuscript,Mulberry Hanji Paper & Ink
her_n384,res://assets/icons/heritage/her_n384.png,icon,강계 어사 순력기 고문서,,"museum-quality illustration of 강계 어사 순력기 고문서 (Ancient Historical Manuscript), made of Mulberry Hanji Paper & Ink, Late Joseon period, Joseon-era Korean ink-and-wash painting (sumukchaesaek) on aged hanji mulberry paper, muted mineral pigments (malachite green, azurite blue, ochre, cinnabar red, ink black), confident brush strokes with dry-brush texture, soft paper grain, restrained palette, in the manner of Kim Hong-do and Jeong Seon, single object centered, plain warm hanji background, soft ambient occlusion, clean silhouette, game item icon, 1:1 --ar 1:1 --style raw","photorealistic, 3d render, anime, chibi, western fantasy, neon, glossy plastic, text, watermark, signature, modern clothing, Chinese Qing costume, Manchu queue hairstyle, Japanese kimono, samurai armor, hakama, hanfu with crossed wide sleeves of Ming court, Japanese katana, multiple objects, hands, cluttered background",Ancient Historical Manuscript,Mulberry Hanji Paper & Ink
her_n389,res://assets/icons/heritage/her_n389.png,icon,삼수 포수단 호작도 호랑이 부적,,"museum-quality illustration of 삼수 포수단 호작도 호랑이 부적 (Ancient Historical Manuscript), made of Mulberry Hanji Paper & Ink, Late Joseon period, Joseon-era Korean ink-and-wash painting (sumukchaesaek) on aged hanji mulberry paper, muted mineral pigments (malachite green, azurite blue, ochre, cinnabar red, ink black), confident brush strokes with dry-brush texture, soft paper grain, restrained palette, in the manner of Kim Hong-do and Jeong Seon, single object centered, plain warm hanji background, soft ambient occlusion, clean silhouette, game item icon, 1:1 --ar 1:1 --style raw","photorealistic, 3d render, anime, chibi, western fantasy, neon, glossy plastic, text, watermark, signature, modern clothing, Chinese Qing costume, Manchu queue hairstyle, Japanese kimono, samurai armor, hakama, hanfu with crossed wide sleeves of Ming court, Japanese katana, multiple objects, hands, cluttered background",Ancient Historical Manuscript,Mulberry Hanji Paper & Ink
her_n394,res://assets/icons/heritage/her_n394.png,icon,삼수 귀양 선비 유배일기 필사본,,"museum-quality illustration of 삼수 귀양 선비 유배일기 필사본 (Ancient Historical Manuscript), made of Mulberry Hanji Paper & Ink, Late Joseon period, Joseon-era Korean ink-and-wash painting (sumukchaesaek) on aged hanji mulberry paper, muted mineral pigments (malachite green, azurite blue, ochre, cinnabar red, ink black), confident brush strokes with dry-brush texture, soft paper grain, restrained palette, in the manner of Kim Hong-do and Jeong Seon, single object centered, plain warm hanji background, soft ambient occlusion, clean silhouette, game item icon, 1:1 --ar 1:1 --style raw","photorealistic, 3d render, anime, chibi, western fantasy, neon, glossy plastic, text, watermark, signature, modern clothing, Chinese Qing costume, Manchu queue hairstyle, Japanese kimono, samurai armor, hakama, hanfu with crossed wide sleeves of Ming court, Japanese katana, multiple objects, hands, cluttered background",Ancient Historical Manuscript,Mulberry Hanji Paper & Ink
her_n397,res://assets/icons/heritage/her_n397.png,icon,갑산 관아 동헌 현판 및 옥인,,"museum-quality illustration of 갑산 관아 동헌 현판 및 옥인 (Ancient Historical Manuscript), made of Mulberry Hanji Paper & Ink, Late Joseon period, Joseon-era Korean ink-and-wash painting (sumukchaesaek) on aged hanji mulberry paper, muted mineral pigments (malachite green, azurite blue, ochre, cinnabar red, ink black), confident brush strokes with dry-brush texture, soft paper grain, restrained palette, in the manner of Kim Hong-do and Jeong Seon, single object centered, plain warm hanji background, soft ambient occlusion, clean silhouette, game item icon, 1:1 --ar 1:1 --style raw","photorealistic, 3d render, anime, chibi, western fantasy, neon, glossy plastic, text, watermark, signature, modern clothing, Chinese Qing costume, Manchu queue hairstyle, Japanese kimono, samurai armor, hakama, hanfu with crossed wide sleeves of Ming court, Japanese katana, multiple objects, hands, cluttered background",Ancient Historical Manuscript,Mulberry Hanji Paper & Ink
her_n400,res://assets/icons/heritage/her_n400.png,icon,경성 산신각 마애칠성도,,"museum-quality illustration of 경성 산신각 마애칠성도 (Ancient Historical Manuscript), made of Mulberry Hanji Paper & Ink, Late Joseon period, Joseon-era Korean ink-and-wash painting (sumukchaesaek) on aged hanji mulberry paper, muted mineral pigments (malachite green, azurite blue, ochre, cinnabar red, ink black), confident brush strokes with dry-brush texture, soft paper grain, restrained palette, in the manner of Kim Hong-do and Jeong Seon, single object centered, plain warm hanji background, soft ambient occlusion, clean silhouette, game item icon, 1:1 --ar 1:1 --style raw","photorealistic, 3d render, anime, chibi, western fantasy, neon, glossy plastic, text, watermark, signature, modern clothing, Chinese Qing costume, Manchu queue hairstyle, Japanese kimono, samurai armor, hakama, hanfu with crossed wide sleeves of Ming court, Japanese katana, multiple objects, hands, cluttered background",Ancient Historical Manuscript,Mulberry Hanji Paper & Ink
her_n401,res://assets/icons/heritage/her_n401.png,icon,갑산 향교 대성전 목판,,"museum-quality illustration of 갑산 향교 대성전 목판 (Ancient Historical Manuscript), made of Mulberry Hanji Paper & Ink, Late Joseon period, Joseon-era Korean ink-and-wash painting (sumukchaesaek) on aged hanji mulberry paper, muted mineral pigments (malachite green, azurite blue, ochre, cinnabar red, ink black), confident brush strokes with dry-brush texture, soft paper grain, restrained palette, in the manner of Kim Hong-do and Jeong Seon, single object centered, plain warm hanji background, soft ambient occlusion, clean silhouette, game item icon, 1:1 --ar 1:1 --style raw","photorealistic, 3d render, anime, chibi, western fantasy, neon, glossy plastic, text, watermark, signature, modern clothing, Chinese Qing costume, Manchu queue hairstyle, Japanese kimono, samurai armor, hakama, hanfu with crossed wide sleeves of Ming court, Japanese katana, multiple objects, hands, cluttered background",Ancient Historical Manuscript,Mulberry Hanji Paper & Ink
her_n405,res://assets/icons/heritage/her_n405.png,icon,갑산 어사 순력기 고문서,,"museum-quality illustration of 갑산 어사 순력기 고문서 (Ancient Historical Manuscript), made of Mulberry Hanji Paper & Ink, Late Joseon period, Joseon-era Korean ink-and-wash painting (sumukchaesaek) on aged hanji mulberry paper, muted mineral pigments (malachite green, azurite blue, ochre, cinnabar red, ink black), confident brush strokes with dry-brush texture, soft paper grain, restrained palette, in the manner of Kim Hong-do and Jeong Seon, single object centered, plain warm hanji background, soft ambient occlusion, clean silhouette, game item icon, 1:1 --ar 1:1 --style raw","photorealistic, 3d render, anime, chibi, western fantasy, neon, glossy plastic, text, watermark, signature, modern clothing, Chinese Qing costume, Manchu queue hairstyle, Japanese kimono, samurai armor, hakama, hanfu with crossed wide sleeves of Ming court, Japanese katana, multiple objects, hands, cluttered background",Ancient Historical Manuscript,Mulberry Hanji Paper & Ink
her_n417,res://assets/icons/heritage/her_n417.png,icon,회령 관아 동헌 현판 및 옥인,,"museum-quality illustration of 회령 관아 동헌 현판 및 옥인 (Ancient Historical Manuscript), made of Mulberry Hanji Paper & Ink, Late Joseon period, Joseon-era Korean ink-and-wash painting (sumukchaesaek) on aged hanji mulberry paper, muted mineral pigments (malachite green, azurite blue, ochre, cinnabar red, ink black), confident brush strokes with dry-brush texture, soft paper grain, restrained palette, in the manner of Kim Hong-do and Jeong Seon, single object centered, plain warm hanji background, soft ambient occlusion, clean silhouette, game item icon, 1:1 --ar 1:1 --style raw","photorealistic, 3d render, anime, chibi, western fantasy, neon, glossy plastic, text, watermark, signature, modern clothing, Chinese Qing costume, Manchu queue hairstyle, Japanese kimono, samurai armor, hakama, hanfu with crossed wide sleeves of Ming court, Japanese katana, multiple objects, hands, cluttered background",Ancient Historical Manuscript,Mulberry Hanji Paper & Ink
her_n420,res://assets/icons/heritage/her_n420.png,icon,경흥 산신각 마애칠성도,,"museum-quality illustration of 경흥 산신각 마애칠성도 (Ancient Historical Manuscript), made of Mulberry Hanji Paper & Ink, Late Joseon period, Joseon-era Korean ink-and-wash painting (sumukchaesaek) on aged hanji mulberry paper, muted mineral pigments (malachite green, azurite blue, ochre, cinnabar red, ink black), confident brush strokes with dry-brush texture, soft paper grain, restrained palette, in the manner of Kim Hong-do and Jeong Seon, single object centered, plain warm hanji background, soft ambient occlusion, clean silhouette, game item icon, 1:1 --ar 1:1 --style raw","photorealistic, 3d render, anime, chibi, western fantasy, neon, glossy plastic, text, watermark, signature, modern clothing, Chinese Qing costume, Manchu queue hairstyle, Japanese kimono, samurai armor, hakama, hanfu with crossed wide sleeves of Ming court, Japanese katana, multiple objects, hands, cluttered background",Ancient Historical Manuscript,Mulberry Hanji Paper & Ink
her_n421,res://assets/icons/heritage/her_n421.png,icon,회령 향교 대성전 목판,,"museum-quality illustration of 회령 향교 대성전 목판 (Ancient Historical Manuscript), made of Mulberry Hanji Paper & Ink, Late Joseon period, Joseon-era Korean ink-and-wash painting (sumukchaesaek) on aged hanji mulberry paper, muted mineral pigments (malachite green, azurite blue, ochre, cinnabar red, ink black), confident brush strokes with dry-brush texture, soft paper grain, restrained palette, in the manner of Kim Hong-do and Jeong Seon, single object centered, plain warm hanji background, soft ambient occlusion, clean silhouette, game item icon, 1:1 --ar 1:1 --style raw","photorealistic, 3d render, anime, chibi, western fantasy, neon, glossy plastic, text, watermark, signature, modern clothing, Chinese Qing costume, Manchu queue hairstyle, Japanese kimono, samurai armor, hakama, hanfu with crossed wide sleeves of Ming court, Japanese katana, multiple objects, hands, cluttered background",Ancient Historical Manuscript,Mulberry Hanji Paper & Ink
her_n425,res://assets/icons/heritage/her_n425.png,icon,회령 어사 순력기 고문서,,"museum-quality illustration of 회령 어사 순력기 고문서 (Ancient Historical Manuscript), made of Mulberry Hanji Paper & Ink, Late Joseon period, Joseon-era Korean ink-and-wash painting (sumukchaesaek) on aged hanji mulberry paper, muted mineral pigments (malachite green, azurite blue, ochre, cinnabar red, ink black), confident brush strokes with dry-brush texture, soft paper grain, restrained palette, in the manner of Kim Hong-do and Jeong Seon, single object centered, plain warm hanji background, soft ambient occlusion, clean silhouette, game item icon, 1:1 --ar 1:1 --style raw","photorealistic, 3d render, anime, chibi, western fantasy, neon, glossy plastic, text, watermark, signature, modern clothing, Chinese Qing costume, Manchu queue hairstyle, Japanese kimono, samurai armor, hakama, hanfu with crossed wide sleeves of Ming court, Japanese katana, multiple objects, hands, cluttered background",Ancient Historical Manuscript,Mulberry Hanji Paper & Ink
her_n432,res://assets/icons/heritage/her_n432.png,icon,종성 관아 호좌 동헌 목판,,"museum-quality illustration of 종성 관아 호좌 동헌 목판 (Ancient Historical Manuscript), made of Mulberry Hanji Paper & Ink, Mid Joseon period, Joseon-era Korean ink-and-wash painting (sumukchaesaek) on aged hanji mulberry paper, muted mineral pigments (malachite green, azurite blue, ochre, cinnabar red, ink black), confident brush strokes with dry-brush texture, soft paper grain, restrained palette, in the manner of Kim Hong-do and Jeong Seon, single object centered, plain warm hanji background, soft ambient occlusion, clean silhouette, game item icon, 1:1 --ar 1:1 --style raw","photorealistic, 3d render, anime, chibi, western fantasy, neon, glossy plastic, text, watermark, signature, modern clothing, Chinese Qing costume, Manchu queue hairstyle, Japanese kimono, samurai armor, hakama, hanfu with crossed wide sleeves of Ming court, Japanese katana, multiple objects, hands, cluttered background",Ancient Historical Manuscript,Mulberry Hanji Paper & Ink
her_n437,res://assets/icons/heritage/her_n437.png,icon,온성 관아 동헌 현판 및 옥인,,"museum-quality illustration of 온성 관아 동헌 현판 및 옥인 (Ancient Historical Manuscript), made of Mulberry Hanji Paper & Ink, Late Joseon period, Joseon-era Korean ink-and-wash painting (sumukchaesaek) on aged hanji mulberry paper, muted mineral pigments (malachite green, azurite blue, ochre, cinnabar red, ink black), confident brush strokes with dry-brush texture, soft paper grain, restrained palette, in the manner of Kim Hong-do and Jeong Seon, single object centered, plain warm hanji background, soft ambient occlusion, clean silhouette, game item icon, 1:1 --ar 1:1 --style raw","photorealistic, 3d render, anime, chibi, western fantasy, neon, glossy plastic, text, watermark, signature, modern clothing, Chinese Qing costume, Manchu queue hairstyle, Japanese kimono, samurai armor, hakama, hanfu with crossed wide sleeves of Ming court, Japanese katana, multiple objects, hands, cluttered background",Ancient Historical Manuscript,Mulberry Hanji Paper & Ink
her_n440,res://assets/icons/heritage/her_n440.png,icon,온성 산신각 마애칠성도,,"museum-quality illustration of 온성 산신각 마애칠성도 (Ancient Historical Manuscript), made of Mulberry Hanji Paper & Ink, Late Joseon period, Joseon-era Korean ink-and-wash painting (sumukchaesaek) on aged hanji mulberry paper, muted mineral pigments (malachite green, azurite blue, ochre, cinnabar red, ink black), confident brush strokes with dry-brush texture, soft paper grain, restrained palette, in the manner of Kim Hong-do and Jeong Seon, single object centered, plain warm hanji background, soft ambient occlusion, clean silhouette, game item icon, 1:1 --ar 1:1 --style raw","photorealistic, 3d render, anime, chibi, western fantasy, neon, glossy plastic, text, watermark, signature, modern clothing, Chinese Qing costume, Manchu queue hairstyle, Japanese kimono, samurai armor, hakama, hanfu with crossed wide sleeves of Ming court, Japanese katana, multiple objects, hands, cluttered background",Ancient Historical Manuscript,Mulberry Hanji Paper & Ink
her_n441,res://assets/icons/heritage/her_n441.png,icon,온성 향교 대성전 목판,,"museum-quality illustration of 온성 향교 대성전 목판 (Ancient Historical Manuscript), made of Mulberry Hanji Paper & Ink, Late Joseon period, Joseon-era Korean ink-and-wash painting (sumukchaesaek) on aged hanji mulberry paper, muted mineral pigments (malachite green, azurite blue, ochre, cinnabar red, ink black), confident brush strokes with dry-brush texture, soft paper grain, restrained palette, in the manner of Kim Hong-do and Jeong Seon, single object centered, plain warm hanji background, soft ambient occlusion, clean silhouette, game item icon, 1:1 --ar 1:1 --style raw","photorealistic, 3d render, anime, chibi, western fantasy, neon, glossy plastic, text, watermark, signature, modern clothing, Chinese Qing costume, Manchu queue hairstyle, Japanese kimono, samurai armor, hakama, hanfu with crossed wide sleeves of Ming court, Japanese katana, multiple objects, hands, cluttered background",Ancient Historical Manuscript,Mulberry Hanji Paper & Ink
her_n445,res://assets/icons/heritage/her_n445.png,icon,온성 어사 순력기 고문서,,"museum-quality illustration of 온성 어사 순력기 고문서 (Ancient Historical Manuscript), made of Mulberry Hanji Paper & Ink, Late Joseon period, Joseon-era Korean ink-and-wash painting (sumukchaesaek) on aged hanji mulberry paper, muted mineral pigments (malachite green, azurite blue, ochre, cinnabar red, ink black), confident brush strokes with dry-brush texture, soft paper grain, restrained palette, in the manner of Kim Hong-do and Jeong Seon, single object centered, plain warm hanji background, soft ambient occlusion, clean silhouette, game item icon, 1:1 --ar 1:1 --style raw","photorealistic, 3d render, anime, chibi, western fantasy, neon, glossy plastic, text, watermark, signature, modern clothing, Chinese Qing costume, Manchu queue hairstyle, Japanese kimono, samurai armor, hakama, hanfu with crossed wide sleeves of Ming court, Japanese katana, multiple objects, hands, cluttered background",Ancient Historical Manuscript,Mulberry Hanji Paper & Ink
eq_b3_gyeonggukjeon,res://assets/icons/items/eq_b3_gyeonggukjeon.png,icon,조선경국전,,"museum-quality illustration of 조선경국전 (Ancient Historical Manuscript), made of Mulberry Hanji Paper & Ink, Mid Joseon period, Joseon-era Korean ink-and-wash painting (sumukchaesaek) on aged hanji mulberry paper, muted mineral pigments (malachite green, azurite blue, ochre, cinnabar red, ink black), confident brush strokes with dry-brush texture, soft paper grain, restrained palette, in the manner of Kim Hong-do and Jeong Seon, single object centered, plain warm hanji background, soft ambient occlusion, clean silhouette, game item icon, 1:1 --ar 1:1 --style raw","photorealistic, 3d render, anime, chibi, western fantasy, neon, glossy plastic, text, watermark, signature, modern clothing, Chinese Qing costume, Manchu queue hairstyle, Japanese kimono, samurai armor, hakama, hanfu with crossed wide sleeves of Ming court, Japanese katana, multiple objects, hands, cluttered background",Ancient Historical Manuscript,Mulberry Hanji Paper & Ink
eq_b3_muyedobo,res://assets/icons/items/eq_b3_muyedobo.png,icon,무예도보통지,,"museum-quality illustration of 무예도보통지 (Ancient Historical Manuscript), made of Mulberry Hanji Paper & Ink, Mid Joseon period, Joseon-era Korean ink-and-wash painting (sumukchaesaek) on aged hanji mulberry paper, muted mineral pigments (malachite green, azurite blue, ochre, cinnabar red, ink black), confident brush strokes with dry-brush texture, soft paper grain, restrained palette, in the manner of Kim Hong-do and Jeong Seon, single object centered, plain warm hanji background, soft ambient occlusion, clean silhouette, game item icon, 1:1 --ar 1:1 --style raw","photorealistic, 3d render, anime, chibi, western fantasy, neon, glossy plastic, text, watermark, signature, modern clothing, Chinese Qing costume, Manchu queue hairstyle, Japanese kimono, samurai armor, hakama, hanfu with crossed wide sleeves of Ming court, Japanese katana, multiple objects, hands, cluttered background",Ancient Historical Manuscript,Mulberry Hanji Paper & Ink
eq_b5_hunminjeongeum,res://assets/icons/items/eq_b5_hunminjeongeum.png,icon,훈민정음 해례본,,"museum-quality illustration of 훈민정음 해례본 (Ancient Historical Manuscript), made of Mulberry Hanji Paper & Ink, Early Joseon period, Joseon-era Korean ink-and-wash painting (sumukchaesaek) on aged hanji mulberry paper, muted mineral pigments (malachite green, azurite blue, ochre, cinnabar red, ink black), confident brush strokes with dry-brush texture, soft paper grain, restrained palette, in the manner of Kim Hong-do and Jeong Seon, single object centered, plain warm hanji background, soft ambient occlusion, clean silhouette, game item icon, 1:1 --ar 1:1 --style raw","photorealistic, 3d render, anime, chibi, western fantasy, neon, glossy plastic, text, watermark, signature, modern clothing, Chinese Qing costume, Manchu queue hairstyle, Japanese kimono, samurai armor, hakama, hanfu with crossed wide sleeves of Ming court, Japanese katana, multiple objects, hands, cluttered background",Ancient Historical Manuscript,Mulberry Hanji Paper & Ink
eq_her_113,res://assets/icons/items/eq_her_113.png,icon,《강릉 문집》,,"museum-quality illustration of 《강릉 문집》 (Ancient Historical Manuscript), made of Mulberry Hanji Paper & Ink, Mid Joseon period, Joseon-era Korean ink-and-wash painting (sumukchaesaek) on aged hanji mulberry paper, muted mineral pigments (malachite green, azurite blue, ochre, cinnabar red, ink black), confident brush strokes with dry-brush texture, soft paper grain, restrained palette, in the manner of Kim Hong-do and Jeong Seon, single object centered, plain warm hanji background, soft ambient occlusion, clean silhouette, game item icon, 1:1 --ar 1:1 --style raw","photorealistic, 3d render, anime, chibi, western fantasy, neon, glossy plastic, text, watermark, signature, modern clothing, Chinese Qing costume, Manchu queue hairstyle, Japanese kimono, samurai armor, hakama, hanfu with crossed wide sleeves of Ming court, Japanese katana, multiple objects, hands, cluttered background",Ancient Historical Manuscript,Mulberry Hanji Paper & Ink
eq_her_124,res://assets/icons/items/eq_her_124.png,icon,《전주 문집》,,"museum-quality illustration of 《전주 문집》 (Ancient Historical Manuscript), made of Mulberry Hanji Paper & Ink, Mid Joseon period, Joseon-era Korean ink-and-wash painting (sumukchaesaek) on aged hanji mulberry paper, muted mineral pigments (malachite green, azurite blue, ochre, cinnabar red, ink black), confident brush strokes with dry-brush texture, soft paper grain, restrained palette, in the manner of Kim Hong-do and Jeong Seon, single object centered, plain warm hanji background, soft ambient occlusion, clean silhouette, game item icon, 1:1 --ar 1:1 --style raw","photorealistic, 3d render, anime, chibi, western fantasy, neon, glossy plastic, text, watermark, signature, modern clothing, Chinese Qing costume, Manchu queue hairstyle, Japanese kimono, samurai armor, hakama, hanfu with crossed wide sleeves of Ming court, Japanese katana, multiple objects, hands, cluttered background",Ancient Historical Manuscript,Mulberry Hanji Paper & Ink
eq_her_132,res://assets/icons/items/eq_her_132.png,icon,《해주 문집》,,"museum-quality illustration of 《해주 문집》 (Ancient Historical Manuscript), made of Mulberry Hanji Paper & Ink, Mid Joseon period, Joseon-era Korean ink-and-wash painting (sumukchaesaek) on aged hanji mulberry paper, muted mineral pigments (malachite green, azurite blue, ochre, cinnabar red, ink black), confident brush strokes with dry-brush texture, soft paper grain, restrained palette, in the manner of Kim Hong-do and Jeong Seon, single object centered, plain warm hanji background, soft ambient occlusion, clean silhouette, game item icon, 1:1 --ar 1:1 --style raw","photorealistic, 3d render, anime, chibi, western fantasy, neon, glossy plastic, text, watermark, signature, modern clothing, Chinese Qing costume, Manchu queue hairstyle, Japanese kimono, samurai armor, hakama, hanfu with crossed wide sleeves of Ming court, Japanese katana, multiple objects, hands, cluttered background",Ancient Historical Manuscript,Mulberry Hanji Paper & Ink
eq_her_144,res://assets/icons/items/eq_her_144.png,icon,《추사 문집》,,"museum-quality illustration of 《추사 문집》 (Ancient Historical Manuscript), made of Mulberry Hanji Paper & Ink, Mid Joseon period, Joseon-era Korean ink-and-wash painting (sumukchaesaek) on aged hanji mulberry paper, muted mineral pigments (malachite green, azurite blue, ochre, cinnabar red, ink black), confident brush strokes with dry-brush texture, soft paper grain, restrained palette, in the manner of Kim Hong-do and Jeong Seon, single object centered, plain warm hanji background, soft ambient occlusion, clean silhouette, game item icon, 1:1 --ar 1:1 --style raw","photorealistic, 3d render, anime, chibi, western fantasy, neon, glossy plastic, text, watermark, signature, modern clothing, Chinese Qing costume, Manchu queue hairstyle, Japanese kimono, samurai armor, hakama, hanfu with crossed wide sleeves of Ming court, Japanese katana, multiple objects, hands, cluttered background",Ancient Historical Manuscript,Mulberry Hanji Paper & Ink
eq_her_n001,res://assets/icons/items/eq_her_n001.png,icon,《제주 삼도동 탐라성주 옥인》 필사본,,"museum-quality illustration of 《제주 삼도동 탐라성주 옥인》 필사본 (Ancient Historical Manuscript), made of Mulberry Hanji Paper & Ink, Mid Joseon period, Joseon-era Korean ink-and-wash painting (sumukchaesaek) on aged hanji mulberry paper, muted mineral pigments (malachite green, azurite blue, ochre, cinnabar red, ink black), confident brush strokes with dry-brush texture, soft paper grain, restrained palette, in the manner of Kim Hong-do and Jeong Seon, single object centered, plain warm hanji background, soft ambient occlusion, clean silhouette, game item icon, 1:1 --ar 1:1 --style raw","photorealistic, 3d render, anime, chibi, western fantasy, neon, glossy plastic, text, watermark, signature, modern clothing, Chinese Qing costume, Manchu queue hairstyle, Japanese kimono, samurai armor, hakama, hanfu with crossed wide sleeves of Ming court, Japanese katana, multiple objects, hands, cluttered background",Ancient Historical Manuscript,Mulberry Hanji Paper & Ink
eq_her_n005,res://assets/icons/items/eq_her_n005.png,icon,《대정현 삼성혈 도태 사당 목판》 필사본,,"museum-quality illustration of 《대정현 삼성혈 도태 사당 목판》 필사본 (Ancient Historical Manuscript), made of Mulberry Hanji Paper & Ink, Late Joseon period, Joseon-era Korean ink-and-wash painting (sumukchaesaek) on aged hanji mulberry paper, muted mineral pigments (malachite green, azurite blue, ochre, cinnabar red, ink black), confident brush strokes with dry-brush texture, soft paper grain, restrained palette, in the manner of Kim Hong-do and Jeong Seon, single object centered, plain warm hanji background, soft ambient occlusion, clean silhouette, game item icon, 1:1 --ar 1:1 --style raw","photorealistic, 3d render, anime, chibi, western fantasy, neon, glossy plastic, text, watermark, signature, modern clothing, Chinese Qing costume, Manchu queue hairstyle, Japanese kimono, samurai armor, hakama, hanfu with crossed wide sleeves of Ming court, Japanese katana, multiple objects, hands, cluttered background",Ancient Historical Manuscript,Mulberry Hanji Paper & Ink
eq_her_n012,res://assets/icons/items/eq_her_n012.png,icon,《제주 오현단 송자대전 판각》 필사본,,"museum-quality illustration of 《제주 오현단 송자대전 판각》 필사본 (Ancient Historical Manuscript), made of Mulberry Hanji Paper & Ink, Late Joseon period, Joseon-era Korean ink-and-wash painting (sumukchaesaek) on aged hanji mulberry paper, muted mineral pigments (malachite green, azurite blue, ochre, cinnabar red, ink black), confident brush strokes with dry-brush texture, soft paper grain, restrained palette, in the manner of Kim Hong-do and Jeong Seon, single object centered, plain warm hanji background, soft ambient occlusion, clean silhouette, game item icon, 1:1 --ar 1:1 --style raw","photorealistic, 3d render, anime, chibi, western fantasy, neon, glossy plastic, text, watermark, signature, modern clothing, Chinese Qing costume, Manchu queue hairstyle, Japanese kimono, samurai armor, hakama, hanfu with crossed wide sleeves of Ming court, Japanese katana, multiple objects, hands, cluttered background",Ancient Historical Manuscript,Mulberry Hanji Paper & Ink
eq_her_n015,res://assets/icons/items/eq_her_n015.png,icon,《용두암 해신당 용왕부적》 필사본,,"museum-quality illustration of 《용두암 해신당 용왕부적》 필사본 (Ancient Historical Manuscript), made of Mulberry Hanji Paper & Ink, Late Joseon period, Joseon-era Korean ink-and-wash painting (sumukchaesaek) on aged hanji mulberry paper, muted mineral pigments (malachite green, azurite blue, ochre, cinnabar red, ink black), confident brush strokes with dry-brush texture, soft paper grain, restrained palette, in the manner of Kim Hong-do and Jeong Seon, single object centered, plain warm hanji background, soft ambient occlusion, clean silhouette, game item icon, 1:1 --ar 1:1 --style raw","photorealistic, 3d render, anime, chibi, western fantasy, neon, glossy plastic, text, watermark, signature, modern clothing, Chinese Qing costume, Manchu queue hairstyle, Japanese kimono, samurai armor, hakama, hanfu with crossed wide sleeves of Ming court, Japanese katana, multiple objects, hands, cluttered background",Ancient Historical Manuscript,Mulberry Hanji Paper & Ink
eq_her_n027,res://assets/icons/items/eq_her_n027.png,icon,《해남 윤씨 녹우당 고문서 일괄》 필사본,,"museum-quality illustration of 《해남 윤씨 녹우당 고문서 일괄》 필사본 (Ancient Historical Manuscript), made of Mulberry Hanji Paper & Ink, Mid Joseon period, Joseon-era Korean ink-and-wash painting (sumukchaesaek) on aged hanji mulberry paper, muted mineral pigments (malachite green, azurite blue, ochre, cinnabar red, ink black), confident brush strokes with dry-brush texture, soft paper grain, restrained palette, in the manner of Kim Hong-do and Jeong Seon, single object centered, plain warm hanji background, soft ambient occlusion, clean silhouette, game item icon, 1:1 --ar 1:1 --style raw","photorealistic, 3d render, anime, chibi, western fantasy, neon, glossy plastic, text, watermark, signature, modern clothing, Chinese Qing costume, Manchu queue hairstyle, Japanese kimono, samurai armor, hakama, hanfu with crossed wide sleeves of Ming court, Japanese katana, multiple objects, hands, cluttered background",Ancient Historical Manuscript,Mulberry Hanji Paper & Ink
eq_her_n028,res://assets/icons/items/eq_her_n028.png,icon,《완도 청해진 유적 출토 목간》 필사본,,"museum-quality illustration of 《완도 청해진 유적 출토 목간》 필사본 (Ancient Historical Manuscript), made of Mulberry Hanji Paper & Ink, Mid Joseon period, Joseon-era Korean ink-and-wash painting (sumukchaesaek) on aged hanji mulberry paper, muted mineral pigments (malachite green, azurite blue, ochre, cinnabar red, ink black), confident brush strokes with dry-brush texture, soft paper grain, restrained palette, in the manner of Kim Hong-do and Jeong Seon, single object centered, plain warm hanji background, soft ambient occlusion, clean silhouette, game item icon, 1:1 --ar 1:1 --style raw","photorealistic, 3d render, anime, chibi, western fantasy, neon, glossy plastic, text, watermark, signature, modern clothing, Chinese Qing costume, Manchu queue hairstyle, Japanese kimono, samurai armor, hakama, hanfu with crossed wide sleeves of Ming court, Japanese katana, multiple objects, hands, cluttered background",Ancient Historical Manuscript,Mulberry Hanji Paper & Ink
eq_her_n036,res://assets/icons/items/eq_her_n036.png,icon,《강진 영랑생가 모란 시첩》 필사본,,"museum-quality illustration of 《강진 영랑생가 모란 시첩》 필사본 (Ancient Historical Manuscript), made of Mulberry Hanji Paper & Ink, Mid Joseon period, Joseon-era Korean ink-and-wash painting (sumukchaesaek) on aged hanji mulberry paper, muted mineral pigments (malachite green, azurite blue, ochre, cinnabar red, ink black), confident brush strokes with dry-brush texture, soft paper grain, restrained palette, in the manner of Kim Hong-do and Jeong Seon, single object centered, plain warm hanji background, soft ambient occlusion, clean silhouette, game item icon, 1:1 --ar 1:1 --style raw","photorealistic, 3d render, anime, chibi, western fantasy, neon, glossy plastic, text, watermark, signature, modern clothing, Chinese Qing costume, Manchu queue hairstyle, Japanese kimono, samurai armor, hakama, hanfu with crossed wide sleeves of Ming court, Japanese katana, multiple objects, hands, cluttered background",Ancient Historical Manuscript,Mulberry Hanji Paper & Ink
eq_her_n052,res://assets/icons/items/eq_her_n052.png,icon,《순천 관아 동헌 현판 및 옥인》 필사본,,"museum-quality illustration of 《순천 관아 동헌 현판 및 옥인》 필사본 (Ancient Historical Manuscript), made of Mulberry Hanji Paper & Ink, Late Joseon period, Joseon-era Korean ink-and-wash painting (sumukchaesaek) on aged hanji mulberry paper, muted mineral pigments (malachite green, azurite blue, ochre, cinnabar red, ink black), confident brush strokes with dry-brush texture, soft paper grain, restrained palette, in the manner of Kim Hong-do and Jeong Seon, single object centered, plain warm hanji background, soft ambient occlusion, clean silhouette, game item icon, 1:1 --ar 1:1 --style raw","photorealistic, 3d render, anime, chibi, western fantasy, neon, glossy plastic, text, watermark, signature, modern clothing, Chinese Qing costume, Manchu queue hairstyle, Japanese kimono, samurai armor, hakama, hanfu with crossed wide sleeves of Ming court, Japanese katana, multiple objects, hands, cluttered background",Ancient Historical Manuscript,Mulberry Hanji Paper & Ink
eq_her_n055,res://assets/icons/items/eq_her_n055.png,icon,《순천 산신각 마애칠성도》 필사본,,"museum-quality illustration of 《순천 산신각 마애칠성도》 필사본 (Ancient Historical Manuscript), made of Mulberry Hanji Paper & Ink, Late Joseon period, Joseon-era Korean ink-and-wash painting (sumukchaesaek) on aged hanji mulberry paper, muted mineral pigments (malachite green, azurite blue, ochre, cinnabar red, ink black), confident brush strokes with dry-brush texture, soft paper grain, restrained palette, in the manner of Kim Hong-do and Jeong Seon, single object centered, plain warm hanji background, soft ambient occlusion, clean silhouette, game item icon, 1:1 --ar 1:1 --style raw","photorealistic, 3d render, anime, chibi, western fantasy, neon, glossy plastic, text, watermark, signature, modern clothing, Chinese Qing costume, Manchu queue hairstyle, Japanese kimono, samurai armor, hakama, hanfu with crossed wide sleeves of Ming court, Japanese katana, multiple objects, hands, cluttered background",Ancient Historical Manuscript,Mulberry Hanji Paper & Ink
eq_her_n056,res://assets/icons/items/eq_her_n056.png,icon,《여수 향교 대성전 목판》 필사본,,"museum-quality illustration of 《여수 향교 대성전 목판》 필사본 (Ancient Historical Manuscript), made of Mulberry Hanji Paper & Ink, Late Joseon period, Joseon-era Korean ink-and-wash painting (sumukchaesaek) on aged hanji mulberry paper, muted mineral pigments (malachite green, azurite blue, ochre, cinnabar red, ink black), confident brush strokes with dry-brush texture, soft paper grain, restrained palette, in the manner of Kim Hong-do and Jeong Seon, single object centered, plain warm hanji background, soft ambient occlusion, clean silhouette, game item icon, 1:1 --ar 1:1 --style raw","photorealistic, 3d render, anime, chibi, western fantasy, neon, glossy plastic, text, watermark, signature, modern clothing, Chinese Qing costume, Manchu queue hairstyle, Japanese kimono, samurai armor, hakama, hanfu with crossed wide sleeves of Ming court, Japanese katana, multiple objects, hands, cluttered background",Ancient Historical Manuscript,Mulberry Hanji Paper & Ink
eq_her_n060,res://assets/icons/items/eq_her_n060.png,icon,《광양 어사 순력기 고문서》 필사본,,"museum-quality illustration of 《광양 어사 순력기 고문서》 필사본 (Ancient Historical Manuscript), made of Mulberry Hanji Paper & Ink, Late Joseon period, Joseon-era Korean ink-and-wash painting (sumukchaesaek) on aged hanji mulberry paper, muted mineral pigments (malachite green, azurite blue, ochre, cinnabar red, ink black), confident brush strokes with dry-brush texture, soft paper grain, restrained palette, in the manner of Kim Hong-do and Jeong Seon, single object centered, plain warm hanji background, soft ambient occlusion, clean silhouette, game item icon, 1:1 --ar 1:1 --style raw","photorealistic, 3d render, anime, chibi, western fantasy, neon, glossy plastic, text, watermark, signature, modern clothing, Chinese Qing costume, Manchu queue hairstyle, Japanese kimono, samurai armor, hakama, hanfu with crossed wide sleeves of Ming court, Japanese katana, multiple objects, hands, cluttered background",Ancient Historical Manuscript,Mulberry Hanji Paper & Ink
eq_her_n069,res://assets/icons/items/eq_her_n069.png,icon,《담양 소쇄원 목판》 필사본,,"museum-quality illustration of 《담양 소쇄원 목판》 필사본 (Ancient Historical Manuscript), made of Mulberry Hanji Paper & Ink, Mid Joseon period, Joseon-era Korean ink-and-wash painting (sumukchaesaek) on aged hanji mulberry paper, muted mineral pigments (malachite green, azurite blue, ochre, cinnabar red, ink black), confident brush strokes with dry-brush texture, soft paper grain, restrained palette, in the manner of Kim Hong-do and Jeong Seon, single object centered, plain warm hanji background, soft ambient occlusion, clean silhouette, game item icon, 1:1 --ar 1:1 --style raw","photorealistic, 3d render, anime, chibi, western fantasy, neon, glossy plastic, text, watermark, signature, modern clothing, Chinese Qing costume, Manchu queue hairstyle, Japanese kimono, samurai armor, hakama, hanfu with crossed wide sleeves of Ming court, Japanese katana, multiple objects, hands, cluttered background",Ancient Historical Manuscript,Mulberry Hanji Paper & Ink
eq_her_n070,res://assets/icons/items/eq_her_n070.png,icon,《광주 충장사 목판》 필사본,,"museum-quality illustration of 《광주 충장사 목판》 필사본 (Ancient Historical Manuscript), made of Mulberry Hanji Paper & Ink, Late Joseon period, Joseon-era Korean ink-and-wash painting (sumukchaesaek) on aged hanji mulberry paper, muted mineral pigments (malachite green, azurite blue, ochre, cinnabar red, ink black), confident brush strokes with dry-brush texture, soft paper grain, restrained palette, in the manner of Kim Hong-do and Jeong Seon, single object centered, plain warm hanji background, soft ambient occlusion, clean silhouette, game item icon, 1:1 --ar 1:1 --style raw","photorealistic, 3d render, anime, chibi, western fantasy, neon, glossy plastic, text, watermark, signature, modern clothing, Chinese Qing costume, Manchu queue hairstyle, Japanese kimono, samurai armor, hakama, hanfu with crossed wide sleeves of Ming court, Japanese katana, multiple objects, hands, cluttered background",Ancient Historical Manuscript,Mulberry Hanji Paper & Ink
eq_her_n072,res://assets/icons/items/eq_her_n072.png,icon,《나주 관아 동헌 현판 및 옥인》 필사본,,"museum-quality illustration of 《나주 관아 동헌 현판 및 옥인》 필사본 (Ancient Historical Manuscript), made of Mulberry Hanji Paper & Ink, Late Joseon period, Joseon-era Korean ink-and-wash painting (sumukchaesaek) on aged hanji mulberry paper, muted mineral pigments (malachite green, azurite blue, ochre, cinnabar red, ink black), confident brush strokes with dry-brush texture, soft paper grain, restrained palette, in the manner of Kim Hong-do and Jeong Seon, single object centered, plain warm hanji background, soft ambient occlusion, clean silhouette, game item icon, 1:1 --ar 1:1 --style raw","photorealistic, 3d render, anime, chibi, western fantasy, neon, glossy plastic, text, watermark, signature, modern clothing, Chinese Qing costume, Manchu queue hairstyle, Japanese kimono, samurai armor, hakama, hanfu with crossed wide sleeves of Ming court, Japanese katana, multiple objects, hands, cluttered background",Ancient Historical Manuscript,Mulberry Hanji Paper & Ink
eq_her_n075,res://assets/icons/items/eq_her_n075.png,icon,《나주 산신각 마애칠성도》 필사본,,"museum-quality illustration of 《나주 산신각 마애칠성도》 필사본 (Ancient Historical Manuscript), made of Mulberry Hanji Paper & Ink, Late Joseon period, Joseon-era Korean ink-and-wash painting (sumukchaesaek) on aged hanji mulberry paper, muted mineral pigments (malachite green, azurite blue, ochre, cinnabar red, ink black), confident brush strokes with dry-brush texture, soft paper grain, restrained palette, in the manner of Kim Hong-do and Jeong Seon, single object centered, plain warm hanji background, soft ambient occlusion, clean silhouette, game item icon, 1:1 --ar 1:1 --style raw","photorealistic, 3d render, anime, chibi, western fantasy, neon, glossy plastic, text, watermark, signature, modern clothing, Chinese Qing costume, Manchu queue hairstyle, Japanese kimono, samurai armor, hakama, hanfu with crossed wide sleeves of Ming court, Japanese katana, multiple objects, hands, cluttered background",Ancient Historical Manuscript,Mulberry Hanji Paper & Ink
eq_her_n076,res://assets/icons/items/eq_her_n076.png,icon,《광주 향교 대성전 목판》 필사본,,"museum-quality illustration of 《광주 향교 대성전 목판》 필사본 (Ancient Historical Manuscript), made of Mulberry Hanji Paper & Ink, Late Joseon period, Joseon-era Korean ink-and-wash painting (sumukchaesaek) on aged hanji mulberry paper, muted mineral pigments (malachite green, azurite blue, ochre, cinnabar red, ink black), confident brush strokes with dry-brush texture, soft paper grain, restrained palette, in the manner of Kim Hong-do and Jeong Seon, single object centered, plain warm hanji background, soft ambient occlusion, clean silhouette, game item icon, 1:1 --ar 1:1 --style raw","photorealistic, 3d render, anime, chibi, western fantasy, neon, glossy plastic, text, watermark, signature, modern clothing, Chinese Qing costume, Manchu queue hairstyle, Japanese kimono, samurai armor, hakama, hanfu with crossed wide sleeves of Ming court, Japanese katana, multiple objects, hands, cluttered background",Ancient Historical Manuscript,Mulberry Hanji Paper & Ink
eq_her_n080,res://assets/icons/items/eq_her_n080.png,icon,《동래 어사 순력기 고문서》 필사본,,"museum-quality illustration of 《동래 어사 순력기 고문서》 필사본 (Ancient Historical Manuscript), made of Mulberry Hanji Paper & Ink, Late Joseon period, Joseon-era Korean ink-and-wash painting (sumukchaesaek) on aged hanji mulberry paper, muted mineral pigments (malachite green, azurite blue, ochre, cinnabar red, ink black), confident brush strokes with dry-brush texture, soft paper grain, restrained palette, in the manner of Kim Hong-do and Jeong Seon, single object centered, plain warm hanji background, soft ambient occlusion, clean silhouette, game item icon, 1:1 --ar 1:1 --style raw","photorealistic, 3d render, anime, chibi, western fantasy, neon, glossy plastic, text, watermark, signature, modern clothing, Chinese Qing costume, Manchu queue hairstyle, Japanese kimono, samurai armor, hakama, hanfu with crossed wide sleeves of Ming court, Japanese katana, multiple objects, hands, cluttered background",Ancient Historical Manuscript,Mulberry Hanji Paper & Ink
eq_her_n092,res://assets/icons/items/eq_her_n092.png,icon,《경주 관아 동헌 현판 및 옥인》 필사본,,"museum-quality illustration of 《경주 관아 동헌 현판 및 옥인》 필사본 (Ancient Historical Manuscript), made of Mulberry Hanji Paper & Ink, Late Joseon period, Joseon-era Korean ink-and-wash painting (sumukchaesaek) on aged hanji mulberry paper, muted mineral pigments (malachite green, azurite blue, ochre, cinnabar red, ink black), confident brush strokes with dry-brush texture, soft paper grain, restrained palette, in the manner of Kim Hong-do and Jeong Seon, single object centered, plain warm hanji background, soft ambient occlusion, clean silhouette, game item icon, 1:1 --ar 1:1 --style raw","photorealistic, 3d render, anime, chibi, western fantasy, neon, glossy plastic, text, watermark, signature, modern clothing, Chinese Qing costume, Manchu queue hairstyle, Japanese kimono, samurai armor, hakama, hanfu with crossed wide sleeves of Ming court, Japanese katana, multiple objects, hands, cluttered background",Ancient Historical Manuscript,Mulberry Hanji Paper & Ink
eq_her_n095,res://assets/icons/items/eq_her_n095.png,icon,《경주 산신각 마애칠성도》 필사본,,"museum-quality illustration of 《경주 산신각 마애칠성도》 필사본 (Ancient Historical Manuscript), made of Mulberry Hanji Paper & Ink, Late Joseon period, Joseon-era Korean ink-and-wash painting (sumukchaesaek) on aged hanji mulberry paper, muted mineral pigments (malachite green, azurite blue, ochre, cinnabar red, ink black), confident brush strokes with dry-brush texture, soft paper grain, restrained palette, in the manner of Kim Hong-do and Jeong Seon, single object centered, plain warm hanji background, soft ambient occlusion, clean silhouette, game item icon, 1:1 --ar 1:1 --style raw","photorealistic, 3d render, anime, chibi, western fantasy, neon, glossy plastic, text, watermark, signature, modern clothing, Chinese Qing costume, Manchu queue hairstyle, Japanese kimono, samurai armor, hakama, hanfu with crossed wide sleeves of Ming court, Japanese katana, multiple objects, hands, cluttered background",Ancient Historical Manuscript,Mulberry Hanji Paper & Ink
eq_her_n096,res://assets/icons/items/eq_her_n096.png,icon,《대구 향교 대성전 목판》 필사본,,"museum-quality illustration of 《대구 향교 대성전 목판》 필사본 (Ancient Historical Manuscript), made of Mulberry Hanji Paper & Ink, Late Joseon period, Joseon-era Korean ink-and-wash painting (sumukchaesaek) on aged hanji mulberry paper, muted mineral pigments (malachite green, azurite blue, ochre, cinnabar red, ink black), confident brush strokes with dry-brush texture, soft paper grain, restrained palette, in the manner of Kim Hong-do and Jeong Seon, single object centered, plain warm hanji background, soft ambient occlusion, clean silhouette, game item icon, 1:1 --ar 1:1 --style raw","photorealistic, 3d render, anime, chibi, western fantasy, neon, glossy plastic, text, watermark, signature, modern clothing, Chinese Qing costume, Manchu queue hairstyle, Japanese kimono, samurai armor, hakama, hanfu with crossed wide sleeves of Ming court, Japanese katana, multiple objects, hands, cluttered background",Ancient Historical Manuscript,Mulberry Hanji Paper & Ink
eq_her_n100,res://assets/icons/items/eq_her_n100.png,icon,《남원 어사 순력기 고문서》 필사본,,"museum-quality illustration of 《남원 어사 순력기 고문서》 필사본 (Ancient Historical Manuscript), made of Mulberry Hanji Paper & Ink, Late Joseon period, Joseon-era Korean ink-and-wash painting (sumukchaesaek) on aged hanji mulberry paper, muted mineral pigments (malachite green, azurite blue, ochre, cinnabar red, ink black), confident brush strokes with dry-brush texture, soft paper grain, restrained palette, in the manner of Kim Hong-do and Jeong Seon, single object centered, plain warm hanji background, soft ambient occlusion, clean silhouette, game item icon, 1:1 --ar 1:1 --style raw","photorealistic, 3d render, anime, chibi, western fantasy, neon, glossy plastic, text, watermark, signature, modern clothing, Chinese Qing costume, Manchu queue hairstyle, Japanese kimono, samurai armor, hakama, hanfu with crossed wide sleeves of Ming court, Japanese katana, multiple objects, hands, cluttered background",Ancient Historical Manuscript,Mulberry Hanji Paper & Ink
eq_her_n104,res://assets/icons/items/eq_her_n104.png,icon,《전주 경기전 태조 이성계 어진》 필사본,,"museum-quality illustration of 《전주 경기전 태조 이성계 어진》 필사본 (Ancient Historical Manuscript), made of Mulberry Hanji Paper & Ink, Early Joseon period, Joseon-era Korean ink-and-wash painting (sumukchaesaek) on aged hanji mulberry paper, muted mineral pigments (malachite green, azurite blue, ochre, cinnabar red, ink black), confident brush strokes with dry-brush texture, soft paper grain, restrained palette, in the manner of Kim Hong-do and Jeong Seon, single object centered, plain warm hanji background, soft ambient occlusion, clean silhouette, game item icon, 1:1 --ar 1:1 --style raw","photorealistic, 3d render, anime, chibi, western fantasy, neon, glossy plastic, text, watermark, signature, modern clothing, Chinese Qing costume, Manchu queue hairstyle, Japanese kimono, samurai armor, hakama, hanfu with crossed wide sleeves of Ming court, Japanese katana, multiple objects, hands, cluttered background",Ancient Historical Manuscript,Mulberry Hanji Paper & Ink
eq_her_n113,res://assets/icons/items/eq_her_n113.png,icon,《전주 관아 동헌 현판 및 옥인》 필사본,,"museum-quality illustration of 《전주 관아 동헌 현판 및 옥인》 필사본 (Ancient Historical Manuscript), made of Mulberry Hanji Paper & Ink, Late Joseon period, Joseon-era Korean ink-and-wash painting (sumukchaesaek) on aged hanji mulberry paper, muted mineral pigments (malachite green, azurite blue, ochre, cinnabar red, ink black), confident brush strokes with dry-brush texture, soft paper grain, restrained palette, in the manner of Kim Hong-do and Jeong Seon, single object centered, plain warm hanji background, soft ambient occlusion, clean silhouette, game item icon, 1:1 --ar 1:1 --style raw","photorealistic, 3d render, anime, chibi, western fantasy, neon, glossy plastic, text, watermark, signature, modern clothing, Chinese Qing costume, Manchu queue hairstyle, Japanese kimono, samurai armor, hakama, hanfu with crossed wide sleeves of Ming court, Japanese katana, multiple objects, hands, cluttered background",Ancient Historical Manuscript,Mulberry Hanji Paper & Ink
eq_her_n116,res://assets/icons/items/eq_her_n116.png,icon,《전주 산신각 마애칠성도》 필사본,,"museum-quality illustration of 《전주 산신각 마애칠성도》 필사본 (Ancient Historical Manuscript), made of Mulberry Hanji Paper & Ink, Late Joseon period, Joseon-era Korean ink-and-wash painting (sumukchaesaek) on aged hanji mulberry paper, muted mineral pigments (malachite green, azurite blue, ochre, cinnabar red, ink black), confident brush strokes with dry-brush texture, soft paper grain, restrained palette, in the manner of Kim Hong-do and Jeong Seon, single object centered, plain warm hanji background, soft ambient occlusion, clean silhouette, game item icon, 1:1 --ar 1:1 --style raw","photorealistic, 3d render, anime, chibi, western fantasy, neon, glossy plastic, text, watermark, signature, modern clothing, Chinese Qing costume, Manchu queue hairstyle, Japanese kimono, samurai armor, hakama, hanfu with crossed wide sleeves of Ming court, Japanese katana, multiple objects, hands, cluttered background",Ancient Historical Manuscript,Mulberry Hanji Paper & Ink
eq_her_n117,res://assets/icons/items/eq_her_n117.png,icon,《익산 향교 대성전 목판》 필사본,,"museum-quality illustration of 《익산 향교 대성전 목판》 필사본 (Ancient Historical Manuscript), made of Mulberry Hanji Paper & Ink, Late Joseon period, Joseon-era Korean ink-and-wash painting (sumukchaesaek) on aged hanji mulberry paper, muted mineral pigments (malachite green, azurite blue, ochre, cinnabar red, ink black), confident brush strokes with dry-brush texture, soft paper grain, restrained palette, in the manner of Kim Hong-do and Jeong Seon, single object centered, plain warm hanji background, soft ambient occlusion, clean silhouette, game item icon, 1:1 --ar 1:1 --style raw","photorealistic, 3d render, anime, chibi, western fantasy, neon, glossy plastic, text, watermark, signature, modern clothing, Chinese Qing costume, Manchu queue hairstyle, Japanese kimono, samurai armor, hakama, hanfu with crossed wide sleeves of Ming court, Japanese katana, multiple objects, hands, cluttered background",Ancient Historical Manuscript,Mulberry Hanji Paper & Ink
eq_her_n121,res://assets/icons/items/eq_her_n121.png,icon,《영일 어사 순력기 고문서》 필사본,,"museum-quality illustration of 《영일 어사 순력기 고문서》 필사본 (Ancient Historical Manuscript), made of Mulberry Hanji Paper & Ink, Late Joseon period, Joseon-era Korean ink-and-wash painting (sumukchaesaek) on aged hanji mulberry paper, muted mineral pigments (malachite green, azurite blue, ochre, cinnabar red, ink black), confident brush strokes with dry-brush texture, soft paper grain, restrained palette, in the manner of Kim Hong-do and Jeong Seon, single object centered, plain warm hanji background, soft ambient occlusion, clean silhouette, game item icon, 1:1 --ar 1:1 --style raw","photorealistic, 3d render, anime, chibi, western fantasy, neon, glossy plastic, text, watermark, signature, modern clothing, Chinese Qing costume, Manchu queue hairstyle, Japanese kimono, samurai armor, hakama, hanfu with crossed wide sleeves of Ming court, Japanese katana, multiple objects, hands, cluttered background",Ancient Historical Manuscript,Mulberry Hanji Paper & Ink
eq_her_n133,res://assets/icons/items/eq_her_n133.png,icon,《공주 관아 동헌 현판 및 옥인》 필사본,,"museum-quality illustration of 《공주 관아 동헌 현판 및 옥인》 필사본 (Ancient Historical Manuscript), made of Mulberry Hanji Paper & Ink, Late Joseon period, Joseon-era Korean ink-and-wash painting (sumukchaesaek) on aged hanji mulberry paper, muted mineral pigments (malachite green, azurite blue, ochre, cinnabar red, ink black), confident brush strokes with dry-brush texture, soft paper grain, restrained palette, in the manner of Kim Hong-do and Jeong Seon, single object centered, plain warm hanji background, soft ambient occlusion, clean silhouette, game item icon, 1:1 --ar 1:1 --style raw","photorealistic, 3d render, anime, chibi, western fantasy, neon, glossy plastic, text, watermark, signature, modern clothing, Chinese Qing costume, Manchu queue hairstyle, Japanese kimono, samurai armor, hakama, hanfu with crossed wide sleeves of Ming court, Japanese katana, multiple objects, hands, cluttered background",Ancient Historical Manuscript,Mulberry Hanji Paper & Ink
eq_her_n136,res://assets/icons/items/eq_her_n136.png,icon,《공주 산신각 마애칠성도》 필사본,,"museum-quality illustration of 《공주 산신각 마애칠성도》 필사본 (Ancient Historical Manuscript), made of Mulberry Hanji Paper & Ink, Late Joseon period, Joseon-era Korean ink-and-wash painting (sumukchaesaek) on aged hanji mulberry paper, muted mineral pigments (malachite green, azurite blue, ochre, cinnabar red, ink black), confident brush strokes with dry-brush texture, soft paper grain, restrained palette, in the manner of Kim Hong-do and Jeong Seon, single object centered, plain warm hanji background, soft ambient occlusion, clean silhouette, game item icon, 1:1 --ar 1:1 --style raw","photorealistic, 3d render, anime, chibi, western fantasy, neon, glossy plastic, text, watermark, signature, modern clothing, Chinese Qing costume, Manchu queue hairstyle, Japanese kimono, samurai armor, hakama, hanfu with crossed wide sleeves of Ming court, Japanese katana, multiple objects, hands, cluttered background",Ancient Historical Manuscript,Mulberry Hanji Paper & Ink
eq_her_n137,res://assets/icons/items/eq_her_n137.png,icon,《부여 향교 대성전 목판》 필사본,,"museum-quality illustration of 《부여 향교 대성전 목판》 필사본 (Ancient Historical Manuscript), made of Mulberry Hanji Paper & Ink, Late Joseon period, Joseon-era Korean ink-and-wash painting (sumukchaesaek) on aged hanji mulberry paper, muted mineral pigments (malachite green, azurite blue, ochre, cinnabar red, ink black), confident brush strokes with dry-brush texture, soft paper grain, restrained palette, in the manner of Kim Hong-do and Jeong Seon, single object centered, plain warm hanji background, soft ambient occlusion, clean silhouette, game item icon, 1:1 --ar 1:1 --style raw","photorealistic, 3d render, anime, chibi, western fantasy, neon, glossy plastic, text, watermark, signature, modern clothing, Chinese Qing costume, Manchu queue hairstyle, Japanese kimono, samurai armor, hakama, hanfu with crossed wide sleeves of Ming court, Japanese katana, multiple objects, hands, cluttered background",Ancient Historical Manuscript,Mulberry Hanji Paper & Ink
eq_her_n141,res://assets/icons/items/eq_her_n141.png,icon,《안동 어사 순력기 고문서》 필사본,,"museum-quality illustration of 《안동 어사 순력기 고문서》 필사본 (Ancient Historical Manuscript), made of Mulberry Hanji Paper & Ink, Late Joseon period, Joseon-era Korean ink-and-wash painting (sumukchaesaek) on aged hanji mulberry paper, muted mineral pigments (malachite green, azurite blue, ochre, cinnabar red, ink black), confident brush strokes with dry-brush texture, soft paper grain, restrained palette, in the manner of Kim Hong-do and Jeong Seon, single object centered, plain warm hanji background, soft ambient occlusion, clean silhouette, game item icon, 1:1 --ar 1:1 --style raw","photorealistic, 3d render, anime, chibi, western fantasy, neon, glossy plastic, text, watermark, signature, modern clothing, Chinese Qing costume, Manchu queue hairstyle, Japanese kimono, samurai armor, hakama, hanfu with crossed wide sleeves of Ming court, Japanese katana, multiple objects, hands, cluttered background",Ancient Historical Manuscript,Mulberry Hanji Paper & Ink
eq_her_n148,res://assets/icons/items/eq_her_n148.png,icon,《청주 흥덕사지 직지심체요절 인판》 필사본,,"museum-quality illustration of 《청주 흥덕사지 직지심체요절 인판》 필사본 (Ancient Historical Manuscript), made of Mulberry Hanji Paper & Ink, Early Joseon period, Joseon-era Korean ink-and-wash painting (sumukchaesaek) on aged hanji mulberry paper, muted mineral pigments (malachite green, azurite blue, ochre, cinnabar red, ink black), confident brush strokes with dry-brush texture, soft paper grain, restrained palette, in the manner of Kim Hong-do and Jeong Seon, single object centered, plain warm hanji background, soft ambient occlusion, clean silhouette, game item icon, 1:1 --ar 1:1 --style raw","photorealistic, 3d render, anime, chibi, western fantasy, neon, glossy plastic, text, watermark, signature, modern clothing, Chinese Qing costume, Manchu queue hairstyle, Japanese kimono, samurai armor, hakama, hanfu with crossed wide sleeves of Ming court, Japanese katana, multiple objects, hands, cluttered background",Ancient Historical Manuscript,Mulberry Hanji Paper & Ink
eq_her_n152,res://assets/icons/items/eq_her_n152.png,icon,《옥천 이지당 조헌 유묵》 필사본,,"museum-quality illustration of 《옥천 이지당 조헌 유묵》 필사본 (Ancient Historical Manuscript), made of Mulberry Hanji Paper & Ink, Mid Joseon period, Joseon-era Korean ink-and-wash painting (sumukchaesaek) on aged hanji mulberry paper, muted mineral pigments (malachite green, azurite blue, ochre, cinnabar red, ink black), confident brush strokes with dry-brush texture, soft paper grain, restrained palette, in the manner of Kim Hong-do and Jeong Seon, single object centered, plain warm hanji background, soft ambient occlusion, clean silhouette, game item icon, 1:1 --ar 1:1 --style raw","photorealistic, 3d render, anime, chibi, western fantasy, neon, glossy plastic, text, watermark, signature, modern clothing, Chinese Qing costume, Manchu queue hairstyle, Japanese kimono, samurai armor, hakama, hanfu with crossed wide sleeves of Ming court, Japanese katana, multiple objects, hands, cluttered background",Ancient Historical Manuscript,Mulberry Hanji Paper & Ink
eq_her_n154,res://assets/icons/items/eq_her_n154.png,icon,《회덕 관아 동헌 현판 및 옥인》 필사본,,"museum-quality illustration of 《회덕 관아 동헌 현판 및 옥인》 필사본 (Ancient Historical Manuscript), made of Mulberry Hanji Paper & Ink, Late Joseon period, Joseon-era Korean ink-and-wash painting (sumukchaesaek) on aged hanji mulberry paper, muted mineral pigments (malachite green, azurite blue, ochre, cinnabar red, ink black), confident brush strokes with dry-brush texture, soft paper grain, restrained palette, in the manner of Kim Hong-do and Jeong Seon, single object centered, plain warm hanji background, soft ambient occlusion, clean silhouette, game item icon, 1:1 --ar 1:1 --style raw","photorealistic, 3d render, anime, chibi, western fantasy, neon, glossy plastic, text, watermark, signature, modern clothing, Chinese Qing costume, Manchu queue hairstyle, Japanese kimono, samurai armor, hakama, hanfu with crossed wide sleeves of Ming court, Japanese katana, multiple objects, hands, cluttered background",Ancient Historical Manuscript,Mulberry Hanji Paper & Ink
eq_her_n157,res://assets/icons/items/eq_her_n157.png,icon,《문경 산신각 마애칠성도》 필사본,,"museum-quality illustration of 《문경 산신각 마애칠성도》 필사본 (Ancient Historical Manuscript), made of Mulberry Hanji Paper & Ink, Late Joseon period, Joseon-era Korean ink-and-wash painting (sumukchaesaek) on aged hanji mulberry paper, muted mineral pigments (malachite green, azurite blue, ochre, cinnabar red, ink black), confident brush strokes with dry-brush texture, soft paper grain, restrained palette, in the manner of Kim Hong-do and Jeong Seon, single object centered, plain warm hanji background, soft ambient occlusion, clean silhouette, game item icon, 1:1 --ar 1:1 --style raw","photorealistic, 3d render, anime, chibi, western fantasy, neon, glossy plastic, text, watermark, signature, modern clothing, Chinese Qing costume, Manchu queue hairstyle, Japanese kimono, samurai armor, hakama, hanfu with crossed wide sleeves of Ming court, Japanese katana, multiple objects, hands, cluttered background",Ancient Historical Manuscript,Mulberry Hanji Paper & Ink
eq_her_n158,res://assets/icons/items/eq_her_n158.png,icon,《회덕 향교 대성전 목판》 필사본,,"museum-quality illustration of 《회덕 향교 대성전 목판》 필사본 (Ancient Historical Manuscript), made of Mulberry Hanji Paper & Ink, Late Joseon period, Joseon-era Korean ink-and-wash painting (sumukchaesaek) on aged hanji mulberry paper, muted mineral pigments (malachite green, azurite blue, ochre, cinnabar red, ink black), confident brush strokes with dry-brush texture, soft paper grain, restrained palette, in the manner of Kim Hong-do and Jeong Seon, single object centered, plain warm hanji background, soft ambient occlusion, clean silhouette, game item icon, 1:1 --ar 1:1 --style raw","photorealistic, 3d render, anime, chibi, western fantasy, neon, glossy plastic, text, watermark, signature, modern clothing, Chinese Qing costume, Manchu queue hairstyle, Japanese kimono, samurai armor, hakama, hanfu with crossed wide sleeves of Ming court, Japanese katana, multiple objects, hands, cluttered background",Ancient Historical Manuscript,Mulberry Hanji Paper & Ink
eq_her_n162,res://assets/icons/items/eq_her_n162.png,icon,《회덕 어사 순력기 고문서》 필사본,,"museum-quality illustration of 《회덕 어사 순력기 고문서》 필사본 (Ancient Historical Manuscript), made of Mulberry Hanji Paper & Ink, Late Joseon period, Joseon-era Korean ink-and-wash painting (sumukchaesaek) on aged hanji mulberry paper, muted mineral pigments (malachite green, azurite blue, ochre, cinnabar red, ink black), confident brush strokes with dry-brush texture, soft paper grain, restrained palette, in the manner of Kim Hong-do and Jeong Seon, single object centered, plain warm hanji background, soft ambient occlusion, clean silhouette, game item icon, 1:1 --ar 1:1 --style raw","photorealistic, 3d render, anime, chibi, western fantasy, neon, glossy plastic, text, watermark, signature, modern clothing, Chinese Qing costume, Manchu queue hairstyle, Japanese kimono, samurai armor, hakama, hanfu with crossed wide sleeves of Ming court, Japanese katana, multiple objects, hands, cluttered background",Ancient Historical Manuscript,Mulberry Hanji Paper & Ink
eq_her_n174,res://assets/icons/items/eq_her_n174.png,icon,《충주 관아 동헌 현판 및 옥인》 필사본,,"museum-quality illustration of 《충주 관아 동헌 현판 및 옥인》 필사본 (Ancient Historical Manuscript), made of Mulberry Hanji Paper & Ink, Late Joseon period, Joseon-era Korean ink-and-wash painting (sumukchaesaek) on aged hanji mulberry paper, muted mineral pigments (malachite green, azurite blue, ochre, cinnabar red, ink black), confident brush strokes with dry-brush texture, soft paper grain, restrained palette, in the manner of Kim Hong-do and Jeong Seon, single object centered, plain warm hanji background, soft ambient occlusion, clean silhouette, game item icon, 1:1 --ar 1:1 --style raw","photorealistic, 3d render, anime, chibi, western fantasy, neon, glossy plastic, text, watermark, signature, modern clothing, Chinese Qing costume, Manchu queue hairstyle, Japanese kimono, samurai armor, hakama, hanfu with crossed wide sleeves of Ming court, Japanese katana, multiple objects, hands, cluttered background",Ancient Historical Manuscript,Mulberry Hanji Paper & Ink
eq_her_n177,res://assets/icons/items/eq_her_n177.png,icon,《울진 산신각 마애칠성도》 필사본,,"museum-quality illustration of 《울진 산신각 마애칠성도》 필사본 (Ancient Historical Manuscript), made of Mulberry Hanji Paper & Ink, Late Joseon period, Joseon-era Korean ink-and-wash painting (sumukchaesaek) on aged hanji mulberry paper, muted mineral pigments (malachite green, azurite blue, ochre, cinnabar red, ink black), confident brush strokes with dry-brush texture, soft paper grain, restrained palette, in the manner of Kim Hong-do and Jeong Seon, single object centered, plain warm hanji background, soft ambient occlusion, clean silhouette, game item icon, 1:1 --ar 1:1 --style raw","photorealistic, 3d render, anime, chibi, western fantasy, neon, glossy plastic, text, watermark, signature, modern clothing, Chinese Qing costume, Manchu queue hairstyle, Japanese kimono, samurai armor, hakama, hanfu with crossed wide sleeves of Ming court, Japanese katana, multiple objects, hands, cluttered background",Ancient Historical Manuscript,Mulberry Hanji Paper & Ink
eq_her_n178,res://assets/icons/items/eq_her_n178.png,icon,《충주 향교 대성전 목판》 필사본,,"museum-quality illustration of 《충주 향교 대성전 목판》 필사본 (Ancient Historical Manuscript), made of Mulberry Hanji Paper & Ink, Late Joseon period, Joseon-era Korean ink-and-wash painting (sumukchaesaek) on aged hanji mulberry paper, muted mineral pigments (malachite green, azurite blue, ochre, cinnabar red, ink black), confident brush strokes with dry-brush texture, soft paper grain, restrained palette, in the manner of Kim Hong-do and Jeong Seon, single object centered, plain warm hanji background, soft ambient occlusion, clean silhouette, game item icon, 1:1 --ar 1:1 --style raw","photorealistic, 3d render, anime, chibi, western fantasy, neon, glossy plastic, text, watermark, signature, modern clothing, Chinese Qing costume, Manchu queue hairstyle, Japanese kimono, samurai armor, hakama, hanfu with crossed wide sleeves of Ming court, Japanese katana, multiple objects, hands, cluttered background",Ancient Historical Manuscript,Mulberry Hanji Paper & Ink
eq_her_n182,res://assets/icons/items/eq_her_n182.png,icon,《충주 어사 순력기 고문서》 필사본,,"museum-quality illustration of 《충주 어사 순력기 고문서》 필사본 (Ancient Historical Manuscript), made of Mulberry Hanji Paper & Ink, Late Joseon period, Joseon-era Korean ink-and-wash painting (sumukchaesaek) on aged hanji mulberry paper, muted mineral pigments (malachite green, azurite blue, ochre, cinnabar red, ink black), confident brush strokes with dry-brush texture, soft paper grain, restrained palette, in the manner of Kim Hong-do and Jeong Seon, single object centered, plain warm hanji background, soft ambient occlusion, clean silhouette, game item icon, 1:1 --ar 1:1 --style raw","photorealistic, 3d render, anime, chibi, western fantasy, neon, glossy plastic, text, watermark, signature, modern clothing, Chinese Qing costume, Manchu queue hairstyle, Japanese kimono, samurai armor, hakama, hanfu with crossed wide sleeves of Ming court, Japanese katana, multiple objects, hands, cluttered background",Ancient Historical Manuscript,Mulberry Hanji Paper & Ink
eq_her_n191,res://assets/icons/items/eq_her_n191.png,icon,《당진 신리성지 다블뤼 주교 유품》 필사본,,"museum-quality illustration of 《당진 신리성지 다블뤼 주교 유품》 필사본 (Ancient Historical Manuscript), made of Mulberry Hanji Paper & Ink, Late Joseon period, Joseon-era Korean ink-and-wash painting (sumukchaesaek) on aged hanji mulberry paper, muted mineral pigments (malachite green, azurite blue, ochre, cinnabar red, ink black), confident brush strokes with dry-brush texture, soft paper grain, restrained palette, in the manner of Kim Hong-do and Jeong Seon, single object centered, plain warm hanji background, soft ambient occlusion, clean silhouette, game item icon, 1:1 --ar 1:1 --style raw","photorealistic, 3d render, anime, chibi, western fantasy, neon, glossy plastic, text, watermark, signature, modern clothing, Chinese Qing costume, Manchu queue hairstyle, Japanese kimono, samurai armor, hakama, hanfu with crossed wide sleeves of Ming court, Japanese katana, multiple objects, hands, cluttered background",Ancient Historical Manuscript,Mulberry Hanji Paper & Ink
eq_her_n194,res://assets/icons/items/eq_her_n194.png,icon,《수원 관아 동헌 현판 및 옥인》 필사본,,"museum-quality illustration of 《수원 관아 동헌 현판 및 옥인》 필사본 (Ancient Historical Manuscript), made of Mulberry Hanji Paper & Ink, Late Joseon period, Joseon-era Korean ink-and-wash painting (sumukchaesaek) on aged hanji mulberry paper, muted mineral pigments (malachite green, azurite blue, ochre, cinnabar red, ink black), confident brush strokes with dry-brush texture, soft paper grain, restrained palette, in the manner of Kim Hong-do and Jeong Seon, single object centered, plain warm hanji background, soft ambient occlusion, clean silhouette, game item icon, 1:1 --ar 1:1 --style raw","photorealistic, 3d render, anime, chibi, western fantasy, neon, glossy plastic, text, watermark, signature, modern clothing, Chinese Qing costume, Manchu queue hairstyle, Japanese kimono, samurai armor, hakama, hanfu with crossed wide sleeves of Ming court, Japanese katana, multiple objects, hands, cluttered background",Ancient Historical Manuscript,Mulberry Hanji Paper & Ink
eq_her_n197,res://assets/icons/items/eq_her_n197.png,icon,《서산 산신각 마애칠성도》 필사본,,"museum-quality illustration of 《서산 산신각 마애칠성도》 필사본 (Ancient Historical Manuscript), made of Mulberry Hanji Paper & Ink, Late Joseon period, Joseon-era Korean ink-and-wash painting (sumukchaesaek) on aged hanji mulberry paper, muted mineral pigments (malachite green, azurite blue, ochre, cinnabar red, ink black), confident brush strokes with dry-brush texture, soft paper grain, restrained palette, in the manner of Kim Hong-do and Jeong Seon, single object centered, plain warm hanji background, soft ambient occlusion, clean silhouette, game item icon, 1:1 --ar 1:1 --style raw","photorealistic, 3d render, anime, chibi, western fantasy, neon, glossy plastic, text, watermark, signature, modern clothing, Chinese Qing costume, Manchu queue hairstyle, Japanese kimono, samurai armor, hakama, hanfu with crossed wide sleeves of Ming court, Japanese katana, multiple objects, hands, cluttered background",Ancient Historical Manuscript,Mulberry Hanji Paper & Ink
eq_her_n198,res://assets/icons/items/eq_her_n198.png,icon,《수원 향교 대성전 목판》 필사본,,"museum-quality illustration of 《수원 향교 대성전 목판》 필사본 (Ancient Historical Manuscript), made of Mulberry Hanji Paper & Ink, Late Joseon period, Joseon-era Korean ink-and-wash painting (sumukchaesaek) on aged hanji mulberry paper, muted mineral pigments (malachite green, azurite blue, ochre, cinnabar red, ink black), confident brush strokes with dry-brush texture, soft paper grain, restrained palette, in the manner of Kim Hong-do and Jeong Seon, single object centered, plain warm hanji background, soft ambient occlusion, clean silhouette, game item icon, 1:1 --ar 1:1 --style raw","photorealistic, 3d render, anime, chibi, western fantasy, neon, glossy plastic, text, watermark, signature, modern clothing, Chinese Qing costume, Manchu queue hairstyle, Japanese kimono, samurai armor, hakama, hanfu with crossed wide sleeves of Ming court, Japanese katana, multiple objects, hands, cluttered background",Ancient Historical Manuscript,Mulberry Hanji Paper & Ink
eq_her_n202,res://assets/icons/items/eq_her_n202.png,icon,《수원 어사 순력기 고문서》 필사본,,"museum-quality illustration of 《수원 어사 순력기 고문서》 필사본 (Ancient Historical Manuscript), made of Mulberry Hanji Paper & Ink, Late Joseon period, Joseon-era Korean ink-and-wash painting (sumukchaesaek) on aged hanji mulberry paper, muted mineral pigments (malachite green, azurite blue, ochre, cinnabar red, ink black), confident brush strokes with dry-brush texture, soft paper grain, restrained palette, in the manner of Kim Hong-do and Jeong Seon, single object centered, plain warm hanji background, soft ambient occlusion, clean silhouette, game item icon, 1:1 --ar 1:1 --style raw","photorealistic, 3d render, anime, chibi, western fantasy, neon, glossy plastic, text, watermark, signature, modern clothing, Chinese Qing costume, Manchu queue hairstyle, Japanese kimono, samurai armor, hakama, hanfu with crossed wide sleeves of Ming court, Japanese katana, multiple objects, hands, cluttered background",Ancient Historical Manuscript,Mulberry Hanji Paper & Ink
eq_her_n208,res://assets/icons/items/eq_her_n208.png,icon,《훈민정음 해례본(간송본)》 필사본,,"museum-quality illustration of 《훈민정음 해례본(간송본)》 필사본 (Ancient Historical Manuscript), made of Mulberry Hanji Paper & Ink, Mid Joseon period, Joseon-era Korean ink-and-wash painting (sumukchaesaek) on aged hanji mulberry paper, muted mineral pigments (malachite green, azurite blue, ochre, cinnabar red, ink black), confident brush strokes with dry-brush texture, soft paper grain, restrained palette, in the manner of Kim Hong-do and Jeong Seon, single object centered, plain warm hanji background, soft ambient occlusion, clean silhouette, game item icon, 1:1 --ar 1:1 --style raw","photorealistic, 3d render, anime, chibi, western fantasy, neon, glossy plastic, text, watermark, signature, modern clothing, Chinese Qing costume, Manchu queue hairstyle, Japanese kimono, samurai armor, hakama, hanfu with crossed wide sleeves of Ming court, Japanese katana, multiple objects, hands, cluttered background",Ancient Historical Manuscript,Mulberry Hanji Paper & Ink
eq_her_n209,res://assets/icons/items/eq_her_n209.png,icon,《조선왕조실록 태백산사고본》 필사본,,"museum-quality illustration of 《조선왕조실록 태백산사고본》 필사본 (Ancient Historical Manuscript), made of Mulberry Hanji Paper & Ink, Early Joseon period, Joseon-era Korean ink-and-wash painting (sumukchaesaek) on aged hanji mulberry paper, muted mineral pigments (malachite green, azurite blue, ochre, cinnabar red, ink black), confident brush strokes with dry-brush texture, soft paper grain, restrained palette, in the manner of Kim Hong-do and Jeong Seon, single object centered, plain warm hanji background, soft ambient occlusion, clean silhouette, game item icon, 1:1 --ar 1:1 --style raw","photorealistic, 3d render, anime, chibi, western fantasy, neon, glossy plastic, text, watermark, signature, modern clothing, Chinese Qing costume, Manchu queue hairstyle, Japanese kimono, samurai armor, hakama, hanfu with crossed wide sleeves of Ming court, Japanese katana, multiple objects, hands, cluttered background",Ancient Historical Manuscript,Mulberry Hanji Paper & Ink
eq_her_n213,res://assets/icons/items/eq_her_n213.png,icon,《강릉 오죽헌 신사임당 초충도 병풍》 필사본,,"museum-quality illustration of 《강릉 오죽헌 신사임당 초충도 병풍》 필사본 (Ancient Historical Manuscript), made of Mulberry Hanji Paper & Ink, Mid Joseon period, Joseon-era Korean ink-and-wash painting (sumukchaesaek) on aged hanji mulberry paper, muted mineral pigments (malachite green, azurite blue, ochre, cinnabar red, ink black), confident brush strokes with dry-brush texture, soft paper grain, restrained palette, in the manner of Kim Hong-do and Jeong Seon, single object centered, plain warm hanji background, soft ambient occlusion, clean silhouette, game item icon, 1:1 --ar 1:1 --style raw","photorealistic, 3d render, anime, chibi, western fantasy, neon, glossy plastic, text, watermark, signature, modern clothing, Chinese Qing costume, Manchu queue hairstyle, Japanese kimono, samurai armor, hakama, hanfu with crossed wide sleeves of Ming court, Japanese katana, multiple objects, hands, cluttered background",Ancient Historical Manuscript,Mulberry Hanji Paper & Ink
eq_her_n214,res://assets/icons/items/eq_her_n214.png,icon,《한양 관아 동헌 현판 및 옥인》 필사본,,"museum-quality illustration of 《한양 관아 동헌 현판 및 옥인》 필사본 (Ancient Historical Manuscript), made of Mulberry Hanji Paper & Ink, Late Joseon period, Joseon-era Korean ink-and-wash painting (sumukchaesaek) on aged hanji mulberry paper, muted mineral pigments (malachite green, azurite blue, ochre, cinnabar red, ink black), confident brush strokes with dry-brush texture, soft paper grain, restrained palette, in the manner of Kim Hong-do and Jeong Seon, single object centered, plain warm hanji background, soft ambient occlusion, clean silhouette, game item icon, 1:1 --ar 1:1 --style raw","photorealistic, 3d render, anime, chibi, western fantasy, neon, glossy plastic, text, watermark, signature, modern clothing, Chinese Qing costume, Manchu queue hairstyle, Japanese kimono, samurai armor, hakama, hanfu with crossed wide sleeves of Ming court, Japanese katana, multiple objects, hands, cluttered background",Ancient Historical Manuscript,Mulberry Hanji Paper & Ink
eq_her_n217,res://assets/icons/items/eq_her_n217.png,icon,《강릉 산신각 마애칠성도》 필사본,,"museum-quality illustration of 《강릉 산신각 마애칠성도》 필사본 (Ancient Historical Manuscript), made of Mulberry Hanji Paper & Ink, Late Joseon period, Joseon-era Korean ink-and-wash painting (sumukchaesaek) on aged hanji mulberry paper, muted mineral pigments (malachite green, azurite blue, ochre, cinnabar red, ink black), confident brush strokes with dry-brush texture, soft paper grain, restrained palette, in the manner of Kim Hong-do and Jeong Seon, single object centered, plain warm hanji background, soft ambient occlusion, clean silhouette, game item icon, 1:1 --ar 1:1 --style raw","photorealistic, 3d render, anime, chibi, western fantasy, neon, glossy plastic, text, watermark, signature, modern clothing, Chinese Qing costume, Manchu queue hairstyle, Japanese kimono, samurai armor, hakama, hanfu with crossed wide sleeves of Ming court, Japanese katana, multiple objects, hands, cluttered background",Ancient Historical Manuscript,Mulberry Hanji Paper & Ink
eq_her_n218,res://assets/icons/items/eq_her_n218.png,icon,《한양 향교 대성전 목판》 필사본,,"museum-quality illustration of 《한양 향교 대성전 목판》 필사본 (Ancient Historical Manuscript), made of Mulberry Hanji Paper & Ink, Late Joseon period, Joseon-era Korean ink-and-wash painting (sumukchaesaek) on aged hanji mulberry paper, muted mineral pigments (malachite green, azurite blue, ochre, cinnabar red, ink black), confident brush strokes with dry-brush texture, soft paper grain, restrained palette, in the manner of Kim Hong-do and Jeong Seon, single object centered, plain warm hanji background, soft ambient occlusion, clean silhouette, game item icon, 1:1 --ar 1:1 --style raw","photorealistic, 3d render, anime, chibi, western fantasy, neon, glossy plastic, text, watermark, signature, modern clothing, Chinese Qing costume, Manchu queue hairstyle, Japanese kimono, samurai armor, hakama, hanfu with crossed wide sleeves of Ming court, Japanese katana, multiple objects, hands, cluttered background",Ancient Historical Manuscript,Mulberry Hanji Paper & Ink
eq_her_n222,res://assets/icons/items/eq_her_n222.png,icon,《한양 어사 순력기 고문서》 필사본,,"museum-quality illustration of 《한양 어사 순력기 고문서》 필사본 (Ancient Historical Manuscript), made of Mulberry Hanji Paper & Ink, Late Joseon period, Joseon-era Korean ink-and-wash painting (sumukchaesaek) on aged hanji mulberry paper, muted mineral pigments (malachite green, azurite blue, ochre, cinnabar red, ink black), confident brush strokes with dry-brush texture, soft paper grain, restrained palette, in the manner of Kim Hong-do and Jeong Seon, single object centered, plain warm hanji background, soft ambient occlusion, clean silhouette, game item icon, 1:1 --ar 1:1 --style raw","photorealistic, 3d render, anime, chibi, western fantasy, neon, glossy plastic, text, watermark, signature, modern clothing, Chinese Qing costume, Manchu queue hairstyle, Japanese kimono, samurai armor, hakama, hanfu with crossed wide sleeves of Ming court, Japanese katana, multiple objects, hands, cluttered background",Ancient Historical Manuscript,Mulberry Hanji Paper & Ink
eq_her_n234,res://assets/icons/items/eq_her_n234.png,icon,《화천 비수구미 산신각 마애부적》 필사본,,"museum-quality illustration of 《화천 비수구미 산신각 마애부적》 필사본 (Ancient Historical Manuscript), made of Mulberry Hanji Paper & Ink, Late Joseon period, Joseon-era Korean ink-and-wash painting (sumukchaesaek) on aged hanji mulberry paper, muted mineral pigments (malachite green, azurite blue, ochre, cinnabar red, ink black), confident brush strokes with dry-brush texture, soft paper grain, restrained palette, in the manner of Kim Hong-do and Jeong Seon, single object centered, plain warm hanji background, soft ambient occlusion, clean silhouette, game item icon, 1:1 --ar 1:1 --style raw","photorealistic, 3d render, anime, chibi, western fantasy, neon, glossy plastic, text, watermark, signature, modern clothing, Chinese Qing costume, Manchu queue hairstyle, Japanese kimono, samurai armor, hakama, hanfu with crossed wide sleeves of Ming court, Japanese katana, multiple objects, hands, cluttered background",Ancient Historical Manuscript,Mulberry Hanji Paper & Ink
eq_her_n235,res://assets/icons/items/eq_her_n235.png,icon,《파주 관아 동헌 현판 및 옥인》 필사본,,"museum-quality illustration of 《파주 관아 동헌 현판 및 옥인》 필사본 (Ancient Historical Manuscript), made of Mulberry Hanji Paper & Ink, Late Joseon period, Joseon-era Korean ink-and-wash painting (sumukchaesaek) on aged hanji mulberry paper, muted mineral pigments (malachite green, azurite blue, ochre, cinnabar red, ink black), confident brush strokes with dry-brush texture, soft paper grain, restrained palette, in the manner of Kim Hong-do and Jeong Seon, single object centered, plain warm hanji background, soft ambient occlusion, clean silhouette, game item icon, 1:1 --ar 1:1 --style raw","photorealistic, 3d render, anime, chibi, western fantasy, neon, glossy plastic, text, watermark, signature, modern clothing, Chinese Qing costume, Manchu queue hairstyle, Japanese kimono, samurai armor, hakama, hanfu with crossed wide sleeves of Ming court, Japanese katana, multiple objects, hands, cluttered background",Ancient Historical Manuscript,Mulberry Hanji Paper & Ink
eq_her_n238,res://assets/icons/items/eq_her_n238.png,icon,《양양 산신각 마애칠성도》 필사본,,"museum-quality illustration of 《양양 산신각 마애칠성도》 필사본 (Ancient Historical Manuscript), made of Mulberry Hanji Paper & Ink, Late Joseon period, Joseon-era Korean ink-and-wash painting (sumukchaesaek) on aged hanji mulberry paper, muted mineral pigments (malachite green, azurite blue, ochre, cinnabar red, ink black), confident brush strokes with dry-brush texture, soft paper grain, restrained palette, in the manner of Kim Hong-do and Jeong Seon, single object centered, plain warm hanji background, soft ambient occlusion, clean silhouette, game item icon, 1:1 --ar 1:1 --style raw","photorealistic, 3d render, anime, chibi, western fantasy, neon, glossy plastic, text, watermark, signature, modern clothing, Chinese Qing costume, Manchu queue hairstyle, Japanese kimono, samurai armor, hakama, hanfu with crossed wide sleeves of Ming court, Japanese katana, multiple objects, hands, cluttered background",Ancient Historical Manuscript,Mulberry Hanji Paper & Ink
eq_her_n239,res://assets/icons/items/eq_her_n239.png,icon,《파주 향교 대성전 목판》 필사본,,"museum-quality illustration of 《파주 향교 대성전 목판》 필사본 (Ancient Historical Manuscript), made of Mulberry Hanji Paper & Ink, Late Joseon period, Joseon-era Korean ink-and-wash painting (sumukchaesaek) on aged hanji mulberry paper, muted mineral pigments (malachite green, azurite blue, ochre, cinnabar red, ink black), confident brush strokes with dry-brush texture, soft paper grain, restrained palette, in the manner of Kim Hong-do and Jeong Seon, single object centered, plain warm hanji background, soft ambient occlusion, clean silhouette, game item icon, 1:1 --ar 1:1 --style raw","photorealistic, 3d render, anime, chibi, western fantasy, neon, glossy plastic, text, watermark, signature, modern clothing, Chinese Qing costume, Manchu queue hairstyle, Japanese kimono, samurai armor, hakama, hanfu with crossed wide sleeves of Ming court, Japanese katana, multiple objects, hands, cluttered background",Ancient Historical Manuscript,Mulberry Hanji Paper & Ink
eq_her_n243,res://assets/icons/items/eq_her_n243.png,icon,《파주 어사 순력기 고문서》 필사본,,"museum-quality illustration of 《파주 어사 순력기 고문서》 필사본 (Ancient Historical Manuscript), made of Mulberry Hanji Paper & Ink, Late Joseon period, Joseon-era Korean ink-and-wash painting (sumukchaesaek) on aged hanji mulberry paper, muted mineral pigments (malachite green, azurite blue, ochre, cinnabar red, ink black), confident brush strokes with dry-brush texture, soft paper grain, restrained palette, in the manner of Kim Hong-do and Jeong Seon, single object centered, plain warm hanji background, soft ambient occlusion, clean silhouette, game item icon, 1:1 --ar 1:1 --style raw","photorealistic, 3d render, anime, chibi, western fantasy, neon, glossy plastic, text, watermark, signature, modern clothing, Chinese Qing costume, Manchu queue hairstyle, Japanese kimono, samurai armor, hakama, hanfu with crossed wide sleeves of Ming court, Japanese katana, multiple objects, hands, cluttered background",Ancient Historical Manuscript,Mulberry Hanji Paper & Ink
eq_her_n255,res://assets/icons/items/eq_her_n255.png,icon,《개성 관아 동헌 현판 및 옥인》 필사본,,"museum-quality illustration of 《개성 관아 동헌 현판 및 옥인》 필사본 (Ancient Historical Manuscript), made of Mulberry Hanji Paper & Ink, Late Joseon period, Joseon-era Korean ink-and-wash painting (sumukchaesaek) on aged hanji mulberry paper, muted mineral pigments (malachite green, azurite blue, ochre, cinnabar red, ink black), confident brush strokes with dry-brush texture, soft paper grain, restrained palette, in the manner of Kim Hong-do and Jeong Seon, single object centered, plain warm hanji background, soft ambient occlusion, clean silhouette, game item icon, 1:1 --ar 1:1 --style raw","photorealistic, 3d render, anime, chibi, western fantasy, neon, glossy plastic, text, watermark, signature, modern clothing, Chinese Qing costume, Manchu queue hairstyle, Japanese kimono, samurai armor, hakama, hanfu with crossed wide sleeves of Ming court, Japanese katana, multiple objects, hands, cluttered background",Ancient Historical Manuscript,Mulberry Hanji Paper & Ink
eq_her_n258,res://assets/icons/items/eq_her_n258.png,icon,《김화 산신각 마애칠성도》 필사본,,"museum-quality illustration of 《김화 산신각 마애칠성도》 필사본 (Ancient Historical Manuscript), made of Mulberry Hanji Paper & Ink, Late Joseon period, Joseon-era Korean ink-and-wash painting (sumukchaesaek) on aged hanji mulberry paper, muted mineral pigments (malachite green, azurite blue, ochre, cinnabar red, ink black), confident brush strokes with dry-brush texture, soft paper grain, restrained palette, in the manner of Kim Hong-do and Jeong Seon, single object centered, plain warm hanji background, soft ambient occlusion, clean silhouette, game item icon, 1:1 --ar 1:1 --style raw","photorealistic, 3d render, anime, chibi, western fantasy, neon, glossy plastic, text, watermark, signature, modern clothing, Chinese Qing costume, Manchu queue hairstyle, Japanese kimono, samurai armor, hakama, hanfu with crossed wide sleeves of Ming court, Japanese katana, multiple objects, hands, cluttered background",Ancient Historical Manuscript,Mulberry Hanji Paper & Ink
eq_her_n259,res://assets/icons/items/eq_her_n259.png,icon,《통천 향교 대성전 목판》 필사본,,"museum-quality illustration of 《통천 향교 대성전 목판》 필사본 (Ancient Historical Manuscript), made of Mulberry Hanji Paper & Ink, Late Joseon period, Joseon-era Korean ink-and-wash painting (sumukchaesaek) on aged hanji mulberry paper, muted mineral pigments (malachite green, azurite blue, ochre, cinnabar red, ink black), confident brush strokes with dry-brush texture, soft paper grain, restrained palette, in the manner of Kim Hong-do and Jeong Seon, single object centered, plain warm hanji background, soft ambient occlusion, clean silhouette, game item icon, 1:1 --ar 1:1 --style raw","photorealistic, 3d render, anime, chibi, western fantasy, neon, glossy plastic, text, watermark, signature, modern clothing, Chinese Qing costume, Manchu queue hairstyle, Japanese kimono, samurai armor, hakama, hanfu with crossed wide sleeves of Ming court, Japanese katana, multiple objects, hands, cluttered background",Ancient Historical Manuscript,Mulberry Hanji Paper & Ink
eq_her_n263,res://assets/icons/items/eq_her_n263.png,icon,《김화 어사 순력기 고문서》 필사본,,"museum-quality illustration of 《김화 어사 순력기 고문서》 필사본 (Ancient Historical Manuscript), made of Mulberry Hanji Paper & Ink, Late Joseon period, Joseon-era Korean ink-and-wash painting (sumukchaesaek) on aged hanji mulberry paper, muted mineral pigments (malachite green, azurite blue, ochre, cinnabar red, ink black), confident brush strokes with dry-brush texture, soft paper grain, restrained palette, in the manner of Kim Hong-do and Jeong Seon, single object centered, plain warm hanji background, soft ambient occlusion, clean silhouette, game item icon, 1:1 --ar 1:1 --style raw","photorealistic, 3d render, anime, chibi, western fantasy, neon, glossy plastic, text, watermark, signature, modern clothing, Chinese Qing costume, Manchu queue hairstyle, Japanese kimono, samurai armor, hakama, hanfu with crossed wide sleeves of Ming court, Japanese katana, multiple objects, hands, cluttered background",Ancient Historical Manuscript,Mulberry Hanji Paper & Ink
eq_her_n273,res://assets/icons/items/eq_her_n273.png,icon,《재령 강선루 현판》 필사본,,"museum-quality illustration of 《재령 강선루 현판》 필사본 (Ancient Historical Manuscript), made of Mulberry Hanji Paper & Ink, Late Joseon period, Joseon-era Korean ink-and-wash painting (sumukchaesaek) on aged hanji mulberry paper, muted mineral pigments (malachite green, azurite blue, ochre, cinnabar red, ink black), confident brush strokes with dry-brush texture, soft paper grain, restrained palette, in the manner of Kim Hong-do and Jeong Seon, single object centered, plain warm hanji background, soft ambient occlusion, clean silhouette, game item icon, 1:1 --ar 1:1 --style raw","photorealistic, 3d render, anime, chibi, western fantasy, neon, glossy plastic, text, watermark, signature, modern clothing, Chinese Qing costume, Manchu queue hairstyle, Japanese kimono, samurai armor, hakama, hanfu with crossed wide sleeves of Ming court, Japanese katana, multiple objects, hands, cluttered background",Ancient Historical Manuscript,Mulberry Hanji Paper & Ink
eq_her_n275,res://assets/icons/items/eq_her_n275.png,icon,《해주 관아 동헌 현판 및 옥인》 필사본,,"museum-quality illustration of 《해주 관아 동헌 현판 및 옥인》 필사본 (Ancient Historical Manuscript), made of Mulberry Hanji Paper & Ink, Late Joseon period, Joseon-era Korean ink-and-wash painting (sumukchaesaek) on aged hanji mulberry paper, muted mineral pigments (malachite green, azurite blue, ochre, cinnabar red, ink black), confident brush strokes with dry-brush texture, soft paper grain, restrained palette, in the manner of Kim Hong-do and Jeong Seon, single object centered, plain warm hanji background, soft ambient occlusion, clean silhouette, game item icon, 1:1 --ar 1:1 --style raw","photorealistic, 3d render, anime, chibi, western fantasy, neon, glossy plastic, text, watermark, signature, modern clothing, Chinese Qing costume, Manchu queue hairstyle, Japanese kimono, samurai armor, hakama, hanfu with crossed wide sleeves of Ming court, Japanese katana, multiple objects, hands, cluttered background",Ancient Historical Manuscript,Mulberry Hanji Paper & Ink
eq_her_n278,res://assets/icons/items/eq_her_n278.png,icon,《재령 산신각 마애칠성도》 필사본,,"museum-quality illustration of 《재령 산신각 마애칠성도》 필사본 (Ancient Historical Manuscript), made of Mulberry Hanji Paper & Ink, Late Joseon period, Joseon-era Korean ink-and-wash painting (sumukchaesaek) on aged hanji mulberry paper, muted mineral pigments (malachite green, azurite blue, ochre, cinnabar red, ink black), confident brush strokes with dry-brush texture, soft paper grain, restrained palette, in the manner of Kim Hong-do and Jeong Seon, single object centered, plain warm hanji background, soft ambient occlusion, clean silhouette, game item icon, 1:1 --ar 1:1 --style raw","photorealistic, 3d render, anime, chibi, western fantasy, neon, glossy plastic, text, watermark, signature, modern clothing, Chinese Qing costume, Manchu queue hairstyle, Japanese kimono, samurai armor, hakama, hanfu with crossed wide sleeves of Ming court, Japanese katana, multiple objects, hands, cluttered background",Ancient Historical Manuscript,Mulberry Hanji Paper & Ink
eq_her_n279,res://assets/icons/items/eq_her_n279.png,icon,《해주 향교 대성전 목판》 필사본,,"museum-quality illustration of 《해주 향교 대성전 목판》 필사본 (Ancient Historical Manuscript), made of Mulberry Hanji Paper & Ink, Late Joseon period, Joseon-era Korean ink-and-wash painting (sumukchaesaek) on aged hanji mulberry paper, muted mineral pigments (malachite green, azurite blue, ochre, cinnabar red, ink black), confident brush strokes with dry-brush texture, soft paper grain, restrained palette, in the manner of Kim Hong-do and Jeong Seon, single object centered, plain warm hanji background, soft ambient occlusion, clean silhouette, game item icon, 1:1 --ar 1:1 --style raw","photorealistic, 3d render, anime, chibi, western fantasy, neon, glossy plastic, text, watermark, signature, modern clothing, Chinese Qing costume, Manchu queue hairstyle, Japanese kimono, samurai armor, hakama, hanfu with crossed wide sleeves of Ming court, Japanese katana, multiple objects, hands, cluttered background",Ancient Historical Manuscript,Mulberry Hanji Paper & Ink
eq_her_n283,res://assets/icons/items/eq_her_n283.png,icon,《해주 어사 순력기 고문서》 필사본,,"museum-quality illustration of 《해주 어사 순력기 고문서》 필사본 (Ancient Historical Manuscript), made of Mulberry Hanji Paper & Ink, Late Joseon period, Joseon-era Korean ink-and-wash painting (sumukchaesaek) on aged hanji mulberry paper, muted mineral pigments (malachite green, azurite blue, ochre, cinnabar red, ink black), confident brush strokes with dry-brush texture, soft paper grain, restrained palette, in the manner of Kim Hong-do and Jeong Seon, single object centered, plain warm hanji background, soft ambient occlusion, clean silhouette, game item icon, 1:1 --ar 1:1 --style raw","photorealistic, 3d render, anime, chibi, western fantasy, neon, glossy plastic, text, watermark, signature, modern clothing, Chinese Qing costume, Manchu queue hairstyle, Japanese kimono, samurai armor, hakama, hanfu with crossed wide sleeves of Ming court, Japanese katana, multiple objects, hands, cluttered background",Ancient Historical Manuscript,Mulberry Hanji Paper & Ink
eq_her_n288,res://assets/icons/items/eq_her_n288.png,icon,《강서대묘 고구려 사신도 벽화》 필사본,,"museum-quality illustration of 《강서대묘 고구려 사신도 벽화》 필사본 (Ancient Historical Manuscript), made of Mulberry Hanji Paper & Ink, Mid Joseon period, Joseon-era Korean ink-and-wash painting (sumukchaesaek) on aged hanji mulberry paper, muted mineral pigments (malachite green, azurite blue, ochre, cinnabar red, ink black), confident brush strokes with dry-brush texture, soft paper grain, restrained palette, in the manner of Kim Hong-do and Jeong Seon, single object centered, plain warm hanji background, soft ambient occlusion, clean silhouette, game item icon, 1:1 --ar 1:1 --style raw","photorealistic, 3d render, anime, chibi, western fantasy, neon, glossy plastic, text, watermark, signature, modern clothing, Chinese Qing costume, Manchu queue hairstyle, Japanese kimono, samurai armor, hakama, hanfu with crossed wide sleeves of Ming court, Japanese katana, multiple objects, hands, cluttered background",Ancient Historical Manuscript,Mulberry Hanji Paper & Ink
eq_her_n295,res://assets/icons/items/eq_her_n295.png,icon,《평양 관아 동헌 현판 및 옥인》 필사본,,"museum-quality illustration of 《평양 관아 동헌 현판 및 옥인》 필사본 (Ancient Historical Manuscript), made of Mulberry Hanji Paper & Ink, Late Joseon period, Joseon-era Korean ink-and-wash painting (sumukchaesaek) on aged hanji mulberry paper, muted mineral pigments (malachite green, azurite blue, ochre, cinnabar red, ink black), confident brush strokes with dry-brush texture, soft paper grain, restrained palette, in the manner of Kim Hong-do and Jeong Seon, single object centered, plain warm hanji background, soft ambient occlusion, clean silhouette, game item icon, 1:1 --ar 1:1 --style raw","photorealistic, 3d render, anime, chibi, western fantasy, neon, glossy plastic, text, watermark, signature, modern clothing, Chinese Qing costume, Manchu queue hairstyle, Japanese kimono, samurai armor, hakama, hanfu with crossed wide sleeves of Ming court, Japanese katana, multiple objects, hands, cluttered background",Ancient Historical Manuscript,Mulberry Hanji Paper & Ink
eq_her_n298,res://assets/icons/items/eq_her_n298.png,icon,《강서 산신각 마애칠성도》 필사본,,"museum-quality illustration of 《강서 산신각 마애칠성도》 필사본 (Ancient Historical Manuscript), made of Mulberry Hanji Paper & Ink, Late Joseon period, Joseon-era Korean ink-and-wash painting (sumukchaesaek) on aged hanji mulberry paper, muted mineral pigments (malachite green, azurite blue, ochre, cinnabar red, ink black), confident brush strokes with dry-brush texture, soft paper grain, restrained palette, in the manner of Kim Hong-do and Jeong Seon, single object centered, plain warm hanji background, soft ambient occlusion, clean silhouette, game item icon, 1:1 --ar 1:1 --style raw","photorealistic, 3d render, anime, chibi, western fantasy, neon, glossy plastic, text, watermark, signature, modern clothing, Chinese Qing costume, Manchu queue hairstyle, Japanese kimono, samurai armor, hakama, hanfu with crossed wide sleeves of Ming court, Japanese katana, multiple objects, hands, cluttered background",Ancient Historical Manuscript,Mulberry Hanji Paper & Ink
eq_her_n299,res://assets/icons/items/eq_her_n299.png,icon,《평양 향교 대성전 목판》 필사본,,"museum-quality illustration of 《평양 향교 대성전 목판》 필사본 (Ancient Historical Manuscript), made of Mulberry Hanji Paper & Ink, Late Joseon period, Joseon-era Korean ink-and-wash painting (sumukchaesaek) on aged hanji mulberry paper, muted mineral pigments (malachite green, azurite blue, ochre, cinnabar red, ink black), confident brush strokes with dry-brush texture, soft paper grain, restrained palette, in the manner of Kim Hong-do and Jeong Seon, single object centered, plain warm hanji background, soft ambient occlusion, clean silhouette, game item icon, 1:1 --ar 1:1 --style raw","photorealistic, 3d render, anime, chibi, western fantasy, neon, glossy plastic, text, watermark, signature, modern clothing, Chinese Qing costume, Manchu queue hairstyle, Japanese kimono, samurai armor, hakama, hanfu with crossed wide sleeves of Ming court, Japanese katana, multiple objects, hands, cluttered background",Ancient Historical Manuscript,Mulberry Hanji Paper & Ink
eq_her_n303,res://assets/icons/items/eq_her_n303.png,icon,《평양 어사 순력기 고문서》 필사본,,"museum-quality illustration of 《평양 어사 순력기 고문서》 필사본 (Ancient Historical Manuscript), made of Mulberry Hanji Paper & Ink, Late Joseon period, Joseon-era Korean ink-and-wash painting (sumukchaesaek) on aged hanji mulberry paper, muted mineral pigments (malachite green, azurite blue, ochre, cinnabar red, ink black), confident brush strokes with dry-brush texture, soft paper grain, restrained palette, in the manner of Kim Hong-do and Jeong Seon, single object centered, plain warm hanji background, soft ambient occlusion, clean silhouette, game item icon, 1:1 --ar 1:1 --style raw","photorealistic, 3d render, anime, chibi, western fantasy, neon, glossy plastic, text, watermark, signature, modern clothing, Chinese Qing costume, Manchu queue hairstyle, Japanese kimono, samurai armor, hakama, hanfu with crossed wide sleeves of Ming court, Japanese katana, multiple objects, hands, cluttered background",Ancient Historical Manuscript,Mulberry Hanji Paper & Ink
eq_her_n313,res://assets/icons/items/eq_her_n313.png,icon,《숙천 열파정 시판》 필사본,,"museum-quality illustration of 《숙천 열파정 시판》 필사본 (Ancient Historical Manuscript), made of Mulberry Hanji Paper & Ink, Late Joseon period, Joseon-era Korean ink-and-wash painting (sumukchaesaek) on aged hanji mulberry paper, muted mineral pigments (malachite green, azurite blue, ochre, cinnabar red, ink black), confident brush strokes with dry-brush texture, soft paper grain, restrained palette, in the manner of Kim Hong-do and Jeong Seon, single object centered, plain warm hanji background, soft ambient occlusion, clean silhouette, game item icon, 1:1 --ar 1:1 --style raw","photorealistic, 3d render, anime, chibi, western fantasy, neon, glossy plastic, text, watermark, signature, modern clothing, Chinese Qing costume, Manchu queue hairstyle, Japanese kimono, samurai armor, hakama, hanfu with crossed wide sleeves of Ming court, Japanese katana, multiple objects, hands, cluttered background",Ancient Historical Manuscript,Mulberry Hanji Paper & Ink
eq_her_n316,res://assets/icons/items/eq_her_n316.png,icon,《안주 관아 동헌 현판 및 옥인》 필사본,,"museum-quality illustration of 《안주 관아 동헌 현판 및 옥인》 필사본 (Ancient Historical Manuscript), made of Mulberry Hanji Paper & Ink, Late Joseon period, Joseon-era Korean ink-and-wash painting (sumukchaesaek) on aged hanji mulberry paper, muted mineral pigments (malachite green, azurite blue, ochre, cinnabar red, ink black), confident brush strokes with dry-brush texture, soft paper grain, restrained palette, in the manner of Kim Hong-do and Jeong Seon, single object centered, plain warm hanji background, soft ambient occlusion, clean silhouette, game item icon, 1:1 --ar 1:1 --style raw","photorealistic, 3d render, anime, chibi, western fantasy, neon, glossy plastic, text, watermark, signature, modern clothing, Chinese Qing costume, Manchu queue hairstyle, Japanese kimono, samurai armor, hakama, hanfu with crossed wide sleeves of Ming court, Japanese katana, multiple objects, hands, cluttered background",Ancient Historical Manuscript,Mulberry Hanji Paper & Ink
eq_her_n319,res://assets/icons/items/eq_her_n319.png,icon,《영흥 산신각 마애칠성도》 필사본,,"museum-quality illustration of 《영흥 산신각 마애칠성도》 필사본 (Ancient Historical Manuscript), made of Mulberry Hanji Paper & Ink, Late Joseon period, Joseon-era Korean ink-and-wash painting (sumukchaesaek) on aged hanji mulberry paper, muted mineral pigments (malachite green, azurite blue, ochre, cinnabar red, ink black), confident brush strokes with dry-brush texture, soft paper grain, restrained palette, in the manner of Kim Hong-do and Jeong Seon, single object centered, plain warm hanji background, soft ambient occlusion, clean silhouette, game item icon, 1:1 --ar 1:1 --style raw","photorealistic, 3d render, anime, chibi, western fantasy, neon, glossy plastic, text, watermark, signature, modern clothing, Chinese Qing costume, Manchu queue hairstyle, Japanese kimono, samurai armor, hakama, hanfu with crossed wide sleeves of Ming court, Japanese katana, multiple objects, hands, cluttered background",Ancient Historical Manuscript,Mulberry Hanji Paper & Ink
eq_her_n320,res://assets/icons/items/eq_her_n320.png,icon,《안주 향교 대성전 목판》 필사본,,"museum-quality illustration of 《안주 향교 대성전 목판》 필사본 (Ancient Historical Manuscript), made of Mulberry Hanji Paper & Ink, Late Joseon period, Joseon-era Korean ink-and-wash painting (sumukchaesaek) on aged hanji mulberry paper, muted mineral pigments (malachite green, azurite blue, ochre, cinnabar red, ink black), confident brush strokes with dry-brush texture, soft paper grain, restrained palette, in the manner of Kim Hong-do and Jeong Seon, single object centered, plain warm hanji background, soft ambient occlusion, clean silhouette, game item icon, 1:1 --ar 1:1 --style raw","photorealistic, 3d render, anime, chibi, western fantasy, neon, glossy plastic, text, watermark, signature, modern clothing, Chinese Qing costume, Manchu queue hairstyle, Japanese kimono, samurai armor, hakama, hanfu with crossed wide sleeves of Ming court, Japanese katana, multiple objects, hands, cluttered background",Ancient Historical Manuscript,Mulberry Hanji Paper & Ink
eq_her_n324,res://assets/icons/items/eq_her_n324.png,icon,《안주 어사 순력기 고문서》 필사본,,"museum-quality illustration of 《안주 어사 순력기 고문서》 필사본 (Ancient Historical Manuscript), made of Mulberry Hanji Paper & Ink, Late Joseon period, Joseon-era Korean ink-and-wash painting (sumukchaesaek) on aged hanji mulberry paper, muted mineral pigments (malachite green, azurite blue, ochre, cinnabar red, ink black), confident brush strokes with dry-brush texture, soft paper grain, restrained palette, in the manner of Kim Hong-do and Jeong Seon, single object centered, plain warm hanji background, soft ambient occlusion, clean silhouette, game item icon, 1:1 --ar 1:1 --style raw","photorealistic, 3d render, anime, chibi, western fantasy, neon, glossy plastic, text, watermark, signature, modern clothing, Chinese Qing costume, Manchu queue hairstyle, Japanese kimono, samurai armor, hakama, hanfu with crossed wide sleeves of Ming court, Japanese katana, multiple objects, hands, cluttered background",Ancient Historical Manuscript,Mulberry Hanji Paper & Ink
eq_her_n327,res://assets/icons/items/eq_her_n327.png,icon,《영변 묘향산 팔만대장경 인쇄본 보관함》 필사본,,"museum-quality illustration of 《영변 묘향산 팔만대장경 인쇄본 보관함》 필사본 (Ancient Historical Manuscript), made of Mulberry Hanji Paper & Ink, Mid Joseon period, Joseon-era Korean ink-and-wash painting (sumukchaesaek) on aged hanji mulberry paper, muted mineral pigments (malachite green, azurite blue, ochre, cinnabar red, ink black), confident brush strokes with dry-brush texture, soft paper grain, restrained palette, in the manner of Kim Hong-do and Jeong Seon, single object centered, plain warm hanji background, soft ambient occlusion, clean silhouette, game item icon, 1:1 --ar 1:1 --style raw","photorealistic, 3d render, anime, chibi, western fantasy, neon, glossy plastic, text, watermark, signature, modern clothing, Chinese Qing costume, Manchu queue hairstyle, Japanese kimono, samurai armor, hakama, hanfu with crossed wide sleeves of Ming court, Japanese katana, multiple objects, hands, cluttered background",Ancient Historical Manuscript,Mulberry Hanji Paper & Ink
eq_her_n336,res://assets/icons/items/eq_her_n336.png,icon,《영변 관아 동헌 현판 및 옥인》 필사본,,"museum-quality illustration of 《영변 관아 동헌 현판 및 옥인》 필사본 (Ancient Historical Manuscript), made of Mulberry Hanji Paper & Ink, Late Joseon period, Joseon-era Korean ink-and-wash painting (sumukchaesaek) on aged hanji mulberry paper, muted mineral pigments (malachite green, azurite blue, ochre, cinnabar red, ink black), confident brush strokes with dry-brush texture, soft paper grain, restrained palette, in the manner of Kim Hong-do and Jeong Seon, single object centered, plain warm hanji background, soft ambient occlusion, clean silhouette, game item icon, 1:1 --ar 1:1 --style raw","photorealistic, 3d render, anime, chibi, western fantasy, neon, glossy plastic, text, watermark, signature, modern clothing, Chinese Qing costume, Manchu queue hairstyle, Japanese kimono, samurai armor, hakama, hanfu with crossed wide sleeves of Ming court, Japanese katana, multiple objects, hands, cluttered background",Ancient Historical Manuscript,Mulberry Hanji Paper & Ink
eq_her_n339,res://assets/icons/items/eq_her_n339.png,icon,《홍원 산신각 마애칠성도》 필사본,,"museum-quality illustration of 《홍원 산신각 마애칠성도》 필사본 (Ancient Historical Manuscript), made of Mulberry Hanji Paper & Ink, Late Joseon period, Joseon-era Korean ink-and-wash painting (sumukchaesaek) on aged hanji mulberry paper, muted mineral pigments (malachite green, azurite blue, ochre, cinnabar red, ink black), confident brush strokes with dry-brush texture, soft paper grain, restrained palette, in the manner of Kim Hong-do and Jeong Seon, single object centered, plain warm hanji background, soft ambient occlusion, clean silhouette, game item icon, 1:1 --ar 1:1 --style raw","photorealistic, 3d render, anime, chibi, western fantasy, neon, glossy plastic, text, watermark, signature, modern clothing, Chinese Qing costume, Manchu queue hairstyle, Japanese kimono, samurai armor, hakama, hanfu with crossed wide sleeves of Ming court, Japanese katana, multiple objects, hands, cluttered background",Ancient Historical Manuscript,Mulberry Hanji Paper & Ink
eq_her_n340,res://assets/icons/items/eq_her_n340.png,icon,《영변 향교 대성전 목판》 필사본,,"museum-quality illustration of 《영변 향교 대성전 목판》 필사본 (Ancient Historical Manuscript), made of Mulberry Hanji Paper & Ink, Late Joseon period, Joseon-era Korean ink-and-wash painting (sumukchaesaek) on aged hanji mulberry paper, muted mineral pigments (malachite green, azurite blue, ochre, cinnabar red, ink black), confident brush strokes with dry-brush texture, soft paper grain, restrained palette, in the manner of Kim Hong-do and Jeong Seon, single object centered, plain warm hanji background, soft ambient occlusion, clean silhouette, game item icon, 1:1 --ar 1:1 --style raw","photorealistic, 3d render, anime, chibi, western fantasy, neon, glossy plastic, text, watermark, signature, modern clothing, Chinese Qing costume, Manchu queue hairstyle, Japanese kimono, samurai armor, hakama, hanfu with crossed wide sleeves of Ming court, Japanese katana, multiple objects, hands, cluttered background",Ancient Historical Manuscript,Mulberry Hanji Paper & Ink
eq_her_n344,res://assets/icons/items/eq_her_n344.png,icon,《영변 어사 순력기 고문서》 필사본,,"museum-quality illustration of 《영변 어사 순력기 고문서》 필사본 (Ancient Historical Manuscript), made of Mulberry Hanji Paper & Ink, Late Joseon period, Joseon-era Korean ink-and-wash painting (sumukchaesaek) on aged hanji mulberry paper, muted mineral pigments (malachite green, azurite blue, ochre, cinnabar red, ink black), confident brush strokes with dry-brush texture, soft paper grain, restrained palette, in the manner of Kim Hong-do and Jeong Seon, single object centered, plain warm hanji background, soft ambient occlusion, clean silhouette, game item icon, 1:1 --ar 1:1 --style raw","photorealistic, 3d render, anime, chibi, western fantasy, neon, glossy plastic, text, watermark, signature, modern clothing, Chinese Qing costume, Manchu queue hairstyle, Japanese kimono, samurai armor, hakama, hanfu with crossed wide sleeves of Ming court, Japanese katana, multiple objects, hands, cluttered background",Ancient Historical Manuscript,Mulberry Hanji Paper & Ink
eq_her_n355,res://assets/icons/items/eq_her_n355.png,icon,《의주 의순관 사신 행차록 목판》 필사본,,"museum-quality illustration of 《의주 의순관 사신 행차록 목판》 필사본 (Ancient Historical Manuscript), made of Mulberry Hanji Paper & Ink, Late Joseon period, Joseon-era Korean ink-and-wash painting (sumukchaesaek) on aged hanji mulberry paper, muted mineral pigments (malachite green, azurite blue, ochre, cinnabar red, ink black), confident brush strokes with dry-brush texture, soft paper grain, restrained palette, in the manner of Kim Hong-do and Jeong Seon, single object centered, plain warm hanji background, soft ambient occlusion, clean silhouette, game item icon, 1:1 --ar 1:1 --style raw","photorealistic, 3d render, anime, chibi, western fantasy, neon, glossy plastic, text, watermark, signature, modern clothing, Chinese Qing costume, Manchu queue hairstyle, Japanese kimono, samurai armor, hakama, hanfu with crossed wide sleeves of Ming court, Japanese katana, multiple objects, hands, cluttered background",Ancient Historical Manuscript,Mulberry Hanji Paper & Ink
eq_her_n356,res://assets/icons/items/eq_her_n356.png,icon,《의주 관아 동헌 현판 및 옥인》 필사본,,"museum-quality illustration of 《의주 관아 동헌 현판 및 옥인》 필사본 (Ancient Historical Manuscript), made of Mulberry Hanji Paper & Ink, Late Joseon period, Joseon-era Korean ink-and-wash painting (sumukchaesaek) on aged hanji mulberry paper, muted mineral pigments (malachite green, azurite blue, ochre, cinnabar red, ink black), confident brush strokes with dry-brush texture, soft paper grain, restrained palette, in the manner of Kim Hong-do and Jeong Seon, single object centered, plain warm hanji background, soft ambient occlusion, clean silhouette, game item icon, 1:1 --ar 1:1 --style raw","photorealistic, 3d render, anime, chibi, western fantasy, neon, glossy plastic, text, watermark, signature, modern clothing, Chinese Qing costume, Manchu queue hairstyle, Japanese kimono, samurai armor, hakama, hanfu with crossed wide sleeves of Ming court, Japanese katana, multiple objects, hands, cluttered background",Ancient Historical Manuscript,Mulberry Hanji Paper & Ink
eq_her_n359,res://assets/icons/items/eq_her_n359.png,icon,《이원 산신각 마애칠성도》 필사본,,"museum-quality illustration of 《이원 산신각 마애칠성도》 필사본 (Ancient Historical Manuscript), made of Mulberry Hanji Paper & Ink, Late Joseon period, Joseon-era Korean ink-and-wash painting (sumukchaesaek) on aged hanji mulberry paper, muted mineral pigments (malachite green, azurite blue, ochre, cinnabar red, ink black), confident brush strokes with dry-brush texture, soft paper grain, restrained palette, in the manner of Kim Hong-do and Jeong Seon, single object centered, plain warm hanji background, soft ambient occlusion, clean silhouette, game item icon, 1:1 --ar 1:1 --style raw","photorealistic, 3d render, anime, chibi, western fantasy, neon, glossy plastic, text, watermark, signature, modern clothing, Chinese Qing costume, Manchu queue hairstyle, Japanese kimono, samurai armor, hakama, hanfu with crossed wide sleeves of Ming court, Japanese katana, multiple objects, hands, cluttered background",Ancient Historical Manuscript,Mulberry Hanji Paper & Ink
eq_her_n360,res://assets/icons/items/eq_her_n360.png,icon,《의주 향교 대성전 목판》 필사본,,"museum-quality illustration of 《의주 향교 대성전 목판》 필사본 (Ancient Historical Manuscript), made of Mulberry Hanji Paper & Ink, Late Joseon period, Joseon-era Korean ink-and-wash painting (sumukchaesaek) on aged hanji mulberry paper, muted mineral pigments (malachite green, azurite blue, ochre, cinnabar red, ink black), confident brush strokes with dry-brush texture, soft paper grain, restrained palette, in the manner of Kim Hong-do and Jeong Seon, single object centered, plain warm hanji background, soft ambient occlusion, clean silhouette, game item icon, 1:1 --ar 1:1 --style raw","photorealistic, 3d render, anime, chibi, western fantasy, neon, glossy plastic, text, watermark, signature, modern clothing, Chinese Qing costume, Manchu queue hairstyle, Japanese kimono, samurai armor, hakama, hanfu with crossed wide sleeves of Ming court, Japanese katana, multiple objects, hands, cluttered background",Ancient Historical Manuscript,Mulberry Hanji Paper & Ink
eq_her_n364,res://assets/icons/items/eq_her_n364.png,icon,《의주 어사 순력기 고문서》 필사본,,"museum-quality illustration of 《의주 어사 순력기 고문서》 필사본 (Ancient Historical Manuscript), made of Mulberry Hanji Paper & Ink, Late Joseon period, Joseon-era Korean ink-and-wash painting (sumukchaesaek) on aged hanji mulberry paper, muted mineral pigments (malachite green, azurite blue, ochre, cinnabar red, ink black), confident brush strokes with dry-brush texture, soft paper grain, restrained palette, in the manner of Kim Hong-do and Jeong Seon, single object centered, plain warm hanji background, soft ambient occlusion, clean silhouette, game item icon, 1:1 --ar 1:1 --style raw","photorealistic, 3d render, anime, chibi, western fantasy, neon, glossy plastic, text, watermark, signature, modern clothing, Chinese Qing costume, Manchu queue hairstyle, Japanese kimono, samurai armor, hakama, hanfu with crossed wide sleeves of Ming court, Japanese katana, multiple objects, hands, cluttered background",Ancient Historical Manuscript,Mulberry Hanji Paper & Ink
eq_her_n368,res://assets/icons/items/eq_her_n368.png,icon,《단천 은광 채굴 감영 장부 목판》 필사본,,"museum-quality illustration of 《단천 은광 채굴 감영 장부 목판》 필사본 (Ancient Historical Manuscript), made of Mulberry Hanji Paper & Ink, Mid Joseon period, Joseon-era Korean ink-and-wash painting (sumukchaesaek) on aged hanji mulberry paper, muted mineral pigments (malachite green, azurite blue, ochre, cinnabar red, ink black), confident brush strokes with dry-brush texture, soft paper grain, restrained palette, in the manner of Kim Hong-do and Jeong Seon, single object centered, plain warm hanji background, soft ambient occlusion, clean silhouette, game item icon, 1:1 --ar 1:1 --style raw","photorealistic, 3d render, anime, chibi, western fantasy, neon, glossy plastic, text, watermark, signature, modern clothing, Chinese Qing costume, Manchu queue hairstyle, Japanese kimono, samurai armor, hakama, hanfu with crossed wide sleeves of Ming court, Japanese katana, multiple objects, hands, cluttered background",Ancient Historical Manuscript,Mulberry Hanji Paper & Ink
eq_her_n376,res://assets/icons/items/eq_her_n376.png,icon,《강계 관아 동헌 현판 및 옥인》 필사본,,"museum-quality illustration of 《강계 관아 동헌 현판 및 옥인》 필사본 (Ancient Historical Manuscript), made of Mulberry Hanji Paper & Ink, Late Joseon period, Joseon-era Korean ink-and-wash painting (sumukchaesaek) on aged hanji mulberry paper, muted mineral pigments (malachite green, azurite blue, ochre, cinnabar red, ink black), confident brush strokes with dry-brush texture, soft paper grain, restrained palette, in the manner of Kim Hong-do and Jeong Seon, single object centered, plain warm hanji background, soft ambient occlusion, clean silhouette, game item icon, 1:1 --ar 1:1 --style raw","photorealistic, 3d render, anime, chibi, western fantasy, neon, glossy plastic, text, watermark, signature, modern clothing, Chinese Qing costume, Manchu queue hairstyle, Japanese kimono, samurai armor, hakama, hanfu with crossed wide sleeves of Ming court, Japanese katana, multiple objects, hands, cluttered background",Ancient Historical Manuscript,Mulberry Hanji Paper & Ink
eq_her_n379,res://assets/icons/items/eq_her_n379.png,icon,《단천 산신각 마애칠성도》 필사본,,"museum-quality illustration of 《단천 산신각 마애칠성도》 필사본 (Ancient Historical Manuscript), made of Mulberry Hanji Paper & Ink, Late Joseon period, Joseon-era Korean ink-and-wash painting (sumukchaesaek) on aged hanji mulberry paper, muted mineral pigments (malachite green, azurite blue, ochre, cinnabar red, ink black), confident brush strokes with dry-brush texture, soft paper grain, restrained palette, in the manner of Kim Hong-do and Jeong Seon, single object centered, plain warm hanji background, soft ambient occlusion, clean silhouette, game item icon, 1:1 --ar 1:1 --style raw","photorealistic, 3d render, anime, chibi, western fantasy, neon, glossy plastic, text, watermark, signature, modern clothing, Chinese Qing costume, Manchu queue hairstyle, Japanese kimono, samurai armor, hakama, hanfu with crossed wide sleeves of Ming court, Japanese katana, multiple objects, hands, cluttered background",Ancient Historical Manuscript,Mulberry Hanji Paper & Ink
eq_her_n380,res://assets/icons/items/eq_her_n380.png,icon,《강계 향교 대성전 목판》 필사본,,"museum-quality illustration of 《강계 향교 대성전 목판》 필사본 (Ancient Historical Manuscript), made of Mulberry Hanji Paper & Ink, Late Joseon period, Joseon-era Korean ink-and-wash painting (sumukchaesaek) on aged hanji mulberry paper, muted mineral pigments (malachite green, azurite blue, ochre, cinnabar red, ink black), confident brush strokes with dry-brush texture, soft paper grain, restrained palette, in the manner of Kim Hong-do and Jeong Seon, single object centered, plain warm hanji background, soft ambient occlusion, clean silhouette, game item icon, 1:1 --ar 1:1 --style raw","photorealistic, 3d render, anime, chibi, western fantasy, neon, glossy plastic, text, watermark, signature, modern clothing, Chinese Qing costume, Manchu queue hairstyle, Japanese kimono, samurai armor, hakama, hanfu with crossed wide sleeves of Ming court, Japanese katana, multiple objects, hands, cluttered background",Ancient Historical Manuscript,Mulberry Hanji Paper & Ink
eq_her_n384,res://assets/icons/items/eq_her_n384.png,icon,《강계 어사 순력기 고문서》 필사본,,"museum-quality illustration of 《강계 어사 순력기 고문서》 필사본 (Ancient Historical Manuscript), made of Mulberry Hanji Paper & Ink, Late Joseon period, Joseon-era Korean ink-and-wash painting (sumukchaesaek) on aged hanji mulberry paper, muted mineral pigments (malachite green, azurite blue, ochre, cinnabar red, ink black), confident brush strokes with dry-brush texture, soft paper grain, restrained palette, in the manner of Kim Hong-do and Jeong Seon, single object centered, plain warm hanji background, soft ambient occlusion, clean silhouette, game item icon, 1:1 --ar 1:1 --style raw","photorealistic, 3d render, anime, chibi, western fantasy, neon, glossy plastic, text, watermark, signature, modern clothing, Chinese Qing costume, Manchu queue hairstyle, Japanese kimono, samurai armor, hakama, hanfu with crossed wide sleeves of Ming court, Japanese katana, multiple objects, hands, cluttered background",Ancient Historical Manuscript,Mulberry Hanji Paper & Ink
eq_her_n389,res://assets/icons/items/eq_her_n389.png,icon,《삼수 포수단 호작도 호랑이 부적》 필사본,,"museum-quality illustration of 《삼수 포수단 호작도 호랑이 부적》 필사본 (Ancient Historical Manuscript), made of Mulberry Hanji Paper & Ink, Late Joseon period, Joseon-era Korean ink-and-wash painting (sumukchaesaek) on aged hanji mulberry paper, muted mineral pigments (malachite green, azurite blue, ochre, cinnabar red, ink black), confident brush strokes with dry-brush texture, soft paper grain, restrained palette, in the manner of Kim Hong-do and Jeong Seon, single object centered, plain warm hanji background, soft ambient occlusion, clean silhouette, game item icon, 1:1 --ar 1:1 --style raw","photorealistic, 3d render, anime, chibi, western fantasy, neon, glossy plastic, text, watermark, signature, modern clothing, Chinese Qing costume, Manchu queue hairstyle, Japanese kimono, samurai armor, hakama, hanfu with crossed wide sleeves of Ming court, Japanese katana, multiple objects, hands, cluttered background",Ancient Historical Manuscript,Mulberry Hanji Paper & Ink
eq_her_n394,res://assets/icons/items/eq_her_n394.png,icon,《삼수 귀양 선비 유배일기 필사본》 필사본,,"museum-quality illustration of 《삼수 귀양 선비 유배일기 필사본》 필사본 (Ancient Historical Manuscript), made of Mulberry Hanji Paper & Ink, Late Joseon period, Joseon-era Korean ink-and-wash painting (sumukchaesaek) on aged hanji mulberry paper, muted mineral pigments (malachite green, azurite blue, ochre, cinnabar red, ink black), confident brush strokes with dry-brush texture, soft paper grain, restrained palette, in the manner of Kim Hong-do and Jeong Seon, single object centered, plain warm hanji background, soft ambient occlusion, clean silhouette, game item icon, 1:1 --ar 1:1 --style raw","photorealistic, 3d render, anime, chibi, western fantasy, neon, glossy plastic, text, watermark, signature, modern clothing, Chinese Qing costume, Manchu queue hairstyle, Japanese kimono, samurai armor, hakama, hanfu with crossed wide sleeves of Ming court, Japanese katana, multiple objects, hands, cluttered background",Ancient Historical Manuscript,Mulberry Hanji Paper & Ink
eq_her_n397,res://assets/icons/items/eq_her_n397.png,icon,《갑산 관아 동헌 현판 및 옥인》 필사본,,"museum-quality illustration of 《갑산 관아 동헌 현판 및 옥인》 필사본 (Ancient Historical Manuscript), made of Mulberry Hanji Paper & Ink, Late Joseon period, Joseon-era Korean ink-and-wash painting (sumukchaesaek) on aged hanji mulberry paper, muted mineral pigments (malachite green, azurite blue, ochre, cinnabar red, ink black), confident brush strokes with dry-brush texture, soft paper grain, restrained palette, in the manner of Kim Hong-do and Jeong Seon, single object centered, plain warm hanji background, soft ambient occlusion, clean silhouette, game item icon, 1:1 --ar 1:1 --style raw","photorealistic, 3d render, anime, chibi, western fantasy, neon, glossy plastic, text, watermark, signature, modern clothing, Chinese Qing costume, Manchu queue hairstyle, Japanese kimono, samurai armor, hakama, hanfu with crossed wide sleeves of Ming court, Japanese katana, multiple objects, hands, cluttered background",Ancient Historical Manuscript,Mulberry Hanji Paper & Ink
eq_her_n400,res://assets/icons/items/eq_her_n400.png,icon,《경성 산신각 마애칠성도》 필사본,,"museum-quality illustration of 《경성 산신각 마애칠성도》 필사본 (Ancient Historical Manuscript), made of Mulberry Hanji Paper & Ink, Late Joseon period, Joseon-era Korean ink-and-wash painting (sumukchaesaek) on aged hanji mulberry paper, muted mineral pigments (malachite green, azurite blue, ochre, cinnabar red, ink black), confident brush strokes with dry-brush texture, soft paper grain, restrained palette, in the manner of Kim Hong-do and Jeong Seon, single object centered, plain warm hanji background, soft ambient occlusion, clean silhouette, game item icon, 1:1 --ar 1:1 --style raw","photorealistic, 3d render, anime, chibi, western fantasy, neon, glossy plastic, text, watermark, signature, modern clothing, Chinese Qing costume, Manchu queue hairstyle, Japanese kimono, samurai armor, hakama, hanfu with crossed wide sleeves of Ming court, Japanese katana, multiple objects, hands, cluttered background",Ancient Historical Manuscript,Mulberry Hanji Paper & Ink
eq_her_n401,res://assets/icons/items/eq_her_n401.png,icon,《갑산 향교 대성전 목판》 필사본,,"museum-quality illustration of 《갑산 향교 대성전 목판》 필사본 (Ancient Historical Manuscript), made of Mulberry Hanji Paper & Ink, Late Joseon period, Joseon-era Korean ink-and-wash painting (sumukchaesaek) on aged hanji mulberry paper, muted mineral pigments (malachite green, azurite blue, ochre, cinnabar red, ink black), confident brush strokes with dry-brush texture, soft paper grain, restrained palette, in the manner of Kim Hong-do and Jeong Seon, single object centered, plain warm hanji background, soft ambient occlusion, clean silhouette, game item icon, 1:1 --ar 1:1 --style raw","photorealistic, 3d render, anime, chibi, western fantasy, neon, glossy plastic, text, watermark, signature, modern clothing, Chinese Qing costume, Manchu queue hairstyle, Japanese kimono, samurai armor, hakama, hanfu with crossed wide sleeves of Ming court, Japanese katana, multiple objects, hands, cluttered background",Ancient Historical Manuscript,Mulberry Hanji Paper & Ink
eq_her_n405,res://assets/icons/items/eq_her_n405.png,icon,《갑산 어사 순력기 고문서》 필사본,,"museum-quality illustration of 《갑산 어사 순력기 고문서》 필사본 (Ancient Historical Manuscript), made of Mulberry Hanji Paper & Ink, Late Joseon period, Joseon-era Korean ink-and-wash painting (sumukchaesaek) on aged hanji mulberry paper, muted mineral pigments (malachite green, azurite blue, ochre, cinnabar red, ink black), confident brush strokes with dry-brush texture, soft paper grain, restrained palette, in the manner of Kim Hong-do and Jeong Seon, single object centered, plain warm hanji background, soft ambient occlusion, clean silhouette, game item icon, 1:1 --ar 1:1 --style raw","photorealistic, 3d render, anime, chibi, western fantasy, neon, glossy plastic, text, watermark, signature, modern clothing, Chinese Qing costume, Manchu queue hairstyle, Japanese kimono, samurai armor, hakama, hanfu with crossed wide sleeves of Ming court, Japanese katana, multiple objects, hands, cluttered background",Ancient Historical Manuscript,Mulberry Hanji Paper & Ink
eq_her_n417,res://assets/icons/items/eq_her_n417.png,icon,《회령 관아 동헌 현판 및 옥인》 필사본,,"museum-quality illustration of 《회령 관아 동헌 현판 및 옥인》 필사본 (Ancient Historical Manuscript), made of Mulberry Hanji Paper & Ink, Late Joseon period, Joseon-era Korean ink-and-wash painting (sumukchaesaek) on aged hanji mulberry paper, muted mineral pigments (malachite green, azurite blue, ochre, cinnabar red, ink black), confident brush strokes with dry-brush texture, soft paper grain, restrained palette, in the manner of Kim Hong-do and Jeong Seon, single object centered, plain warm hanji background, soft ambient occlusion, clean silhouette, game item icon, 1:1 --ar 1:1 --style raw","photorealistic, 3d render, anime, chibi, western fantasy, neon, glossy plastic, text, watermark, signature, modern clothing, Chinese Qing costume, Manchu queue hairstyle, Japanese kimono, samurai armor, hakama, hanfu with crossed wide sleeves of Ming court, Japanese katana, multiple objects, hands, cluttered background",Ancient Historical Manuscript,Mulberry Hanji Paper & Ink
eq_her_n420,res://assets/icons/items/eq_her_n420.png,icon,《경흥 산신각 마애칠성도》 필사본,,"museum-quality illustration of 《경흥 산신각 마애칠성도》 필사본 (Ancient Historical Manuscript), made of Mulberry Hanji Paper & Ink, Late Joseon period, Joseon-era Korean ink-and-wash painting (sumukchaesaek) on aged hanji mulberry paper, muted mineral pigments (malachite green, azurite blue, ochre, cinnabar red, ink black), confident brush strokes with dry-brush texture, soft paper grain, restrained palette, in the manner of Kim Hong-do and Jeong Seon, single object centered, plain warm hanji background, soft ambient occlusion, clean silhouette, game item icon, 1:1 --ar 1:1 --style raw","photorealistic, 3d render, anime, chibi, western fantasy, neon, glossy plastic, text, watermark, signature, modern clothing, Chinese Qing costume, Manchu queue hairstyle, Japanese kimono, samurai armor, hakama, hanfu with crossed wide sleeves of Ming court, Japanese katana, multiple objects, hands, cluttered background",Ancient Historical Manuscript,Mulberry Hanji Paper & Ink
eq_her_n421,res://assets/icons/items/eq_her_n421.png,icon,《회령 향교 대성전 목판》 필사본,,"museum-quality illustration of 《회령 향교 대성전 목판》 필사본 (Ancient Historical Manuscript), made of Mulberry Hanji Paper & Ink, Late Joseon period, Joseon-era Korean ink-and-wash painting (sumukchaesaek) on aged hanji mulberry paper, muted mineral pigments (malachite green, azurite blue, ochre, cinnabar red, ink black), confident brush strokes with dry-brush texture, soft paper grain, restrained palette, in the manner of Kim Hong-do and Jeong Seon, single object centered, plain warm hanji background, soft ambient occlusion, clean silhouette, game item icon, 1:1 --ar 1:1 --style raw","photorealistic, 3d render, anime, chibi, western fantasy, neon, glossy plastic, text, watermark, signature, modern clothing, Chinese Qing costume, Manchu queue hairstyle, Japanese kimono, samurai armor, hakama, hanfu with crossed wide sleeves of Ming court, Japanese katana, multiple objects, hands, cluttered background",Ancient Historical Manuscript,Mulberry Hanji Paper & Ink
eq_her_n425,res://assets/icons/items/eq_her_n425.png,icon,《회령 어사 순력기 고문서》 필사본,,"museum-quality illustration of 《회령 어사 순력기 고문서》 필사본 (Ancient Historical Manuscript), made of Mulberry Hanji Paper & Ink, Late Joseon period, Joseon-era Korean ink-and-wash painting (sumukchaesaek) on aged hanji mulberry paper, muted mineral pigments (malachite green, azurite blue, ochre, cinnabar red, ink black), confident brush strokes with dry-brush texture, soft paper grain, restrained palette, in the manner of Kim Hong-do and Jeong Seon, single object centered, plain warm hanji background, soft ambient occlusion, clean silhouette, game item icon, 1:1 --ar 1:1 --style raw","photorealistic, 3d render, anime, chibi, western fantasy, neon, glossy plastic, text, watermark, signature, modern clothing, Chinese Qing costume, Manchu queue hairstyle, Japanese kimono, samurai armor, hakama, hanfu with crossed wide sleeves of Ming court, Japanese katana, multiple objects, hands, cluttered background",Ancient Historical Manuscript,Mulberry Hanji Paper & Ink
eq_her_n432,res://assets/icons/items/eq_her_n432.png,icon,《종성 관아 호좌 동헌 목판》 필사본,,"museum-quality illustration of 《종성 관아 호좌 동헌 목판》 필사본 (Ancient Historical Manuscript), made of Mulberry Hanji Paper & Ink, Mid Joseon period, Joseon-era Korean ink-and-wash painting (sumukchaesaek) on aged hanji mulberry paper, muted mineral pigments (malachite green, azurite blue, ochre, cinnabar red, ink black), confident brush strokes with dry-brush texture, soft paper grain, restrained palette, in the manner of Kim Hong-do and Jeong Seon, single object centered, plain warm hanji background, soft ambient occlusion, clean silhouette, game item icon, 1:1 --ar 1:1 --style raw","photorealistic, 3d render, anime, chibi, western fantasy, neon, glossy plastic, text, watermark, signature, modern clothing, Chinese Qing costume, Manchu queue hairstyle, Japanese kimono, samurai armor, hakama, hanfu with crossed wide sleeves of Ming court, Japanese katana, multiple objects, hands, cluttered background",Ancient Historical Manuscript,Mulberry Hanji Paper & Ink
eq_her_n437,res://assets/icons/items/eq_her_n437.png,icon,《온성 관아 동헌 현판 및 옥인》 필사본,,"museum-quality illustration of 《온성 관아 동헌 현판 및 옥인》 필사본 (Ancient Historical Manuscript), made of Mulberry Hanji Paper & Ink, Late Joseon period, Joseon-era Korean ink-and-wash painting (sumukchaesaek) on aged hanji mulberry paper, muted mineral pigments (malachite green, azurite blue, ochre, cinnabar red, ink black), confident brush strokes with dry-brush texture, soft paper grain, restrained palette, in the manner of Kim Hong-do and Jeong Seon, single object centered, plain warm hanji background, soft ambient occlusion, clean silhouette, game item icon, 1:1 --ar 1:1 --style raw","photorealistic, 3d render, anime, chibi, western fantasy, neon, glossy plastic, text, watermark, signature, modern clothing, Chinese Qing costume, Manchu queue hairstyle, Japanese kimono, samurai armor, hakama, hanfu with crossed wide sleeves of Ming court, Japanese katana, multiple objects, hands, cluttered background",Ancient Historical Manuscript,Mulberry Hanji Paper & Ink
eq_her_n440,res://assets/icons/items/eq_her_n440.png,icon,《온성 산신각 마애칠성도》 필사본,,"museum-quality illustration of 《온성 산신각 마애칠성도》 필사본 (Ancient Historical Manuscript), made of Mulberry Hanji Paper & Ink, Late Joseon period, Joseon-era Korean ink-and-wash painting (sumukchaesaek) on aged hanji mulberry paper, muted mineral pigments (malachite green, azurite blue, ochre, cinnabar red, ink black), confident brush strokes with dry-brush texture, soft paper grain, restrained palette, in the manner of Kim Hong-do and Jeong Seon, single object centered, plain warm hanji background, soft ambient occlusion, clean silhouette, game item icon, 1:1 --ar 1:1 --style raw","photorealistic, 3d render, anime, chibi, western fantasy, neon, glossy plastic, text, watermark, signature, modern clothing, Chinese Qing costume, Manchu queue hairstyle, Japanese kimono, samurai armor, hakama, hanfu with crossed wide sleeves of Ming court, Japanese katana, multiple objects, hands, cluttered background",Ancient Historical Manuscript,Mulberry Hanji Paper & Ink
eq_her_n441,res://assets/icons/items/eq_her_n441.png,icon,《온성 향교 대성전 목판》 필사본,,"museum-quality illustration of 《온성 향교 대성전 목판》 필사본 (Ancient Historical Manuscript), made of Mulberry Hanji Paper & Ink, Late Joseon period, Joseon-era Korean ink-and-wash painting (sumukchaesaek) on aged hanji mulberry paper, muted mineral pigments (malachite green, azurite blue, ochre, cinnabar red, ink black), confident brush strokes with dry-brush texture, soft paper grain, restrained palette, in the manner of Kim Hong-do and Jeong Seon, single object centered, plain warm hanji background, soft ambient occlusion, clean silhouette, game item icon, 1:1 --ar 1:1 --style raw","photorealistic, 3d render, anime, chibi, western fantasy, neon, glossy plastic, text, watermark, signature, modern clothing, Chinese Qing costume, Manchu queue hairstyle, Japanese kimono, samurai armor, hakama, hanfu with crossed wide sleeves of Ming court, Japanese katana, multiple objects, hands, cluttered background",Ancient Historical Manuscript,Mulberry Hanji Paper & Ink
eq_her_n445,res://assets/icons/items/eq_her_n445.png,icon,《온성 어사 순력기 고문서》 필사본,,"museum-quality illustration of 《온성 어사 순력기 고문서》 필사본 (Ancient Historical Manuscript), made of Mulberry Hanji Paper & Ink, Late Joseon period, Joseon-era Korean ink-and-wash painting (sumukchaesaek) on aged hanji mulberry paper, muted mineral pigments (malachite green, azurite blue, ochre, cinnabar red, ink black), confident brush strokes with dry-brush texture, soft paper grain, restrained palette, in the manner of Kim Hong-do and Jeong Seon, single object centered, plain warm hanji background, soft ambient occlusion, clean silhouette, game item icon, 1:1 --ar 1:1 --style raw","photorealistic, 3d render, anime, chibi, western fantasy, neon, glossy plastic, text, watermark, signature, modern clothing, Chinese Qing costume, Manchu queue hairstyle, Japanese kimono, samurai armor, hakama, hanfu with crossed wide sleeves of Ming court, Japanese katana, multiple objects, hands, cluttered background",Ancient Historical Manuscript,Mulberry Hanji Paper & Ink
