id,path,kind,name_kr,costume,prompt,negative,category_sub,material
her_001,res://assets/icons/heritage/her_001.png,icon,경주 불국사,,"museum-quality illustration of 경주 불국사 (Hanging Scroll Travelogue), made of Hanji Scroll with Wooden Rollers, Early Joseon period, Joseon-era Korean ink-and-wash painting (sumukchaesaek) on aged hanji mulberry paper, muted mineral pigments (malachite green, azurite blue, ochre, cinnabar red, ink black), confident brush strokes with dry-brush texture, soft paper grain, restrained palette, in the manner of Kim Hong-do and Jeong Seon, single object centered, plain warm hanji background, soft ambient occlusion, clean silhouette, game item icon, 1:1 --ar 1:1 --style raw","photorealistic, 3d render, anime, chibi, western fantasy, neon, glossy plastic, text, watermark, signature, modern clothing, Chinese Qing costume, Manchu queue hairstyle, Japanese kimono, samurai armor, hakama, hanfu with crossed wide sleeves of Ming court, Japanese katana, multiple objects, hands, cluttered background",Hanging Scroll Travelogue,Hanji Scroll with Wooden Rollers
her_002,res://assets/icons/heritage/her_002.png,icon,경주 석굴암 석굴,,"museum-quality illustration of 경주 석굴암 석굴 (Hanging Scroll Travelogue), made of Hanji Scroll with Wooden Rollers, Early Joseon period, Joseon-era Korean ink-and-wash painting (sumukchaesaek) on aged hanji mulberry paper, muted mineral pigments (malachite green, azurite blue, ochre, cinnabar red, ink black), confident brush strokes with dry-brush texture, soft paper grain, restrained palette, in the manner of Kim Hong-do and Jeong Seon, single object centered, plain warm hanji background, soft ambient occlusion, clean silhouette, game item icon, 1:1 --ar 1:1 --style raw","photorealistic, 3d render, anime, chibi, western fantasy, neon, glossy plastic, text, watermark, signature, modern clothing, Chinese Qing costume, Manchu queue hairstyle, Japanese kimono, samurai armor, hakama, hanfu with crossed wide sleeves of Ming court, Japanese katana, multiple objects, hands, cluttered background",Hanging Scroll Travelogue,Hanji Scroll with Wooden Rollers
her_003,res://assets/icons/heritage/her_003.png,icon,서울 숭례문,,"museum-quality illustration of 서울 숭례문 (Hanging Scroll Travelogue), made of Hanji Scroll with Wooden Rollers, Mid Joseon period, Joseon-era Korean ink-and-wash painting (sumukchaesaek) on aged hanji mulberry paper, muted mineral pigments (malachite green, azurite blue, ochre, cinnabar red, ink black), confident brush strokes with dry-brush texture, soft paper grain, restrained palette, in the manner of Kim Hong-do and Jeong Seon, single object centered, plain warm hanji background, soft ambient occlusion, clean silhouette, game item icon, 1:1 --ar 1:1 --style raw","photorealistic, 3d render, anime, chibi, western fantasy, neon, glossy plastic, text, watermark, signature, modern clothing, Chinese Qing costume, Manchu queue hairstyle, Japanese kimono, samurai armor, hakama, hanfu with crossed wide sleeves of Ming court, Japanese katana, multiple objects, hands, cluttered background",Hanging Scroll Travelogue,Hanji Scroll with Wooden Rollers
her_004,res://assets/icons/heritage/her_004.png,icon,수원 화성,,"museum-quality illustration of 수원 화성 (Hanging Scroll Travelogue), made of Hanji Scroll with Wooden Rollers, Mid Joseon period, Joseon-era Korean ink-and-wash painting (sumukchaesaek) on aged hanji mulberry paper, muted mineral pigments (malachite green, azurite blue, ochre, cinnabar red, ink black), confident brush strokes with dry-brush texture, soft paper grain, restrained palette, in the manner of Kim Hong-do and Jeong Seon, single object centered, plain warm hanji background, soft ambient occlusion, clean silhouette, game item icon, 1:1 --ar 1:1 --style raw","photorealistic, 3d render, anime, chibi, western fantasy, neon, glossy plastic, text, watermark, signature, modern clothing, Chinese Qing costume, Manchu queue hairstyle, Japanese kimono, samurai armor, hakama, hanfu with crossed wide sleeves of Ming court, Japanese katana, multiple objects, hands, cluttered background",Hanging Scroll Travelogue,Hanji Scroll with Wooden Rollers
her_005,res://assets/icons/heritage/her_005.png,icon,합천 해인사 장경판전,,"museum-quality illustration of 합천 해인사 장경판전 (Hanging Scroll Travelogue), made of Hanji Scroll with Wooden Rollers, Early Joseon period, Joseon-era Korean ink-and-wash painting (sumukchaesaek) on aged hanji mulberry paper, muted mineral pigments (malachite green, azurite blue, ochre, cinnabar red, ink black), confident brush strokes with dry-brush texture, soft paper grain, restrained palette, in the manner of Kim Hong-do and Jeong Seon, single object centered, plain warm hanji background, soft ambient occlusion, clean silhouette, game item icon, 1:1 --ar 1:1 --style raw","photorealistic, 3d render, anime, chibi, western fantasy, neon, glossy plastic, text, watermark, signature, modern clothing, Chinese Qing costume, Manchu queue hairstyle, Japanese kimono, samurai armor, hakama, hanfu with crossed wide sleeves of Ming court, Japanese katana, multiple objects, hands, cluttered background",Hanging Scroll Travelogue,Hanji Scroll with Wooden Rollers
her_015,res://assets/icons/heritage/her_015.png,icon,개성 만월대,,"museum-quality illustration of 개성 만월대 (Hanging Scroll Travelogue), made of Hanji Scroll with Wooden Rollers, Mid Joseon period, Joseon-era Korean ink-and-wash painting (sumukchaesaek) on aged hanji mulberry paper, muted mineral pigments (malachite green, azurite blue, ochre, cinnabar red, ink black), confident brush strokes with dry-brush texture, soft paper grain, restrained palette, in the manner of Kim Hong-do and Jeong Seon, single object centered, plain warm hanji background, soft ambient occlusion, clean silhouette, game item icon, 1:1 --ar 1:1 --style raw","photorealistic, 3d render, anime, chibi, western fantasy, neon, glossy plastic, text, watermark, signature, modern clothing, Chinese Qing costume, Manchu queue hairstyle, Japanese kimono, samurai armor, hakama, hanfu with crossed wide sleeves of Ming court, Japanese katana, multiple objects, hands, cluttered background",Hanging Scroll Travelogue,Hanji Scroll with Wooden Rollers
her_016,res://assets/icons/heritage/her_016.png,icon,묘향산 보현사,,"museum-quality illustration of 묘향산 보현사 (Hanging Scroll Travelogue), made of Hanji Scroll with Wooden Rollers, Mid Joseon period, Joseon-era Korean ink-and-wash painting (sumukchaesaek) on aged hanji mulberry paper, muted mineral pigments (malachite green, azurite blue, ochre, cinnabar red, ink black), confident brush strokes with dry-brush texture, soft paper grain, restrained palette, in the manner of Kim Hong-do and Jeong Seon, single object centered, plain warm hanji background, soft ambient occlusion, clean silhouette, game item icon, 1:1 --ar 1:1 --style raw","photorealistic, 3d render, anime, chibi, western fantasy, neon, glossy plastic, text, watermark, signature, modern clothing, Chinese Qing costume, Manchu queue hairstyle, Japanese kimono, samurai armor, hakama, hanfu with crossed wide sleeves of Ming court, Japanese katana, multiple objects, hands, cluttered background",Hanging Scroll Travelogue,Hanji Scroll with Wooden Rollers
her_017,res://assets/icons/heritage/her_017.png,icon,백두산 정계비 터,,"museum-quality illustration of 백두산 정계비 터 (Hanging Scroll Travelogue), made of Hanji Scroll with Wooden Rollers, Mid Joseon period, Joseon-era Korean ink-and-wash painting (sumukchaesaek) on aged hanji mulberry paper, muted mineral pigments (malachite green, azurite blue, ochre, cinnabar red, ink black), confident brush strokes with dry-brush texture, soft paper grain, restrained palette, in the manner of Kim Hong-do and Jeong Seon, single object centered, plain warm hanji background, soft ambient occlusion, clean silhouette, game item icon, 1:1 --ar 1:1 --style raw","photorealistic, 3d render, anime, chibi, western fantasy, neon, glossy plastic, text, watermark, signature, modern clothing, Chinese Qing costume, Manchu queue hairstyle, Japanese kimono, samurai armor, hakama, hanfu with crossed wide sleeves of Ming court, Japanese katana, multiple objects, hands, cluttered background",Hanging Scroll Travelogue,Hanji Scroll with Wooden Rollers
her_018,res://assets/icons/heritage/her_018.png,icon,밀양 영남루,,"museum-quality illustration of 밀양 영남루 (Hanging Scroll Travelogue), made of Hanji Scroll with Wooden Rollers, Late Joseon period, Joseon-era Korean ink-and-wash painting (sumukchaesaek) on aged hanji mulberry paper, muted mineral pigments (malachite green, azurite blue, ochre, cinnabar red, ink black), confident brush strokes with dry-brush texture, soft paper grain, restrained palette, in the manner of Kim Hong-do and Jeong Seon, single object centered, plain warm hanji background, soft ambient occlusion, clean silhouette, game item icon, 1:1 --ar 1:1 --style raw","photorealistic, 3d render, anime, chibi, western fantasy, neon, glossy plastic, text, watermark, signature, modern clothing, Chinese Qing costume, Manchu queue hairstyle, Japanese kimono, samurai armor, hakama, hanfu with crossed wide sleeves of Ming court, Japanese katana, multiple objects, hands, cluttered background",Hanging Scroll Travelogue,Hanji Scroll with Wooden Rollers
her_019,res://assets/icons/heritage/her_019.png,icon,문경 조령관문,,"museum-quality illustration of 문경 조령관문 (Hanging Scroll Travelogue), made of Hanji Scroll with Wooden Rollers, Late Joseon period, Joseon-era Korean ink-and-wash painting (sumukchaesaek) on aged hanji mulberry paper, muted mineral pigments (malachite green, azurite blue, ochre, cinnabar red, ink black), confident brush strokes with dry-brush texture, soft paper grain, restrained palette, in the manner of Kim Hong-do and Jeong Seon, single object centered, plain warm hanji background, soft ambient occlusion, clean silhouette, game item icon, 1:1 --ar 1:1 --style raw","photorealistic, 3d render, anime, chibi, western fantasy, neon, glossy plastic, text, watermark, signature, modern clothing, Chinese Qing costume, Manchu queue hairstyle, Japanese kimono, samurai armor, hakama, hanfu with crossed wide sleeves of Ming court, Japanese katana, multiple objects, hands, cluttered background",Hanging Scroll Travelogue,Hanji Scroll with Wooden Rollers
her_020,res://assets/icons/heritage/her_020.png,icon,삼척 죽서루,,"museum-quality illustration of 삼척 죽서루 (Hanging Scroll Travelogue), made of Hanji Scroll with Wooden Rollers, Late Joseon period, Joseon-era Korean ink-and-wash painting (sumukchaesaek) on aged hanji mulberry paper, muted mineral pigments (malachite green, azurite blue, ochre, cinnabar red, ink black), confident brush strokes with dry-brush texture, soft paper grain, restrained palette, in the manner of Kim Hong-do and Jeong Seon, single object centered, plain warm hanji background, soft ambient occlusion, clean silhouette, game item icon, 1:1 --ar 1:1 --style raw","photorealistic, 3d render, anime, chibi, western fantasy, neon, glossy plastic, text, watermark, signature, modern clothing, Chinese Qing costume, Manchu queue hairstyle, Japanese kimono, samurai armor, hakama, hanfu with crossed wide sleeves of Ming court, Japanese katana, multiple objects, hands, cluttered background",Hanging Scroll Travelogue,Hanji Scroll with Wooden Rollers
her_021,res://assets/icons/heritage/her_021.png,icon,평양 대동문,,"museum-quality illustration of 평양 대동문 (Hanging Scroll Travelogue), made of Hanji Scroll with Wooden Rollers, Late Joseon period, Joseon-era Korean ink-and-wash painting (sumukchaesaek) on aged hanji mulberry paper, muted mineral pigments (malachite green, azurite blue, ochre, cinnabar red, ink black), confident brush strokes with dry-brush texture, soft paper grain, restrained palette, in the manner of Kim Hong-do and Jeong Seon, single object centered, plain warm hanji background, soft ambient occlusion, clean silhouette, game item icon, 1:1 --ar 1:1 --style raw","photorealistic, 3d render, anime, chibi, western fantasy, neon, glossy plastic, text, watermark, signature, modern clothing, Chinese Qing costume, Manchu queue hairstyle, Japanese kimono, samurai armor, hakama, hanfu with crossed wide sleeves of Ming court, Japanese katana, multiple objects, hands, cluttered background",Hanging Scroll Travelogue,Hanji Scroll with Wooden Rollers
her_022,res://assets/icons/heritage/her_022.png,icon,함흥 본궁,,"museum-quality illustration of 함흥 본궁 (Hanging Scroll Travelogue), made of Hanji Scroll with Wooden Rollers, Mid Joseon period, Joseon-era Korean ink-and-wash painting (sumukchaesaek) on aged hanji mulberry paper, muted mineral pigments (malachite green, azurite blue, ochre, cinnabar red, ink black), confident brush strokes with dry-brush texture, soft paper grain, restrained palette, in the manner of Kim Hong-do and Jeong Seon, single object centered, plain warm hanji background, soft ambient occlusion, clean silhouette, game item icon, 1:1 --ar 1:1 --style raw","photorealistic, 3d render, anime, chibi, western fantasy, neon, glossy plastic, text, watermark, signature, modern clothing, Chinese Qing costume, Manchu queue hairstyle, Japanese kimono, samurai armor, hakama, hanfu with crossed wide sleeves of Ming court, Japanese katana, multiple objects, hands, cluttered background",Hanging Scroll Travelogue,Hanji Scroll with Wooden Rollers
her_023,res://assets/icons/heritage/her_023.png,icon,개성부,,"museum-quality illustration of 개성부 (Hanging Scroll Travelogue), made of Hanji Scroll with Wooden Rollers, Mid Joseon period, Joseon-era Korean ink-and-wash painting (sumukchaesaek) on aged hanji mulberry paper, muted mineral pigments (malachite green, azurite blue, ochre, cinnabar red, ink black), confident brush strokes with dry-brush texture, soft paper grain, restrained palette, in the manner of Kim Hong-do and Jeong Seon, single object centered, plain warm hanji background, soft ambient occlusion, clean silhouette, game item icon, 1:1 --ar 1:1 --style raw","photorealistic, 3d render, anime, chibi, western fantasy, neon, glossy plastic, text, watermark, signature, modern clothing, Chinese Qing costume, Manchu queue hairstyle, Japanese kimono, samurai armor, hakama, hanfu with crossed wide sleeves of Ming court, Japanese katana, multiple objects, hands, cluttered background",Hanging Scroll Travelogue,Hanji Scroll with Wooden Rollers
her_024,res://assets/icons/heritage/her_024.png,icon,강화유수부,,"museum-quality illustration of 강화유수부 (Hanging Scroll Travelogue), made of Hanji Scroll with Wooden Rollers, Mid Joseon period, Joseon-era Korean ink-and-wash painting (sumukchaesaek) on aged hanji mulberry paper, muted mineral pigments (malachite green, azurite blue, ochre, cinnabar red, ink black), confident brush strokes with dry-brush texture, soft paper grain, restrained palette, in the manner of Kim Hong-do and Jeong Seon, single object centered, plain warm hanji background, soft ambient occlusion, clean silhouette, game item icon, 1:1 --ar 1:1 --style raw","photorealistic, 3d render, anime, chibi, western fantasy, neon, glossy plastic, text, watermark, signature, modern clothing, Chinese Qing costume, Manchu queue hairstyle, Japanese kimono, samurai armor, hakama, hanfu with crossed wide sleeves of Ming court, Japanese katana, multiple objects, hands, cluttered background",Hanging Scroll Travelogue,Hanji Scroll with Wooden Rollers
her_025,res://assets/icons/heritage/her_025.png,icon,전등사,,"museum-quality illustration of 전등사 (Hanging Scroll Travelogue), made of Hanji Scroll with Wooden Rollers, Mid Joseon period, Joseon-era Korean ink-and-wash painting (sumukchaesaek) on aged hanji mulberry paper, muted mineral pigments (malachite green, azurite blue, ochre, cinnabar red, ink black), confident brush strokes with dry-brush texture, soft paper grain, restrained palette, in the manner of Kim Hong-do and Jeong Seon, single object centered, plain warm hanji background, soft ambient occlusion, clean silhouette, game item icon, 1:1 --ar 1:1 --style raw","photorealistic, 3d render, anime, chibi, western fantasy, neon, glossy plastic, text, watermark, signature, modern clothing, Chinese Qing costume, Manchu queue hairstyle, Japanese kimono, samurai armor, hakama, hanfu with crossed wide sleeves of Ming court, Japanese katana, multiple objects, hands, cluttered background",Hanging Scroll Travelogue,Hanji Scroll with Wooden Rollers
her_026,res://assets/icons/heritage/her_026.png,icon,보광사,,"museum-quality illustration of 보광사 (Hanging Scroll Travelogue), made of Hanji Scroll with Wooden Rollers, Late Joseon period, Joseon-era Korean ink-and-wash painting (sumukchaesaek) on aged hanji mulberry paper, muted mineral pigments (malachite green, azurite blue, ochre, cinnabar red, ink black), confident brush strokes with dry-brush texture, soft paper grain, restrained palette, in the manner of Kim Hong-do and Jeong Seon, single object centered, plain warm hanji background, soft ambient occlusion, clean silhouette, game item icon, 1:1 --ar 1:1 --style raw","photorealistic, 3d render, anime, chibi, western fantasy, neon, glossy plastic, text, watermark, signature, modern clothing, Chinese Qing costume, Manchu queue hairstyle, Japanese kimono, samurai armor, hakama, hanfu with crossed wide sleeves of Ming court, Japanese katana, multiple objects, hands, cluttered background",Hanging Scroll Travelogue,Hanji Scroll with Wooden Rollers
her_027,res://assets/icons/heritage/her_027.png,icon,덕진진,,"museum-quality illustration of 덕진진 (Hanging Scroll Travelogue), made of Hanji Scroll with Wooden Rollers, Mid Joseon period, Joseon-era Korean ink-and-wash painting (sumukchaesaek) on aged hanji mulberry paper, muted mineral pigments (malachite green, azurite blue, ochre, cinnabar red, ink black), confident brush strokes with dry-brush texture, soft paper grain, restrained palette, in the manner of Kim Hong-do and Jeong Seon, single object centered, plain warm hanji background, soft ambient occlusion, clean silhouette, game item icon, 1:1 --ar 1:1 --style raw","photorealistic, 3d render, anime, chibi, western fantasy, neon, glossy plastic, text, watermark, signature, modern clothing, Chinese Qing costume, Manchu queue hairstyle, Japanese kimono, samurai armor, hakama, hanfu with crossed wide sleeves of Ming court, Japanese katana, multiple objects, hands, cluttered background",Hanging Scroll Travelogue,Hanji Scroll with Wooden Rollers
her_028,res://assets/icons/heritage/her_028.png,icon,광주유수부,,"museum-quality illustration of 광주유수부 (Hanging Scroll Travelogue), made of Hanji Scroll with Wooden Rollers, Late Joseon period, Joseon-era Korean ink-and-wash painting (sumukchaesaek) on aged hanji mulberry paper, muted mineral pigments (malachite green, azurite blue, ochre, cinnabar red, ink black), confident brush strokes with dry-brush texture, soft paper grain, restrained palette, in the manner of Kim Hong-do and Jeong Seon, single object centered, plain warm hanji background, soft ambient occlusion, clean silhouette, game item icon, 1:1 --ar 1:1 --style raw","photorealistic, 3d render, anime, chibi, western fantasy, neon, glossy plastic, text, watermark, signature, modern clothing, Chinese Qing costume, Manchu queue hairstyle, Japanese kimono, samurai armor, hakama, hanfu with crossed wide sleeves of Ming court, Japanese katana, multiple objects, hands, cluttered background",Hanging Scroll Travelogue,Hanji Scroll with Wooden Rollers
her_029,res://assets/icons/heritage/her_029.png,icon,조계사,,"museum-quality illustration of 조계사 (Hanging Scroll Travelogue), made of Hanji Scroll with Wooden Rollers, Late Joseon period, Joseon-era Korean ink-and-wash painting (sumukchaesaek) on aged hanji mulberry paper, muted mineral pigments (malachite green, azurite blue, ochre, cinnabar red, ink black), confident brush strokes with dry-brush texture, soft paper grain, restrained palette, in the manner of Kim Hong-do and Jeong Seon, single object centered, plain warm hanji background, soft ambient occlusion, clean silhouette, game item icon, 1:1 --ar 1:1 --style raw","photorealistic, 3d render, anime, chibi, western fantasy, neon, glossy plastic, text, watermark, signature, modern clothing, Chinese Qing costume, Manchu queue hairstyle, Japanese kimono, samurai armor, hakama, hanfu with crossed wide sleeves of Ming court, Japanese katana, multiple objects, hands, cluttered background",Hanging Scroll Travelogue,Hanji Scroll with Wooden Rollers
her_030,res://assets/icons/heritage/her_030.png,icon,용주사,,"museum-quality illustration of 용주사 (Hanging Scroll Travelogue), made of Hanji Scroll with Wooden Rollers, Mid Joseon period, Joseon-era Korean ink-and-wash painting (sumukchaesaek) on aged hanji mulberry paper, muted mineral pigments (malachite green, azurite blue, ochre, cinnabar red, ink black), confident brush strokes with dry-brush texture, soft paper grain, restrained palette, in the manner of Kim Hong-do and Jeong Seon, single object centered, plain warm hanji background, soft ambient occlusion, clean silhouette, game item icon, 1:1 --ar 1:1 --style raw","photorealistic, 3d render, anime, chibi, western fantasy, neon, glossy plastic, text, watermark, signature, modern clothing, Chinese Qing costume, Manchu queue hairstyle, Japanese kimono, samurai armor, hakama, hanfu with crossed wide sleeves of Ming court, Japanese katana, multiple objects, hands, cluttered background",Hanging Scroll Travelogue,Hanji Scroll with Wooden Rollers
her_031,res://assets/icons/heritage/her_031.png,icon,신륵사,,"museum-quality illustration of 신륵사 (Hanging Scroll Travelogue), made of Hanji Scroll with Wooden Rollers, Mid Joseon period, Joseon-era Korean ink-and-wash painting (sumukchaesaek) on aged hanji mulberry paper, muted mineral pigments (malachite green, azurite blue, ochre, cinnabar red, ink black), confident brush strokes with dry-brush texture, soft paper grain, restrained palette, in the manner of Kim Hong-do and Jeong Seon, single object centered, plain warm hanji background, soft ambient occlusion, clean silhouette, game item icon, 1:1 --ar 1:1 --style raw","photorealistic, 3d render, anime, chibi, western fantasy, neon, glossy plastic, text, watermark, signature, modern clothing, Chinese Qing costume, Manchu queue hairstyle, Japanese kimono, samurai armor, hakama, hanfu with crossed wide sleeves of Ming court, Japanese katana, multiple objects, hands, cluttered background",Hanging Scroll Travelogue,Hanji Scroll with Wooden Rollers
her_032,res://assets/icons/heritage/her_032.png,icon,남한산성,,"museum-quality illustration of 남한산성 (Hanging Scroll Travelogue), made of Hanji Scroll with Wooden Rollers, Mid Joseon period, Joseon-era Korean ink-and-wash painting (sumukchaesaek) on aged hanji mulberry paper, muted mineral pigments (malachite green, azurite blue, ochre, cinnabar red, ink black), confident brush strokes with dry-brush texture, soft paper grain, restrained palette, in the manner of Kim Hong-do and Jeong Seon, single object centered, plain warm hanji background, soft ambient occlusion, clean silhouette, game item icon, 1:1 --ar 1:1 --style raw","photorealistic, 3d render, anime, chibi, western fantasy, neon, glossy plastic, text, watermark, signature, modern clothing, Chinese Qing costume, Manchu queue hairstyle, Japanese kimono, samurai armor, hakama, hanfu with crossed wide sleeves of Ming court, Japanese katana, multiple objects, hands, cluttered background",Hanging Scroll Travelogue,Hanji Scroll with Wooden Rollers
her_033,res://assets/icons/heritage/her_033.png,icon,철원도호부,,"museum-quality illustration of 철원도호부 (Hanging Scroll Travelogue), made of Hanji Scroll with Wooden Rollers, Late Joseon period, Joseon-era Korean ink-and-wash painting (sumukchaesaek) on aged hanji mulberry paper, muted mineral pigments (malachite green, azurite blue, ochre, cinnabar red, ink black), confident brush strokes with dry-brush texture, soft paper grain, restrained palette, in the manner of Kim Hong-do and Jeong Seon, single object centered, plain warm hanji background, soft ambient occlusion, clean silhouette, game item icon, 1:1 --ar 1:1 --style raw","photorealistic, 3d render, anime, chibi, western fantasy, neon, glossy plastic, text, watermark, signature, modern clothing, Chinese Qing costume, Manchu queue hairstyle, Japanese kimono, samurai armor, hakama, hanfu with crossed wide sleeves of Ming court, Japanese katana, multiple objects, hands, cluttered background",Hanging Scroll Travelogue,Hanji Scroll with Wooden Rollers
her_034,res://assets/icons/heritage/her_034.png,icon,춘천부,,"museum-quality illustration of 춘천부 (Hanging Scroll Travelogue), made of Hanji Scroll with Wooden Rollers, Late Joseon period, Joseon-era Korean ink-and-wash painting (sumukchaesaek) on aged hanji mulberry paper, muted mineral pigments (malachite green, azurite blue, ochre, cinnabar red, ink black), confident brush strokes with dry-brush texture, soft paper grain, restrained palette, in the manner of Kim Hong-do and Jeong Seon, single object centered, plain warm hanji background, soft ambient occlusion, clean silhouette, game item icon, 1:1 --ar 1:1 --style raw","photorealistic, 3d render, anime, chibi, western fantasy, neon, glossy plastic, text, watermark, signature, modern clothing, Chinese Qing costume, Manchu queue hairstyle, Japanese kimono, samurai armor, hakama, hanfu with crossed wide sleeves of Ming court, Japanese katana, multiple objects, hands, cluttered background",Hanging Scroll Travelogue,Hanji Scroll with Wooden Rollers
her_035,res://assets/icons/heritage/her_035.png,icon,건봉사,,"museum-quality illustration of 건봉사 (Hanging Scroll Travelogue), made of Hanji Scroll with Wooden Rollers, Mid Joseon period, Joseon-era Korean ink-and-wash painting (sumukchaesaek) on aged hanji mulberry paper, muted mineral pigments (malachite green, azurite blue, ochre, cinnabar red, ink black), confident brush strokes with dry-brush texture, soft paper grain, restrained palette, in the manner of Kim Hong-do and Jeong Seon, single object centered, plain warm hanji background, soft ambient occlusion, clean silhouette, game item icon, 1:1 --ar 1:1 --style raw","photorealistic, 3d render, anime, chibi, western fantasy, neon, glossy plastic, text, watermark, signature, modern clothing, Chinese Qing costume, Manchu queue hairstyle, Japanese kimono, samurai armor, hakama, hanfu with crossed wide sleeves of Ming court, Japanese katana, multiple objects, hands, cluttered background",Hanging Scroll Travelogue,Hanji Scroll with Wooden Rollers
her_036,res://assets/icons/heritage/her_036.png,icon,백담사,,"museum-quality illustration of 백담사 (Hanging Scroll Travelogue), made of Hanji Scroll with Wooden Rollers, Mid Joseon period, Joseon-era Korean ink-and-wash painting (sumukchaesaek) on aged hanji mulberry paper, muted mineral pigments (malachite green, azurite blue, ochre, cinnabar red, ink black), confident brush strokes with dry-brush texture, soft paper grain, restrained palette, in the manner of Kim Hong-do and Jeong Seon, single object centered, plain warm hanji background, soft ambient occlusion, clean silhouette, game item icon, 1:1 --ar 1:1 --style raw","photorealistic, 3d render, anime, chibi, western fantasy, neon, glossy plastic, text, watermark, signature, modern clothing, Chinese Qing costume, Manchu queue hairstyle, Japanese kimono, samurai armor, hakama, hanfu with crossed wide sleeves of Ming court, Japanese katana, multiple objects, hands, cluttered background",Hanging Scroll Travelogue,Hanji Scroll with Wooden Rollers
her_037,res://assets/icons/heritage/her_037.png,icon,금강산 구룡폭,,"museum-quality illustration of 금강산 구룡폭 (Hanging Scroll Travelogue), made of Hanji Scroll with Wooden Rollers, Mid Joseon period, Joseon-era Korean ink-and-wash painting (sumukchaesaek) on aged hanji mulberry paper, muted mineral pigments (malachite green, azurite blue, ochre, cinnabar red, ink black), confident brush strokes with dry-brush texture, soft paper grain, restrained palette, in the manner of Kim Hong-do and Jeong Seon, single object centered, plain warm hanji background, soft ambient occlusion, clean silhouette, game item icon, 1:1 --ar 1:1 --style raw","photorealistic, 3d render, anime, chibi, western fantasy, neon, glossy plastic, text, watermark, signature, modern clothing, Chinese Qing costume, Manchu queue hairstyle, Japanese kimono, samurai armor, hakama, hanfu with crossed wide sleeves of Ming court, Japanese katana, multiple objects, hands, cluttered background",Hanging Scroll Travelogue,Hanji Scroll with Wooden Rollers
her_038,res://assets/icons/heritage/her_038.png,icon,철원 삼부연,,"museum-quality illustration of 철원 삼부연 (Hanging Scroll Travelogue), made of Hanji Scroll with Wooden Rollers, Late Joseon period, Joseon-era Korean ink-and-wash painting (sumukchaesaek) on aged hanji mulberry paper, muted mineral pigments (malachite green, azurite blue, ochre, cinnabar red, ink black), confident brush strokes with dry-brush texture, soft paper grain, restrained palette, in the manner of Kim Hong-do and Jeong Seon, single object centered, plain warm hanji background, soft ambient occlusion, clean silhouette, game item icon, 1:1 --ar 1:1 --style raw","photorealistic, 3d render, anime, chibi, western fantasy, neon, glossy plastic, text, watermark, signature, modern clothing, Chinese Qing costume, Manchu queue hairstyle, Japanese kimono, samurai armor, hakama, hanfu with crossed wide sleeves of Ming court, Japanese katana, multiple objects, hands, cluttered background",Hanging Scroll Travelogue,Hanji Scroll with Wooden Rollers
her_039,res://assets/icons/heritage/her_039.png,icon,원주 강원감영,,"museum-quality illustration of 원주 강원감영 (Hanging Scroll Travelogue), made of Hanji Scroll with Wooden Rollers, Late Joseon period, Joseon-era Korean ink-and-wash painting (sumukchaesaek) on aged hanji mulberry paper, muted mineral pigments (malachite green, azurite blue, ochre, cinnabar red, ink black), confident brush strokes with dry-brush texture, soft paper grain, restrained palette, in the manner of Kim Hong-do and Jeong Seon, single object centered, plain warm hanji background, soft ambient occlusion, clean silhouette, game item icon, 1:1 --ar 1:1 --style raw","photorealistic, 3d render, anime, chibi, western fantasy, neon, glossy plastic, text, watermark, signature, modern clothing, Chinese Qing costume, Manchu queue hairstyle, Japanese kimono, samurai armor, hakama, hanfu with crossed wide sleeves of Ming court, Japanese katana, multiple objects, hands, cluttered background",Hanging Scroll Travelogue,Hanji Scroll with Wooden Rollers
her_040,res://assets/icons/heritage/her_040.png,icon,강릉대도호부,,"museum-quality illustration of 강릉대도호부 (Hanging Scroll Travelogue), made of Hanji Scroll with Wooden Rollers, Late Joseon period, Joseon-era Korean ink-and-wash painting (sumukchaesaek) on aged hanji mulberry paper, muted mineral pigments (malachite green, azurite blue, ochre, cinnabar red, ink black), confident brush strokes with dry-brush texture, soft paper grain, restrained palette, in the manner of Kim Hong-do and Jeong Seon, single object centered, plain warm hanji background, soft ambient occlusion, clean silhouette, game item icon, 1:1 --ar 1:1 --style raw","photorealistic, 3d render, anime, chibi, western fantasy, neon, glossy plastic, text, watermark, signature, modern clothing, Chinese Qing costume, Manchu queue hairstyle, Japanese kimono, samurai armor, hakama, hanfu with crossed wide sleeves of Ming court, Japanese katana, multiple objects, hands, cluttered background",Hanging Scroll Travelogue,Hanji Scroll with Wooden Rollers
her_041,res://assets/icons/heritage/her_041.png,icon,월정사,,"museum-quality illustration of 월정사 (Hanging Scroll Travelogue), made of Hanji Scroll with Wooden Rollers, Mid Joseon period, Joseon-era Korean ink-and-wash painting (sumukchaesaek) on aged hanji mulberry paper, muted mineral pigments (malachite green, azurite blue, ochre, cinnabar red, ink black), confident brush strokes with dry-brush texture, soft paper grain, restrained palette, in the manner of Kim Hong-do and Jeong Seon, single object centered, plain warm hanji background, soft ambient occlusion, clean silhouette, game item icon, 1:1 --ar 1:1 --style raw","photorealistic, 3d render, anime, chibi, western fantasy, neon, glossy plastic, text, watermark, signature, modern clothing, Chinese Qing costume, Manchu queue hairstyle, Japanese kimono, samurai armor, hakama, hanfu with crossed wide sleeves of Ming court, Japanese katana, multiple objects, hands, cluttered background",Hanging Scroll Travelogue,Hanji Scroll with Wooden Rollers
her_042,res://assets/icons/heritage/her_042.png,icon,삼척 신흥사,,"museum-quality illustration of 삼척 신흥사 (Hanging Scroll Travelogue), made of Hanji Scroll with Wooden Rollers, Late Joseon period, Joseon-era Korean ink-and-wash painting (sumukchaesaek) on aged hanji mulberry paper, muted mineral pigments (malachite green, azurite blue, ochre, cinnabar red, ink black), confident brush strokes with dry-brush texture, soft paper grain, restrained palette, in the manner of Kim Hong-do and Jeong Seon, single object centered, plain warm hanji background, soft ambient occlusion, clean silhouette, game item icon, 1:1 --ar 1:1 --style raw","photorealistic, 3d render, anime, chibi, western fantasy, neon, glossy plastic, text, watermark, signature, modern clothing, Chinese Qing costume, Manchu queue hairstyle, Japanese kimono, samurai armor, hakama, hanfu with crossed wide sleeves of Ming court, Japanese katana, multiple objects, hands, cluttered background",Hanging Scroll Travelogue,Hanji Scroll with Wooden Rollers
her_043,res://assets/icons/heritage/her_043.png,icon,충주목,,"museum-quality illustration of 충주목 (Hanging Scroll Travelogue), made of Hanji Scroll with Wooden Rollers, Late Joseon period, Joseon-era Korean ink-and-wash painting (sumukchaesaek) on aged hanji mulberry paper, muted mineral pigments (malachite green, azurite blue, ochre, cinnabar red, ink black), confident brush strokes with dry-brush texture, soft paper grain, restrained palette, in the manner of Kim Hong-do and Jeong Seon, single object centered, plain warm hanji background, soft ambient occlusion, clean silhouette, game item icon, 1:1 --ar 1:1 --style raw","photorealistic, 3d render, anime, chibi, western fantasy, neon, glossy plastic, text, watermark, signature, modern clothing, Chinese Qing costume, Manchu queue hairstyle, Japanese kimono, samurai armor, hakama, hanfu with crossed wide sleeves of Ming court, Japanese katana, multiple objects, hands, cluttered background",Hanging Scroll Travelogue,Hanji Scroll with Wooden Rollers
her_044,res://assets/icons/heritage/her_044.png,icon,청주목,,"museum-quality illustration of 청주목 (Hanging Scroll Travelogue), made of Hanji Scroll with Wooden Rollers, Late Joseon period, Joseon-era Korean ink-and-wash painting (sumukchaesaek) on aged hanji mulberry paper, muted mineral pigments (malachite green, azurite blue, ochre, cinnabar red, ink black), confident brush strokes with dry-brush texture, soft paper grain, restrained palette, in the manner of Kim Hong-do and Jeong Seon, single object centered, plain warm hanji background, soft ambient occlusion, clean silhouette, game item icon, 1:1 --ar 1:1 --style raw","photorealistic, 3d render, anime, chibi, western fantasy, neon, glossy plastic, text, watermark, signature, modern clothing, Chinese Qing costume, Manchu queue hairstyle, Japanese kimono, samurai armor, hakama, hanfu with crossed wide sleeves of Ming court, Japanese katana, multiple objects, hands, cluttered background",Hanging Scroll Travelogue,Hanji Scroll with Wooden Rollers
her_045,res://assets/icons/heritage/her_045.png,icon,속리산 법주사,,"museum-quality illustration of 속리산 법주사 (Hanging Scroll Travelogue), made of Hanji Scroll with Wooden Rollers, Mid Joseon period, Joseon-era Korean ink-and-wash painting (sumukchaesaek) on aged hanji mulberry paper, muted mineral pigments (malachite green, azurite blue, ochre, cinnabar red, ink black), confident brush strokes with dry-brush texture, soft paper grain, restrained palette, in the manner of Kim Hong-do and Jeong Seon, single object centered, plain warm hanji background, soft ambient occlusion, clean silhouette, game item icon, 1:1 --ar 1:1 --style raw","photorealistic, 3d render, anime, chibi, western fantasy, neon, glossy plastic, text, watermark, signature, modern clothing, Chinese Qing costume, Manchu queue hairstyle, Japanese kimono, samurai armor, hakama, hanfu with crossed wide sleeves of Ming court, Japanese katana, multiple objects, hands, cluttered background",Hanging Scroll Travelogue,Hanji Scroll with Wooden Rollers
her_046,res://assets/icons/heritage/her_046.png,icon,구인사,,"museum-quality illustration of 구인사 (Hanging Scroll Travelogue), made of Hanji Scroll with Wooden Rollers, Late Joseon period, Joseon-era Korean ink-and-wash painting (sumukchaesaek) on aged hanji mulberry paper, muted mineral pigments (malachite green, azurite blue, ochre, cinnabar red, ink black), confident brush strokes with dry-brush texture, soft paper grain, restrained palette, in the manner of Kim Hong-do and Jeong Seon, single object centered, plain warm hanji background, soft ambient occlusion, clean silhouette, game item icon, 1:1 --ar 1:1 --style raw","photorealistic, 3d render, anime, chibi, western fantasy, neon, glossy plastic, text, watermark, signature, modern clothing, Chinese Qing costume, Manchu queue hairstyle, Japanese kimono, samurai armor, hakama, hanfu with crossed wide sleeves of Ming court, Japanese katana, multiple objects, hands, cluttered background",Hanging Scroll Travelogue,Hanji Scroll with Wooden Rollers
her_047,res://assets/icons/heritage/her_047.png,icon,공주 충청감영,,"museum-quality illustration of 공주 충청감영 (Hanging Scroll Travelogue), made of Hanji Scroll with Wooden Rollers, Late Joseon period, Joseon-era Korean ink-and-wash painting (sumukchaesaek) on aged hanji mulberry paper, muted mineral pigments (malachite green, azurite blue, ochre, cinnabar red, ink black), confident brush strokes with dry-brush texture, soft paper grain, restrained palette, in the manner of Kim Hong-do and Jeong Seon, single object centered, plain warm hanji background, soft ambient occlusion, clean silhouette, game item icon, 1:1 --ar 1:1 --style raw","photorealistic, 3d render, anime, chibi, western fantasy, neon, glossy plastic, text, watermark, signature, modern clothing, Chinese Qing costume, Manchu queue hairstyle, Japanese kimono, samurai armor, hakama, hanfu with crossed wide sleeves of Ming court, Japanese katana, multiple objects, hands, cluttered background",Hanging Scroll Travelogue,Hanji Scroll with Wooden Rollers
her_048,res://assets/icons/heritage/her_048.png,icon,홍주목,,"museum-quality illustration of 홍주목 (Hanging Scroll Travelogue), made of Hanji Scroll with Wooden Rollers, Late Joseon period, Joseon-era Korean ink-and-wash painting (sumukchaesaek) on aged hanji mulberry paper, muted mineral pigments (malachite green, azurite blue, ochre, cinnabar red, ink black), confident brush strokes with dry-brush texture, soft paper grain, restrained palette, in the manner of Kim Hong-do and Jeong Seon, single object centered, plain warm hanji background, soft ambient occlusion, clean silhouette, game item icon, 1:1 --ar 1:1 --style raw","photorealistic, 3d render, anime, chibi, western fantasy, neon, glossy plastic, text, watermark, signature, modern clothing, Chinese Qing costume, Manchu queue hairstyle, Japanese kimono, samurai armor, hakama, hanfu with crossed wide sleeves of Ming court, Japanese katana, multiple objects, hands, cluttered background",Hanging Scroll Travelogue,Hanji Scroll with Wooden Rollers
her_049,res://assets/icons/heritage/her_049.png,icon,마곡사,,"museum-quality illustration of 마곡사 (Hanging Scroll Travelogue), made of Hanji Scroll with Wooden Rollers, Mid Joseon period, Joseon-era Korean ink-and-wash painting (sumukchaesaek) on aged hanji mulberry paper, muted mineral pigments (malachite green, azurite blue, ochre, cinnabar red, ink black), confident brush strokes with dry-brush texture, soft paper grain, restrained palette, in the manner of Kim Hong-do and Jeong Seon, single object centered, plain warm hanji background, soft ambient occlusion, clean silhouette, game item icon, 1:1 --ar 1:1 --style raw","photorealistic, 3d render, anime, chibi, western fantasy, neon, glossy plastic, text, watermark, signature, modern clothing, Chinese Qing costume, Manchu queue hairstyle, Japanese kimono, samurai armor, hakama, hanfu with crossed wide sleeves of Ming court, Japanese katana, multiple objects, hands, cluttered background",Hanging Scroll Travelogue,Hanji Scroll with Wooden Rollers
her_050,res://assets/icons/heritage/her_050.png,icon,갑사,,"museum-quality illustration of 갑사 (Hanging Scroll Travelogue), made of Hanji Scroll with Wooden Rollers, Mid Joseon period, Joseon-era Korean ink-and-wash painting (sumukchaesaek) on aged hanji mulberry paper, muted mineral pigments (malachite green, azurite blue, ochre, cinnabar red, ink black), confident brush strokes with dry-brush texture, soft paper grain, restrained palette, in the manner of Kim Hong-do and Jeong Seon, single object centered, plain warm hanji background, soft ambient occlusion, clean silhouette, game item icon, 1:1 --ar 1:1 --style raw","photorealistic, 3d render, anime, chibi, western fantasy, neon, glossy plastic, text, watermark, signature, modern clothing, Chinese Qing costume, Manchu queue hairstyle, Japanese kimono, samurai armor, hakama, hanfu with crossed wide sleeves of Ming court, Japanese katana, multiple objects, hands, cluttered background",Hanging Scroll Travelogue,Hanji Scroll with Wooden Rollers
her_051,res://assets/icons/heritage/her_051.png,icon,수덕사,,"museum-quality illustration of 수덕사 (Hanging Scroll Travelogue), made of Hanji Scroll with Wooden Rollers, Mid Joseon period, Joseon-era Korean ink-and-wash painting (sumukchaesaek) on aged hanji mulberry paper, muted mineral pigments (malachite green, azurite blue, ochre, cinnabar red, ink black), confident brush strokes with dry-brush texture, soft paper grain, restrained palette, in the manner of Kim Hong-do and Jeong Seon, single object centered, plain warm hanji background, soft ambient occlusion, clean silhouette, game item icon, 1:1 --ar 1:1 --style raw","photorealistic, 3d render, anime, chibi, western fantasy, neon, glossy plastic, text, watermark, signature, modern clothing, Chinese Qing costume, Manchu queue hairstyle, Japanese kimono, samurai armor, hakama, hanfu with crossed wide sleeves of Ming court, Japanese katana, multiple objects, hands, cluttered background",Hanging Scroll Travelogue,Hanji Scroll with Wooden Rollers
her_052,res://assets/icons/heritage/her_052.png,icon,전주 전라감영,,"museum-quality illustration of 전주 전라감영 (Hanging Scroll Travelogue), made of Hanji Scroll with Wooden Rollers, Late Joseon period, Joseon-era Korean ink-and-wash painting (sumukchaesaek) on aged hanji mulberry paper, muted mineral pigments (malachite green, azurite blue, ochre, cinnabar red, ink black), confident brush strokes with dry-brush texture, soft paper grain, restrained palette, in the manner of Kim Hong-do and Jeong Seon, single object centered, plain warm hanji background, soft ambient occlusion, clean silhouette, game item icon, 1:1 --ar 1:1 --style raw","photorealistic, 3d render, anime, chibi, western fantasy, neon, glossy plastic, text, watermark, signature, modern clothing, Chinese Qing costume, Manchu queue hairstyle, Japanese kimono, samurai armor, hakama, hanfu with crossed wide sleeves of Ming court, Japanese katana, multiple objects, hands, cluttered background",Hanging Scroll Travelogue,Hanji Scroll with Wooden Rollers
her_053,res://assets/icons/heritage/her_053.png,icon,남원도호부,,"museum-quality illustration of 남원도호부 (Hanging Scroll Travelogue), made of Hanji Scroll with Wooden Rollers, Late Joseon period, Joseon-era Korean ink-and-wash painting (sumukchaesaek) on aged hanji mulberry paper, muted mineral pigments (malachite green, azurite blue, ochre, cinnabar red, ink black), confident brush strokes with dry-brush texture, soft paper grain, restrained palette, in the manner of Kim Hong-do and Jeong Seon, single object centered, plain warm hanji background, soft ambient occlusion, clean silhouette, game item icon, 1:1 --ar 1:1 --style raw","photorealistic, 3d render, anime, chibi, western fantasy, neon, glossy plastic, text, watermark, signature, modern clothing, Chinese Qing costume, Manchu queue hairstyle, Japanese kimono, samurai armor, hakama, hanfu with crossed wide sleeves of Ming court, Japanese katana, multiple objects, hands, cluttered background",Hanging Scroll Travelogue,Hanji Scroll with Wooden Rollers
her_054,res://assets/icons/heritage/her_054.png,icon,금산사,,"museum-quality illustration of 금산사 (Hanging Scroll Travelogue), made of Hanji Scroll with Wooden Rollers, Mid Joseon period, Joseon-era Korean ink-and-wash painting (sumukchaesaek) on aged hanji mulberry paper, muted mineral pigments (malachite green, azurite blue, ochre, cinnabar red, ink black), confident brush strokes with dry-brush texture, soft paper grain, restrained palette, in the manner of Kim Hong-do and Jeong Seon, single object centered, plain warm hanji background, soft ambient occlusion, clean silhouette, game item icon, 1:1 --ar 1:1 --style raw","photorealistic, 3d render, anime, chibi, western fantasy, neon, glossy plastic, text, watermark, signature, modern clothing, Chinese Qing costume, Manchu queue hairstyle, Japanese kimono, samurai armor, hakama, hanfu with crossed wide sleeves of Ming court, Japanese katana, multiple objects, hands, cluttered background",Hanging Scroll Travelogue,Hanji Scroll with Wooden Rollers
her_055,res://assets/icons/heritage/her_055.png,icon,내소사,,"museum-quality illustration of 내소사 (Hanging Scroll Travelogue), made of Hanji Scroll with Wooden Rollers, Mid Joseon period, Joseon-era Korean ink-and-wash painting (sumukchaesaek) on aged hanji mulberry paper, muted mineral pigments (malachite green, azurite blue, ochre, cinnabar red, ink black), confident brush strokes with dry-brush texture, soft paper grain, restrained palette, in the manner of Kim Hong-do and Jeong Seon, single object centered, plain warm hanji background, soft ambient occlusion, clean silhouette, game item icon, 1:1 --ar 1:1 --style raw","photorealistic, 3d render, anime, chibi, western fantasy, neon, glossy plastic, text, watermark, signature, modern clothing, Chinese Qing costume, Manchu queue hairstyle, Japanese kimono, samurai armor, hakama, hanfu with crossed wide sleeves of Ming court, Japanese katana, multiple objects, hands, cluttered background",Hanging Scroll Travelogue,Hanji Scroll with Wooden Rollers
her_056,res://assets/icons/heritage/her_056.png,icon,실상사,,"museum-quality illustration of 실상사 (Hanging Scroll Travelogue), made of Hanji Scroll with Wooden Rollers, Mid Joseon period, Joseon-era Korean ink-and-wash painting (sumukchaesaek) on aged hanji mulberry paper, muted mineral pigments (malachite green, azurite blue, ochre, cinnabar red, ink black), confident brush strokes with dry-brush texture, soft paper grain, restrained palette, in the manner of Kim Hong-do and Jeong Seon, single object centered, plain warm hanji background, soft ambient occlusion, clean silhouette, game item icon, 1:1 --ar 1:1 --style raw","photorealistic, 3d render, anime, chibi, western fantasy, neon, glossy plastic, text, watermark, signature, modern clothing, Chinese Qing costume, Manchu queue hairstyle, Japanese kimono, samurai armor, hakama, hanfu with crossed wide sleeves of Ming court, Japanese katana, multiple objects, hands, cluttered background",Hanging Scroll Travelogue,Hanji Scroll with Wooden Rollers
her_057,res://assets/icons/heritage/her_057.png,icon,적상산성,,"museum-quality illustration of 적상산성 (Hanging Scroll Travelogue), made of Hanji Scroll with Wooden Rollers, Late Joseon period, Joseon-era Korean ink-and-wash painting (sumukchaesaek) on aged hanji mulberry paper, muted mineral pigments (malachite green, azurite blue, ochre, cinnabar red, ink black), confident brush strokes with dry-brush texture, soft paper grain, restrained palette, in the manner of Kim Hong-do and Jeong Seon, single object centered, plain warm hanji background, soft ambient occlusion, clean silhouette, game item icon, 1:1 --ar 1:1 --style raw","photorealistic, 3d render, anime, chibi, western fantasy, neon, glossy plastic, text, watermark, signature, modern clothing, Chinese Qing costume, Manchu queue hairstyle, Japanese kimono, samurai armor, hakama, hanfu with crossed wide sleeves of Ming court, Japanese katana, multiple objects, hands, cluttered background",Hanging Scroll Travelogue,Hanji Scroll with Wooden Rollers
her_058,res://assets/icons/heritage/her_058.png,icon,나주목,,"museum-quality illustration of 나주목 (Hanging Scroll Travelogue), made of Hanji Scroll with Wooden Rollers, Late Joseon period, Joseon-era Korean ink-and-wash painting (sumukchaesaek) on aged hanji mulberry paper, muted mineral pigments (malachite green, azurite blue, ochre, cinnabar red, ink black), confident brush strokes with dry-brush texture, soft paper grain, restrained palette, in the manner of Kim Hong-do and Jeong Seon, single object centered, plain warm hanji background, soft ambient occlusion, clean silhouette, game item icon, 1:1 --ar 1:1 --style raw","photorealistic, 3d render, anime, chibi, western fantasy, neon, glossy plastic, text, watermark, signature, modern clothing, Chinese Qing costume, Manchu queue hairstyle, Japanese kimono, samurai armor, hakama, hanfu with crossed wide sleeves of Ming court, Japanese katana, multiple objects, hands, cluttered background",Hanging Scroll Travelogue,Hanji Scroll with Wooden Rollers
her_059,res://assets/icons/heritage/her_059.png,icon,순천도호부,,"museum-quality illustration of 순천도호부 (Hanging Scroll Travelogue), made of Hanji Scroll with Wooden Rollers, Late Joseon period, Joseon-era Korean ink-and-wash painting (sumukchaesaek) on aged hanji mulberry paper, muted mineral pigments (malachite green, azurite blue, ochre, cinnabar red, ink black), confident brush strokes with dry-brush texture, soft paper grain, restrained palette, in the manner of Kim Hong-do and Jeong Seon, single object centered, plain warm hanji background, soft ambient occlusion, clean silhouette, game item icon, 1:1 --ar 1:1 --style raw","photorealistic, 3d render, anime, chibi, western fantasy, neon, glossy plastic, text, watermark, signature, modern clothing, Chinese Qing costume, Manchu queue hairstyle, Japanese kimono, samurai armor, hakama, hanfu with crossed wide sleeves of Ming court, Japanese katana, multiple objects, hands, cluttered background",Hanging Scroll Travelogue,Hanji Scroll with Wooden Rollers
her_060,res://assets/icons/heritage/her_060.png,icon,광주목,,"museum-quality illustration of 광주목 (Hanging Scroll Travelogue), made of Hanji Scroll with Wooden Rollers, Late Joseon period, Joseon-era Korean ink-and-wash painting (sumukchaesaek) on aged hanji mulberry paper, muted mineral pigments (malachite green, azurite blue, ochre, cinnabar red, ink black), confident brush strokes with dry-brush texture, soft paper grain, restrained palette, in the manner of Kim Hong-do and Jeong Seon, single object centered, plain warm hanji background, soft ambient occlusion, clean silhouette, game item icon, 1:1 --ar 1:1 --style raw","photorealistic, 3d render, anime, chibi, western fantasy, neon, glossy plastic, text, watermark, signature, modern clothing, Chinese Qing costume, Manchu queue hairstyle, Japanese kimono, samurai armor, hakama, hanfu with crossed wide sleeves of Ming court, Japanese katana, multiple objects, hands, cluttered background",Hanging Scroll Travelogue,Hanji Scroll with Wooden Rollers
her_061,res://assets/icons/heritage/her_061.png,icon,여수 좌수영,,"museum-quality illustration of 여수 좌수영 (Hanging Scroll Travelogue), made of Hanji Scroll with Wooden Rollers, Late Joseon period, Joseon-era Korean ink-and-wash painting (sumukchaesaek) on aged hanji mulberry paper, muted mineral pigments (malachite green, azurite blue, ochre, cinnabar red, ink black), confident brush strokes with dry-brush texture, soft paper grain, restrained palette, in the manner of Kim Hong-do and Jeong Seon, single object centered, plain warm hanji background, soft ambient occlusion, clean silhouette, game item icon, 1:1 --ar 1:1 --style raw","photorealistic, 3d render, anime, chibi, western fantasy, neon, glossy plastic, text, watermark, signature, modern clothing, Chinese Qing costume, Manchu queue hairstyle, Japanese kimono, samurai armor, hakama, hanfu with crossed wide sleeves of Ming court, Japanese katana, multiple objects, hands, cluttered background",Hanging Scroll Travelogue,Hanji Scroll with Wooden Rollers
her_062,res://assets/icons/heritage/her_062.png,icon,화엄사,,"museum-quality illustration of 화엄사 (Hanging Scroll Travelogue), made of Hanji Scroll with Wooden Rollers, Mid Joseon period, Joseon-era Korean ink-and-wash painting (sumukchaesaek) on aged hanji mulberry paper, muted mineral pigments (malachite green, azurite blue, ochre, cinnabar red, ink black), confident brush strokes with dry-brush texture, soft paper grain, restrained palette, in the manner of Kim Hong-do and Jeong Seon, single object centered, plain warm hanji background, soft ambient occlusion, clean silhouette, game item icon, 1:1 --ar 1:1 --style raw","photorealistic, 3d render, anime, chibi, western fantasy, neon, glossy plastic, text, watermark, signature, modern clothing, Chinese Qing costume, Manchu queue hairstyle, Japanese kimono, samurai armor, hakama, hanfu with crossed wide sleeves of Ming court, Japanese katana, multiple objects, hands, cluttered background",Hanging Scroll Travelogue,Hanji Scroll with Wooden Rollers
her_063,res://assets/icons/heritage/her_063.png,icon,송광사,,"museum-quality illustration of 송광사 (Hanging Scroll Travelogue), made of Hanji Scroll with Wooden Rollers, Early Joseon period, Joseon-era Korean ink-and-wash painting (sumukchaesaek) on aged hanji mulberry paper, muted mineral pigments (malachite green, azurite blue, ochre, cinnabar red, ink black), confident brush strokes with dry-brush texture, soft paper grain, restrained palette, in the manner of Kim Hong-do and Jeong Seon, single object centered, plain warm hanji background, soft ambient occlusion, clean silhouette, game item icon, 1:1 --ar 1:1 --style raw","photorealistic, 3d render, anime, chibi, western fantasy, neon, glossy plastic, text, watermark, signature, modern clothing, Chinese Qing costume, Manchu queue hairstyle, Japanese kimono, samurai armor, hakama, hanfu with crossed wide sleeves of Ming court, Japanese katana, multiple objects, hands, cluttered background",Hanging Scroll Travelogue,Hanji Scroll with Wooden Rollers
her_064,res://assets/icons/heritage/her_064.png,icon,대흥사,,"museum-quality illustration of 대흥사 (Hanging Scroll Travelogue), made of Hanji Scroll with Wooden Rollers, Mid Joseon period, Joseon-era Korean ink-and-wash painting (sumukchaesaek) on aged hanji mulberry paper, muted mineral pigments (malachite green, azurite blue, ochre, cinnabar red, ink black), confident brush strokes with dry-brush texture, soft paper grain, restrained palette, in the manner of Kim Hong-do and Jeong Seon, single object centered, plain warm hanji background, soft ambient occlusion, clean silhouette, game item icon, 1:1 --ar 1:1 --style raw","photorealistic, 3d render, anime, chibi, western fantasy, neon, glossy plastic, text, watermark, signature, modern clothing, Chinese Qing costume, Manchu queue hairstyle, Japanese kimono, samurai armor, hakama, hanfu with crossed wide sleeves of Ming court, Japanese katana, multiple objects, hands, cluttered background",Hanging Scroll Travelogue,Hanji Scroll with Wooden Rollers
her_065,res://assets/icons/heritage/her_065.png,icon,장성 백양사,,"museum-quality illustration of 장성 백양사 (Hanging Scroll Travelogue), made of Hanji Scroll with Wooden Rollers, Mid Joseon period, Joseon-era Korean ink-and-wash painting (sumukchaesaek) on aged hanji mulberry paper, muted mineral pigments (malachite green, azurite blue, ochre, cinnabar red, ink black), confident brush strokes with dry-brush texture, soft paper grain, restrained palette, in the manner of Kim Hong-do and Jeong Seon, single object centered, plain warm hanji background, soft ambient occlusion, clean silhouette, game item icon, 1:1 --ar 1:1 --style raw","photorealistic, 3d render, anime, chibi, western fantasy, neon, glossy plastic, text, watermark, signature, modern clothing, Chinese Qing costume, Manchu queue hairstyle, Japanese kimono, samurai armor, hakama, hanfu with crossed wide sleeves of Ming court, Japanese katana, multiple objects, hands, cluttered background",Hanging Scroll Travelogue,Hanji Scroll with Wooden Rollers
her_067,res://assets/icons/heritage/her_067.png,icon,상주목,,"museum-quality illustration of 상주목 (Hanging Scroll Travelogue), made of Hanji Scroll with Wooden Rollers, Late Joseon period, Joseon-era Korean ink-and-wash painting (sumukchaesaek) on aged hanji mulberry paper, muted mineral pigments (malachite green, azurite blue, ochre, cinnabar red, ink black), confident brush strokes with dry-brush texture, soft paper grain, restrained palette, in the manner of Kim Hong-do and Jeong Seon, single object centered, plain warm hanji background, soft ambient occlusion, clean silhouette, game item icon, 1:1 --ar 1:1 --style raw","photorealistic, 3d render, anime, chibi, western fantasy, neon, glossy plastic, text, watermark, signature, modern clothing, Chinese Qing costume, Manchu queue hairstyle, Japanese kimono, samurai armor, hakama, hanfu with crossed wide sleeves of Ming court, Japanese katana, multiple objects, hands, cluttered background",Hanging Scroll Travelogue,Hanji Scroll with Wooden Rollers
her_068,res://assets/icons/heritage/her_068.png,icon,안동대도호부,,"museum-quality illustration of 안동대도호부 (Hanging Scroll Travelogue), made of Hanji Scroll with Wooden Rollers, Late Joseon period, Joseon-era Korean ink-and-wash painting (sumukchaesaek) on aged hanji mulberry paper, muted mineral pigments (malachite green, azurite blue, ochre, cinnabar red, ink black), confident brush strokes with dry-brush texture, soft paper grain, restrained palette, in the manner of Kim Hong-do and Jeong Seon, single object centered, plain warm hanji background, soft ambient occlusion, clean silhouette, game item icon, 1:1 --ar 1:1 --style raw","photorealistic, 3d render, anime, chibi, western fantasy, neon, glossy plastic, text, watermark, signature, modern clothing, Chinese Qing costume, Manchu queue hairstyle, Japanese kimono, samurai armor, hakama, hanfu with crossed wide sleeves of Ming court, Japanese katana, multiple objects, hands, cluttered background",Hanging Scroll Travelogue,Hanji Scroll with Wooden Rollers
her_069,res://assets/icons/heritage/her_069.png,icon,경주부,,"museum-quality illustration of 경주부 (Hanging Scroll Travelogue), made of Hanji Scroll with Wooden Rollers, Mid Joseon period, Joseon-era Korean ink-and-wash painting (sumukchaesaek) on aged hanji mulberry paper, muted mineral pigments (malachite green, azurite blue, ochre, cinnabar red, ink black), confident brush strokes with dry-brush texture, soft paper grain, restrained palette, in the manner of Kim Hong-do and Jeong Seon, single object centered, plain warm hanji background, soft ambient occlusion, clean silhouette, game item icon, 1:1 --ar 1:1 --style raw","photorealistic, 3d render, anime, chibi, western fantasy, neon, glossy plastic, text, watermark, signature, modern clothing, Chinese Qing costume, Manchu queue hairstyle, Japanese kimono, samurai armor, hakama, hanfu with crossed wide sleeves of Ming court, Japanese katana, multiple objects, hands, cluttered background",Hanging Scroll Travelogue,Hanji Scroll with Wooden Rollers
her_070,res://assets/icons/heritage/her_070.png,icon,부석사,,"museum-quality illustration of 부석사 (Hanging Scroll Travelogue), made of Hanji Scroll with Wooden Rollers, Early Joseon period, Joseon-era Korean ink-and-wash painting (sumukchaesaek) on aged hanji mulberry paper, muted mineral pigments (malachite green, azurite blue, ochre, cinnabar red, ink black), confident brush strokes with dry-brush texture, soft paper grain, restrained palette, in the manner of Kim Hong-do and Jeong Seon, single object centered, plain warm hanji background, soft ambient occlusion, clean silhouette, game item icon, 1:1 --ar 1:1 --style raw","photorealistic, 3d render, anime, chibi, western fantasy, neon, glossy plastic, text, watermark, signature, modern clothing, Chinese Qing costume, Manchu queue hairstyle, Japanese kimono, samurai armor, hakama, hanfu with crossed wide sleeves of Ming court, Japanese katana, multiple objects, hands, cluttered background",Hanging Scroll Travelogue,Hanji Scroll with Wooden Rollers
her_071,res://assets/icons/heritage/her_071.png,icon,고운사,,"museum-quality illustration of 고운사 (Hanging Scroll Travelogue), made of Hanji Scroll with Wooden Rollers, Mid Joseon period, Joseon-era Korean ink-and-wash painting (sumukchaesaek) on aged hanji mulberry paper, muted mineral pigments (malachite green, azurite blue, ochre, cinnabar red, ink black), confident brush strokes with dry-brush texture, soft paper grain, restrained palette, in the manner of Kim Hong-do and Jeong Seon, single object centered, plain warm hanji background, soft ambient occlusion, clean silhouette, game item icon, 1:1 --ar 1:1 --style raw","photorealistic, 3d render, anime, chibi, western fantasy, neon, glossy plastic, text, watermark, signature, modern clothing, Chinese Qing costume, Manchu queue hairstyle, Japanese kimono, samurai armor, hakama, hanfu with crossed wide sleeves of Ming court, Japanese katana, multiple objects, hands, cluttered background",Hanging Scroll Travelogue,Hanji Scroll with Wooden Rollers
her_072,res://assets/icons/heritage/her_072.png,icon,대구 경상감영,,"museum-quality illustration of 대구 경상감영 (Hanging Scroll Travelogue), made of Hanji Scroll with Wooden Rollers, Late Joseon period, Joseon-era Korean ink-and-wash painting (sumukchaesaek) on aged hanji mulberry paper, muted mineral pigments (malachite green, azurite blue, ochre, cinnabar red, ink black), confident brush strokes with dry-brush texture, soft paper grain, restrained palette, in the manner of Kim Hong-do and Jeong Seon, single object centered, plain warm hanji background, soft ambient occlusion, clean silhouette, game item icon, 1:1 --ar 1:1 --style raw","photorealistic, 3d render, anime, chibi, western fantasy, neon, glossy plastic, text, watermark, signature, modern clothing, Chinese Qing costume, Manchu queue hairstyle, Japanese kimono, samurai armor, hakama, hanfu with crossed wide sleeves of Ming court, Japanese katana, multiple objects, hands, cluttered background",Hanging Scroll Travelogue,Hanji Scroll with Wooden Rollers
her_073,res://assets/icons/heritage/her_073.png,icon,진주목,,"museum-quality illustration of 진주목 (Hanging Scroll Travelogue), made of Hanji Scroll with Wooden Rollers, Mid Joseon period, Joseon-era Korean ink-and-wash painting (sumukchaesaek) on aged hanji mulberry paper, muted mineral pigments (malachite green, azurite blue, ochre, cinnabar red, ink black), confident brush strokes with dry-brush texture, soft paper grain, restrained palette, in the manner of Kim Hong-do and Jeong Seon, single object centered, plain warm hanji background, soft ambient occlusion, clean silhouette, game item icon, 1:1 --ar 1:1 --style raw","photorealistic, 3d render, anime, chibi, western fantasy, neon, glossy plastic, text, watermark, signature, modern clothing, Chinese Qing costume, Manchu queue hairstyle, Japanese kimono, samurai armor, hakama, hanfu with crossed wide sleeves of Ming court, Japanese katana, multiple objects, hands, cluttered background",Hanging Scroll Travelogue,Hanji Scroll with Wooden Rollers
her_074,res://assets/icons/heritage/her_074.png,icon,동래현,,"museum-quality illustration of 동래현 (Hanging Scroll Travelogue), made of Hanji Scroll with Wooden Rollers, Late Joseon period, Joseon-era Korean ink-and-wash painting (sumukchaesaek) on aged hanji mulberry paper, muted mineral pigments (malachite green, azurite blue, ochre, cinnabar red, ink black), confident brush strokes with dry-brush texture, soft paper grain, restrained palette, in the manner of Kim Hong-do and Jeong Seon, single object centered, plain warm hanji background, soft ambient occlusion, clean silhouette, game item icon, 1:1 --ar 1:1 --style raw","photorealistic, 3d render, anime, chibi, western fantasy, neon, glossy plastic, text, watermark, signature, modern clothing, Chinese Qing costume, Manchu queue hairstyle, Japanese kimono, samurai armor, hakama, hanfu with crossed wide sleeves of Ming court, Japanese katana, multiple objects, hands, cluttered background",Hanging Scroll Travelogue,Hanji Scroll with Wooden Rollers
her_075,res://assets/icons/heritage/her_075.png,icon,통영 통제영,,"museum-quality illustration of 통영 통제영 (Hanging Scroll Travelogue), made of Hanji Scroll with Wooden Rollers, Late Joseon period, Joseon-era Korean ink-and-wash painting (sumukchaesaek) on aged hanji mulberry paper, muted mineral pigments (malachite green, azurite blue, ochre, cinnabar red, ink black), confident brush strokes with dry-brush texture, soft paper grain, restrained palette, in the manner of Kim Hong-do and Jeong Seon, single object centered, plain warm hanji background, soft ambient occlusion, clean silhouette, game item icon, 1:1 --ar 1:1 --style raw","photorealistic, 3d render, anime, chibi, western fantasy, neon, glossy plastic, text, watermark, signature, modern clothing, Chinese Qing costume, Manchu queue hairstyle, Japanese kimono, samurai armor, hakama, hanfu with crossed wide sleeves of Ming court, Japanese katana, multiple objects, hands, cluttered background",Hanging Scroll Travelogue,Hanji Scroll with Wooden Rollers
her_076,res://assets/icons/heritage/her_076.png,icon,통도사,,"museum-quality illustration of 통도사 (Hanging Scroll Travelogue), made of Hanji Scroll with Wooden Rollers, Early Joseon period, Joseon-era Korean ink-and-wash painting (sumukchaesaek) on aged hanji mulberry paper, muted mineral pigments (malachite green, azurite blue, ochre, cinnabar red, ink black), confident brush strokes with dry-brush texture, soft paper grain, restrained palette, in the manner of Kim Hong-do and Jeong Seon, single object centered, plain warm hanji background, soft ambient occlusion, clean silhouette, game item icon, 1:1 --ar 1:1 --style raw","photorealistic, 3d render, anime, chibi, western fantasy, neon, glossy plastic, text, watermark, signature, modern clothing, Chinese Qing costume, Manchu queue hairstyle, Japanese kimono, samurai armor, hakama, hanfu with crossed wide sleeves of Ming court, Japanese katana, multiple objects, hands, cluttered background",Hanging Scroll Travelogue,Hanji Scroll with Wooden Rollers
her_077,res://assets/icons/heritage/her_077.png,icon,쌍계사,,"museum-quality illustration of 쌍계사 (Hanging Scroll Travelogue), made of Hanji Scroll with Wooden Rollers, Mid Joseon period, Joseon-era Korean ink-and-wash painting (sumukchaesaek) on aged hanji mulberry paper, muted mineral pigments (malachite green, azurite blue, ochre, cinnabar red, ink black), confident brush strokes with dry-brush texture, soft paper grain, restrained palette, in the manner of Kim Hong-do and Jeong Seon, single object centered, plain warm hanji background, soft ambient occlusion, clean silhouette, game item icon, 1:1 --ar 1:1 --style raw","photorealistic, 3d render, anime, chibi, western fantasy, neon, glossy plastic, text, watermark, signature, modern clothing, Chinese Qing costume, Manchu queue hairstyle, Japanese kimono, samurai armor, hakama, hanfu with crossed wide sleeves of Ming court, Japanese katana, multiple objects, hands, cluttered background",Hanging Scroll Travelogue,Hanji Scroll with Wooden Rollers
her_078,res://assets/icons/heritage/her_078.png,icon,황주목,,"museum-quality illustration of 황주목 (Hanging Scroll Travelogue), made of Hanji Scroll with Wooden Rollers, Late Joseon period, Joseon-era Korean ink-and-wash painting (sumukchaesaek) on aged hanji mulberry paper, muted mineral pigments (malachite green, azurite blue, ochre, cinnabar red, ink black), confident brush strokes with dry-brush texture, soft paper grain, restrained palette, in the manner of Kim Hong-do and Jeong Seon, single object centered, plain warm hanji background, soft ambient occlusion, clean silhouette, game item icon, 1:1 --ar 1:1 --style raw","photorealistic, 3d render, anime, chibi, western fantasy, neon, glossy plastic, text, watermark, signature, modern clothing, Chinese Qing costume, Manchu queue hairstyle, Japanese kimono, samurai armor, hakama, hanfu with crossed wide sleeves of Ming court, Japanese katana, multiple objects, hands, cluttered background",Hanging Scroll Travelogue,Hanji Scroll with Wooden Rollers
her_079,res://assets/icons/heritage/her_079.png,icon,봉산군,,"museum-quality illustration of 봉산군 (Hanging Scroll Travelogue), made of Hanji Scroll with Wooden Rollers, Late Joseon period, Joseon-era Korean ink-and-wash painting (sumukchaesaek) on aged hanji mulberry paper, muted mineral pigments (malachite green, azurite blue, ochre, cinnabar red, ink black), confident brush strokes with dry-brush texture, soft paper grain, restrained palette, in the manner of Kim Hong-do and Jeong Seon, single object centered, plain warm hanji background, soft ambient occlusion, clean silhouette, game item icon, 1:1 --ar 1:1 --style raw","photorealistic, 3d render, anime, chibi, western fantasy, neon, glossy plastic, text, watermark, signature, modern clothing, Chinese Qing costume, Manchu queue hairstyle, Japanese kimono, samurai armor, hakama, hanfu with crossed wide sleeves of Ming court, Japanese katana, multiple objects, hands, cluttered background",Hanging Scroll Travelogue,Hanji Scroll with Wooden Rollers
her_080,res://assets/icons/heritage/her_080.png,icon,성불사,,"museum-quality illustration of 성불사 (Hanging Scroll Travelogue), made of Hanji Scroll with Wooden Rollers, Mid Joseon period, Joseon-era Korean ink-and-wash painting (sumukchaesaek) on aged hanji mulberry paper, muted mineral pigments (malachite green, azurite blue, ochre, cinnabar red, ink black), confident brush strokes with dry-brush texture, soft paper grain, restrained palette, in the manner of Kim Hong-do and Jeong Seon, single object centered, plain warm hanji background, soft ambient occlusion, clean silhouette, game item icon, 1:1 --ar 1:1 --style raw","photorealistic, 3d render, anime, chibi, western fantasy, neon, glossy plastic, text, watermark, signature, modern clothing, Chinese Qing costume, Manchu queue hairstyle, Japanese kimono, samurai armor, hakama, hanfu with crossed wide sleeves of Ming court, Japanese katana, multiple objects, hands, cluttered background",Hanging Scroll Travelogue,Hanji Scroll with Wooden Rollers
her_081,res://assets/icons/heritage/her_081.png,icon,정방산성,,"museum-quality illustration of 정방산성 (Hanging Scroll Travelogue), made of Hanji Scroll with Wooden Rollers, Late Joseon period, Joseon-era Korean ink-and-wash painting (sumukchaesaek) on aged hanji mulberry paper, muted mineral pigments (malachite green, azurite blue, ochre, cinnabar red, ink black), confident brush strokes with dry-brush texture, soft paper grain, restrained palette, in the manner of Kim Hong-do and Jeong Seon, single object centered, plain warm hanji background, soft ambient occlusion, clean silhouette, game item icon, 1:1 --ar 1:1 --style raw","photorealistic, 3d render, anime, chibi, western fantasy, neon, glossy plastic, text, watermark, signature, modern clothing, Chinese Qing costume, Manchu queue hairstyle, Japanese kimono, samurai armor, hakama, hanfu with crossed wide sleeves of Ming court, Japanese katana, multiple objects, hands, cluttered background",Hanging Scroll Travelogue,Hanji Scroll with Wooden Rollers
her_082,res://assets/icons/heritage/her_082.png,icon,해주목,,"museum-quality illustration of 해주목 (Hanging Scroll Travelogue), made of Hanji Scroll with Wooden Rollers, Late Joseon period, Joseon-era Korean ink-and-wash painting (sumukchaesaek) on aged hanji mulberry paper, muted mineral pigments (malachite green, azurite blue, ochre, cinnabar red, ink black), confident brush strokes with dry-brush texture, soft paper grain, restrained palette, in the manner of Kim Hong-do and Jeong Seon, single object centered, plain warm hanji background, soft ambient occlusion, clean silhouette, game item icon, 1:1 --ar 1:1 --style raw","photorealistic, 3d render, anime, chibi, western fantasy, neon, glossy plastic, text, watermark, signature, modern clothing, Chinese Qing costume, Manchu queue hairstyle, Japanese kimono, samurai armor, hakama, hanfu with crossed wide sleeves of Ming court, Japanese katana, multiple objects, hands, cluttered background",Hanging Scroll Travelogue,Hanji Scroll with Wooden Rollers
her_083,res://assets/icons/heritage/her_083.png,icon,연안도호부,,"museum-quality illustration of 연안도호부 (Hanging Scroll Travelogue), made of Hanji Scroll with Wooden Rollers, Late Joseon period, Joseon-era Korean ink-and-wash painting (sumukchaesaek) on aged hanji mulberry paper, muted mineral pigments (malachite green, azurite blue, ochre, cinnabar red, ink black), confident brush strokes with dry-brush texture, soft paper grain, restrained palette, in the manner of Kim Hong-do and Jeong Seon, single object centered, plain warm hanji background, soft ambient occlusion, clean silhouette, game item icon, 1:1 --ar 1:1 --style raw","photorealistic, 3d render, anime, chibi, western fantasy, neon, glossy plastic, text, watermark, signature, modern clothing, Chinese Qing costume, Manchu queue hairstyle, Japanese kimono, samurai armor, hakama, hanfu with crossed wide sleeves of Ming court, Japanese katana, multiple objects, hands, cluttered background",Hanging Scroll Travelogue,Hanji Scroll with Wooden Rollers
her_084,res://assets/icons/heritage/her_084.png,icon,신천 패엽사,,"museum-quality illustration of 신천 패엽사 (Hanging Scroll Travelogue), made of Hanji Scroll with Wooden Rollers, Late Joseon period, Joseon-era Korean ink-and-wash painting (sumukchaesaek) on aged hanji mulberry paper, muted mineral pigments (malachite green, azurite blue, ochre, cinnabar red, ink black), confident brush strokes with dry-brush texture, soft paper grain, restrained palette, in the manner of Kim Hong-do and Jeong Seon, single object centered, plain warm hanji background, soft ambient occlusion, clean silhouette, game item icon, 1:1 --ar 1:1 --style raw","photorealistic, 3d render, anime, chibi, western fantasy, neon, glossy plastic, text, watermark, signature, modern clothing, Chinese Qing costume, Manchu queue hairstyle, Japanese kimono, samurai armor, hakama, hanfu with crossed wide sleeves of Ming court, Japanese katana, multiple objects, hands, cluttered background",Hanging Scroll Travelogue,Hanji Scroll with Wooden Rollers
her_085,res://assets/icons/heritage/her_085.png,icon,장산곶 진보,,"museum-quality illustration of 장산곶 진보 (Hanging Scroll Travelogue), made of Hanji Scroll with Wooden Rollers, Late Joseon period, Joseon-era Korean ink-and-wash painting (sumukchaesaek) on aged hanji mulberry paper, muted mineral pigments (malachite green, azurite blue, ochre, cinnabar red, ink black), confident brush strokes with dry-brush texture, soft paper grain, restrained palette, in the manner of Kim Hong-do and Jeong Seon, single object centered, plain warm hanji background, soft ambient occlusion, clean silhouette, game item icon, 1:1 --ar 1:1 --style raw","photorealistic, 3d render, anime, chibi, western fantasy, neon, glossy plastic, text, watermark, signature, modern clothing, Chinese Qing costume, Manchu queue hairstyle, Japanese kimono, samurai armor, hakama, hanfu with crossed wide sleeves of Ming court, Japanese katana, multiple objects, hands, cluttered background",Hanging Scroll Travelogue,Hanji Scroll with Wooden Rollers
her_086,res://assets/icons/heritage/her_086.png,icon,안주목,,"museum-quality illustration of 안주목 (Hanging Scroll Travelogue), made of Hanji Scroll with Wooden Rollers, Late Joseon period, Joseon-era Korean ink-and-wash painting (sumukchaesaek) on aged hanji mulberry paper, muted mineral pigments (malachite green, azurite blue, ochre, cinnabar red, ink black), confident brush strokes with dry-brush texture, soft paper grain, restrained palette, in the manner of Kim Hong-do and Jeong Seon, single object centered, plain warm hanji background, soft ambient occlusion, clean silhouette, game item icon, 1:1 --ar 1:1 --style raw","photorealistic, 3d render, anime, chibi, western fantasy, neon, glossy plastic, text, watermark, signature, modern clothing, Chinese Qing costume, Manchu queue hairstyle, Japanese kimono, samurai armor, hakama, hanfu with crossed wide sleeves of Ming court, Japanese katana, multiple objects, hands, cluttered background",Hanging Scroll Travelogue,Hanji Scroll with Wooden Rollers
her_087,res://assets/icons/heritage/her_087.png,icon,영명사,,"museum-quality illustration of 영명사 (Hanging Scroll Travelogue), made of Hanji Scroll with Wooden Rollers, Late Joseon period, Joseon-era Korean ink-and-wash painting (sumukchaesaek) on aged hanji mulberry paper, muted mineral pigments (malachite green, azurite blue, ochre, cinnabar red, ink black), confident brush strokes with dry-brush texture, soft paper grain, restrained palette, in the manner of Kim Hong-do and Jeong Seon, single object centered, plain warm hanji background, soft ambient occlusion, clean silhouette, game item icon, 1:1 --ar 1:1 --style raw","photorealistic, 3d render, anime, chibi, western fantasy, neon, glossy plastic, text, watermark, signature, modern clothing, Chinese Qing costume, Manchu queue hairstyle, Japanese kimono, samurai armor, hakama, hanfu with crossed wide sleeves of Ming court, Japanese katana, multiple objects, hands, cluttered background",Hanging Scroll Travelogue,Hanji Scroll with Wooden Rollers
her_088,res://assets/icons/heritage/her_088.png,icon,을밀대,,"museum-quality illustration of 을밀대 (Hanging Scroll Travelogue), made of Hanji Scroll with Wooden Rollers, Mid Joseon period, Joseon-era Korean ink-and-wash painting (sumukchaesaek) on aged hanji mulberry paper, muted mineral pigments (malachite green, azurite blue, ochre, cinnabar red, ink black), confident brush strokes with dry-brush texture, soft paper grain, restrained palette, in the manner of Kim Hong-do and Jeong Seon, single object centered, plain warm hanji background, soft ambient occlusion, clean silhouette, game item icon, 1:1 --ar 1:1 --style raw","photorealistic, 3d render, anime, chibi, western fantasy, neon, glossy plastic, text, watermark, signature, modern clothing, Chinese Qing costume, Manchu queue hairstyle, Japanese kimono, samurai armor, hakama, hanfu with crossed wide sleeves of Ming court, Japanese katana, multiple objects, hands, cluttered background",Hanging Scroll Travelogue,Hanji Scroll with Wooden Rollers
her_089,res://assets/icons/heritage/her_089.png,icon,의주목,,"museum-quality illustration of 의주목 (Hanging Scroll Travelogue), made of Hanji Scroll with Wooden Rollers, Late Joseon period, Joseon-era Korean ink-and-wash painting (sumukchaesaek) on aged hanji mulberry paper, muted mineral pigments (malachite green, azurite blue, ochre, cinnabar red, ink black), confident brush strokes with dry-brush texture, soft paper grain, restrained palette, in the manner of Kim Hong-do and Jeong Seon, single object centered, plain warm hanji background, soft ambient occlusion, clean silhouette, game item icon, 1:1 --ar 1:1 --style raw","photorealistic, 3d render, anime, chibi, western fantasy, neon, glossy plastic, text, watermark, signature, modern clothing, Chinese Qing costume, Manchu queue hairstyle, Japanese kimono, samurai armor, hakama, hanfu with crossed wide sleeves of Ming court, Japanese katana, multiple objects, hands, cluttered background",Hanging Scroll Travelogue,Hanji Scroll with Wooden Rollers
her_090,res://assets/icons/heritage/her_090.png,icon,영변대도호부,,"museum-quality illustration of 영변대도호부 (Hanging Scroll Travelogue), made of Hanji Scroll with Wooden Rollers, Late Joseon period, Joseon-era Korean ink-and-wash painting (sumukchaesaek) on aged hanji mulberry paper, muted mineral pigments (malachite green, azurite blue, ochre, cinnabar red, ink black), confident brush strokes with dry-brush texture, soft paper grain, restrained palette, in the manner of Kim Hong-do and Jeong Seon, single object centered, plain warm hanji background, soft ambient occlusion, clean silhouette, game item icon, 1:1 --ar 1:1 --style raw","photorealistic, 3d render, anime, chibi, western fantasy, neon, glossy plastic, text, watermark, signature, modern clothing, Chinese Qing costume, Manchu queue hairstyle, Japanese kimono, samurai armor, hakama, hanfu with crossed wide sleeves of Ming court, Japanese katana, multiple objects, hands, cluttered background",Hanging Scroll Travelogue,Hanji Scroll with Wooden Rollers
her_091,res://assets/icons/heritage/her_091.png,icon,백마산사,,"museum-quality illustration of 백마산사 (Hanging Scroll Travelogue), made of Hanji Scroll with Wooden Rollers, Late Joseon period, Joseon-era Korean ink-and-wash painting (sumukchaesaek) on aged hanji mulberry paper, muted mineral pigments (malachite green, azurite blue, ochre, cinnabar red, ink black), confident brush strokes with dry-brush texture, soft paper grain, restrained palette, in the manner of Kim Hong-do and Jeong Seon, single object centered, plain warm hanji background, soft ambient occlusion, clean silhouette, game item icon, 1:1 --ar 1:1 --style raw","photorealistic, 3d render, anime, chibi, western fantasy, neon, glossy plastic, text, watermark, signature, modern clothing, Chinese Qing costume, Manchu queue hairstyle, Japanese kimono, samurai armor, hakama, hanfu with crossed wide sleeves of Ming court, Japanese katana, multiple objects, hands, cluttered background",Hanging Scroll Travelogue,Hanji Scroll with Wooden Rollers
her_092,res://assets/icons/heritage/her_092.png,icon,의주 통군정,,"museum-quality illustration of 의주 통군정 (Hanging Scroll Travelogue), made of Hanji Scroll with Wooden Rollers, Mid Joseon period, Joseon-era Korean ink-and-wash painting (sumukchaesaek) on aged hanji mulberry paper, muted mineral pigments (malachite green, azurite blue, ochre, cinnabar red, ink black), confident brush strokes with dry-brush texture, soft paper grain, restrained palette, in the manner of Kim Hong-do and Jeong Seon, single object centered, plain warm hanji background, soft ambient occlusion, clean silhouette, game item icon, 1:1 --ar 1:1 --style raw","photorealistic, 3d render, anime, chibi, western fantasy, neon, glossy plastic, text, watermark, signature, modern clothing, Chinese Qing costume, Manchu queue hairstyle, Japanese kimono, samurai armor, hakama, hanfu with crossed wide sleeves of Ming court, Japanese katana, multiple objects, hands, cluttered background",Hanging Scroll Travelogue,Hanji Scroll with Wooden Rollers
her_093,res://assets/icons/heritage/her_093.png,icon,함흥부,,"museum-quality illustration of 함흥부 (Hanging Scroll Travelogue), made of Hanji Scroll with Wooden Rollers, Late Joseon period, Joseon-era Korean ink-and-wash painting (sumukchaesaek) on aged hanji mulberry paper, muted mineral pigments (malachite green, azurite blue, ochre, cinnabar red, ink black), confident brush strokes with dry-brush texture, soft paper grain, restrained palette, in the manner of Kim Hong-do and Jeong Seon, single object centered, plain warm hanji background, soft ambient occlusion, clean silhouette, game item icon, 1:1 --ar 1:1 --style raw","photorealistic, 3d render, anime, chibi, western fantasy, neon, glossy plastic, text, watermark, signature, modern clothing, Chinese Qing costume, Manchu queue hairstyle, Japanese kimono, samurai armor, hakama, hanfu with crossed wide sleeves of Ming court, Japanese katana, multiple objects, hands, cluttered background",Hanging Scroll Travelogue,Hanji Scroll with Wooden Rollers
her_094,res://assets/icons/heritage/her_094.png,icon,북청도호부,,"museum-quality illustration of 북청도호부 (Hanging Scroll Travelogue), made of Hanji Scroll with Wooden Rollers, Late Joseon period, Joseon-era Korean ink-and-wash painting (sumukchaesaek) on aged hanji mulberry paper, muted mineral pigments (malachite green, azurite blue, ochre, cinnabar red, ink black), confident brush strokes with dry-brush texture, soft paper grain, restrained palette, in the manner of Kim Hong-do and Jeong Seon, single object centered, plain warm hanji background, soft ambient occlusion, clean silhouette, game item icon, 1:1 --ar 1:1 --style raw","photorealistic, 3d render, anime, chibi, western fantasy, neon, glossy plastic, text, watermark, signature, modern clothing, Chinese Qing costume, Manchu queue hairstyle, Japanese kimono, samurai armor, hakama, hanfu with crossed wide sleeves of Ming court, Japanese katana, multiple objects, hands, cluttered background",Hanging Scroll Travelogue,Hanji Scroll with Wooden Rollers
her_095,res://assets/icons/heritage/her_095.png,icon,귀주사,,"museum-quality illustration of 귀주사 (Hanging Scroll Travelogue), made of Hanji Scroll with Wooden Rollers, Mid Joseon period, Joseon-era Korean ink-and-wash painting (sumukchaesaek) on aged hanji mulberry paper, muted mineral pigments (malachite green, azurite blue, ochre, cinnabar red, ink black), confident brush strokes with dry-brush texture, soft paper grain, restrained palette, in the manner of Kim Hong-do and Jeong Seon, single object centered, plain warm hanji background, soft ambient occlusion, clean silhouette, game item icon, 1:1 --ar 1:1 --style raw","photorealistic, 3d render, anime, chibi, western fantasy, neon, glossy plastic, text, watermark, signature, modern clothing, Chinese Qing costume, Manchu queue hairstyle, Japanese kimono, samurai armor, hakama, hanfu with crossed wide sleeves of Ming court, Japanese katana, multiple objects, hands, cluttered background",Hanging Scroll Travelogue,Hanji Scroll with Wooden Rollers
her_096,res://assets/icons/heritage/her_096.png,icon,석왕사,,"museum-quality illustration of 석왕사 (Hanging Scroll Travelogue), made of Hanji Scroll with Wooden Rollers, Mid Joseon period, Joseon-era Korean ink-and-wash painting (sumukchaesaek) on aged hanji mulberry paper, muted mineral pigments (malachite green, azurite blue, ochre, cinnabar red, ink black), confident brush strokes with dry-brush texture, soft paper grain, restrained palette, in the manner of Kim Hong-do and Jeong Seon, single object centered, plain warm hanji background, soft ambient occlusion, clean silhouette, game item icon, 1:1 --ar 1:1 --style raw","photorealistic, 3d render, anime, chibi, western fantasy, neon, glossy plastic, text, watermark, signature, modern clothing, Chinese Qing costume, Manchu queue hairstyle, Japanese kimono, samurai armor, hakama, hanfu with crossed wide sleeves of Ming court, Japanese katana, multiple objects, hands, cluttered background",Hanging Scroll Travelogue,Hanji Scroll with Wooden Rollers
her_097,res://assets/icons/heritage/her_097.png,icon,마운령 진흥왕 순수비,,"museum-quality illustration of 마운령 진흥왕 순수비 (Hanging Scroll Travelogue), made of Hanji Scroll with Wooden Rollers, Mid Joseon period, Joseon-era Korean ink-and-wash painting (sumukchaesaek) on aged hanji mulberry paper, muted mineral pigments (malachite green, azurite blue, ochre, cinnabar red, ink black), confident brush strokes with dry-brush texture, soft paper grain, restrained palette, in the manner of Kim Hong-do and Jeong Seon, single object centered, plain warm hanji background, soft ambient occlusion, clean silhouette, game item icon, 1:1 --ar 1:1 --style raw","photorealistic, 3d render, anime, chibi, western fantasy, neon, glossy plastic, text, watermark, signature, modern clothing, Chinese Qing costume, Manchu queue hairstyle, Japanese kimono, samurai armor, hakama, hanfu with crossed wide sleeves of Ming court, Japanese katana, multiple objects, hands, cluttered background",Hanging Scroll Travelogue,Hanji Scroll with Wooden Rollers
her_098,res://assets/icons/heritage/her_098.png,icon,경성도호부,,"museum-quality illustration of 경성도호부 (Hanging Scroll Travelogue), made of Hanji Scroll with Wooden Rollers, Late Joseon period, Joseon-era Korean ink-and-wash painting (sumukchaesaek) on aged hanji mulberry paper, muted mineral pigments (malachite green, azurite blue, ochre, cinnabar red, ink black), confident brush strokes with dry-brush texture, soft paper grain, restrained palette, in the manner of Kim Hong-do and Jeong Seon, single object centered, plain warm hanji background, soft ambient occlusion, clean silhouette, game item icon, 1:1 --ar 1:1 --style raw","photorealistic, 3d render, anime, chibi, western fantasy, neon, glossy plastic, text, watermark, signature, modern clothing, Chinese Qing costume, Manchu queue hairstyle, Japanese kimono, samurai armor, hakama, hanfu with crossed wide sleeves of Ming court, Japanese katana, multiple objects, hands, cluttered background",Hanging Scroll Travelogue,Hanji Scroll with Wooden Rollers
her_099,res://assets/icons/heritage/her_099.png,icon,길주목,,"museum-quality illustration of 길주목 (Hanging Scroll Travelogue), made of Hanji Scroll with Wooden Rollers, Late Joseon period, Joseon-era Korean ink-and-wash painting (sumukchaesaek) on aged hanji mulberry paper, muted mineral pigments (malachite green, azurite blue, ochre, cinnabar red, ink black), confident brush strokes with dry-brush texture, soft paper grain, restrained palette, in the manner of Kim Hong-do and Jeong Seon, single object centered, plain warm hanji background, soft ambient occlusion, clean silhouette, game item icon, 1:1 --ar 1:1 --style raw","photorealistic, 3d render, anime, chibi, western fantasy, neon, glossy plastic, text, watermark, signature, modern clothing, Chinese Qing costume, Manchu queue hairstyle, Japanese kimono, samurai armor, hakama, hanfu with crossed wide sleeves of Ming court, Japanese katana, multiple objects, hands, cluttered background",Hanging Scroll Travelogue,Hanji Scroll with Wooden Rollers
her_100,res://assets/icons/heritage/her_100.png,icon,개심사,,"museum-quality illustration of 개심사 (Hanging Scroll Travelogue), made of Hanji Scroll with Wooden Rollers, Late Joseon period, Joseon-era Korean ink-and-wash painting (sumukchaesaek) on aged hanji mulberry paper, muted mineral pigments (malachite green, azurite blue, ochre, cinnabar red, ink black), confident brush strokes with dry-brush texture, soft paper grain, restrained palette, in the manner of Kim Hong-do and Jeong Seon, single object centered, plain warm hanji background, soft ambient occlusion, clean silhouette, game item icon, 1:1 --ar 1:1 --style raw","photorealistic, 3d render, anime, chibi, western fantasy, neon, glossy plastic, text, watermark, signature, modern clothing, Chinese Qing costume, Manchu queue hairstyle, Japanese kimono, samurai armor, hakama, hanfu with crossed wide sleeves of Ming court, Japanese katana, multiple objects, hands, cluttered background",Hanging Scroll Travelogue,Hanji Scroll with Wooden Rollers
her_101,res://assets/icons/heritage/her_101.png,icon,백두산 천지,,"museum-quality illustration of 백두산 천지 (Hanging Scroll Travelogue), made of Hanji Scroll with Wooden Rollers, Early Joseon period, Joseon-era Korean ink-and-wash painting (sumukchaesaek) on aged hanji mulberry paper, muted mineral pigments (malachite green, azurite blue, ochre, cinnabar red, ink black), confident brush strokes with dry-brush texture, soft paper grain, restrained palette, in the manner of Kim Hong-do and Jeong Seon, single object centered, plain warm hanji background, soft ambient occlusion, clean silhouette, game item icon, 1:1 --ar 1:1 --style raw","photorealistic, 3d render, anime, chibi, western fantasy, neon, glossy plastic, text, watermark, signature, modern clothing, Chinese Qing costume, Manchu queue hairstyle, Japanese kimono, samurai armor, hakama, hanfu with crossed wide sleeves of Ming court, Japanese katana, multiple objects, hands, cluttered background",Hanging Scroll Travelogue,Hanji Scroll with Wooden Rollers
her_102,res://assets/icons/heritage/her_102.png,icon,제주목 제주읍성,,"museum-quality illustration of 제주목 제주읍성 (Hanging Scroll Travelogue), made of Hanji Scroll with Wooden Rollers, Late Joseon period, Joseon-era Korean ink-and-wash painting (sumukchaesaek) on aged hanji mulberry paper, muted mineral pigments (malachite green, azurite blue, ochre, cinnabar red, ink black), confident brush strokes with dry-brush texture, soft paper grain, restrained palette, in the manner of Kim Hong-do and Jeong Seon, single object centered, plain warm hanji background, soft ambient occlusion, clean silhouette, game item icon, 1:1 --ar 1:1 --style raw","photorealistic, 3d render, anime, chibi, western fantasy, neon, glossy plastic, text, watermark, signature, modern clothing, Chinese Qing costume, Manchu queue hairstyle, Japanese kimono, samurai armor, hakama, hanfu with crossed wide sleeves of Ming court, Japanese katana, multiple objects, hands, cluttered background",Hanging Scroll Travelogue,Hanji Scroll with Wooden Rollers
her_103,res://assets/icons/heritage/her_103.png,icon,화북진,,"museum-quality illustration of 화북진 (Hanging Scroll Travelogue), made of Hanji Scroll with Wooden Rollers, Late Joseon period, Joseon-era Korean ink-and-wash painting (sumukchaesaek) on aged hanji mulberry paper, muted mineral pigments (malachite green, azurite blue, ochre, cinnabar red, ink black), confident brush strokes with dry-brush texture, soft paper grain, restrained palette, in the manner of Kim Hong-do and Jeong Seon, single object centered, plain warm hanji background, soft ambient occlusion, clean silhouette, game item icon, 1:1 --ar 1:1 --style raw","photorealistic, 3d render, anime, chibi, western fantasy, neon, glossy plastic, text, watermark, signature, modern clothing, Chinese Qing costume, Manchu queue hairstyle, Japanese kimono, samurai armor, hakama, hanfu with crossed wide sleeves of Ming court, Japanese katana, multiple objects, hands, cluttered background",Hanging Scroll Travelogue,Hanji Scroll with Wooden Rollers
her_104,res://assets/icons/heritage/her_104.png,icon,차귀진,,"museum-quality illustration of 차귀진 (Hanging Scroll Travelogue), made of Hanji Scroll with Wooden Rollers, Late Joseon period, Joseon-era Korean ink-and-wash painting (sumukchaesaek) on aged hanji mulberry paper, muted mineral pigments (malachite green, azurite blue, ochre, cinnabar red, ink black), confident brush strokes with dry-brush texture, soft paper grain, restrained palette, in the manner of Kim Hong-do and Jeong Seon, single object centered, plain warm hanji background, soft ambient occlusion, clean silhouette, game item icon, 1:1 --ar 1:1 --style raw","photorealistic, 3d render, anime, chibi, western fantasy, neon, glossy plastic, text, watermark, signature, modern clothing, Chinese Qing costume, Manchu queue hairstyle, Japanese kimono, samurai armor, hakama, hanfu with crossed wide sleeves of Ming court, Japanese katana, multiple objects, hands, cluttered background",Hanging Scroll Travelogue,Hanji Scroll with Wooden Rollers
her_105,res://assets/icons/heritage/her_105.png,icon,관음사,,"museum-quality illustration of 관음사 (Hanging Scroll Travelogue), made of Hanji Scroll with Wooden Rollers, Late Joseon period, Joseon-era Korean ink-and-wash painting (sumukchaesaek) on aged hanji mulberry paper, muted mineral pigments (malachite green, azurite blue, ochre, cinnabar red, ink black), confident brush strokes with dry-brush texture, soft paper grain, restrained palette, in the manner of Kim Hong-do and Jeong Seon, single object centered, plain warm hanji background, soft ambient occlusion, clean silhouette, game item icon, 1:1 --ar 1:1 --style raw","photorealistic, 3d render, anime, chibi, western fantasy, neon, glossy plastic, text, watermark, signature, modern clothing, Chinese Qing costume, Manchu queue hairstyle, Japanese kimono, samurai armor, hakama, hanfu with crossed wide sleeves of Ming court, Japanese katana, multiple objects, hands, cluttered background",Hanging Scroll Travelogue,Hanji Scroll with Wooden Rollers
her_106,res://assets/icons/heritage/her_106.png,icon,존자암,,"museum-quality illustration of 존자암 (Hanging Scroll Travelogue), made of Hanji Scroll with Wooden Rollers, Late Joseon period, Joseon-era Korean ink-and-wash painting (sumukchaesaek) on aged hanji mulberry paper, muted mineral pigments (malachite green, azurite blue, ochre, cinnabar red, ink black), confident brush strokes with dry-brush texture, soft paper grain, restrained palette, in the manner of Kim Hong-do and Jeong Seon, single object centered, plain warm hanji background, soft ambient occlusion, clean silhouette, game item icon, 1:1 --ar 1:1 --style raw","photorealistic, 3d render, anime, chibi, western fantasy, neon, glossy plastic, text, watermark, signature, modern clothing, Chinese Qing costume, Manchu queue hairstyle, Japanese kimono, samurai armor, hakama, hanfu with crossed wide sleeves of Ming court, Japanese katana, multiple objects, hands, cluttered background",Hanging Scroll Travelogue,Hanji Scroll with Wooden Rollers
her_107,res://assets/icons/heritage/her_107.png,icon,성산일출봉,,"museum-quality illustration of 성산일출봉 (Hanging Scroll Travelogue), made of Hanji Scroll with Wooden Rollers, Mid Joseon period, Joseon-era Korean ink-and-wash painting (sumukchaesaek) on aged hanji mulberry paper, muted mineral pigments (malachite green, azurite blue, ochre, cinnabar red, ink black), confident brush strokes with dry-brush texture, soft paper grain, restrained palette, in the manner of Kim Hong-do and Jeong Seon, single object centered, plain warm hanji background, soft ambient occlusion, clean silhouette, game item icon, 1:1 --ar 1:1 --style raw","photorealistic, 3d render, anime, chibi, western fantasy, neon, glossy plastic, text, watermark, signature, modern clothing, Chinese Qing costume, Manchu queue hairstyle, Japanese kimono, samurai armor, hakama, hanfu with crossed wide sleeves of Ming court, Japanese katana, multiple objects, hands, cluttered background",Hanging Scroll Travelogue,Hanji Scroll with Wooden Rollers
her_118,res://assets/icons/heritage/her_118.png,icon,계룡산 천황봉,,"museum-quality illustration of 계룡산 천황봉 (Hanging Scroll Travelogue), made of Hanji Scroll with Wooden Rollers, Mid Joseon period, Joseon-era Korean ink-and-wash painting (sumukchaesaek) on aged hanji mulberry paper, muted mineral pigments (malachite green, azurite blue, ochre, cinnabar red, ink black), confident brush strokes with dry-brush texture, soft paper grain, restrained palette, in the manner of Kim Hong-do and Jeong Seon, single object centered, plain warm hanji background, soft ambient occlusion, clean silhouette, game item icon, 1:1 --ar 1:1 --style raw","photorealistic, 3d render, anime, chibi, western fantasy, neon, glossy plastic, text, watermark, signature, modern clothing, Chinese Qing costume, Manchu queue hairstyle, Japanese kimono, samurai armor, hakama, hanfu with crossed wide sleeves of Ming court, Japanese katana, multiple objects, hands, cluttered background",Hanging Scroll Travelogue,Hanji Scroll with Wooden Rollers
her_126,res://assets/icons/heritage/her_126.png,icon,담양 소쇄원,,"museum-quality illustration of 담양 소쇄원 (Hanging Scroll Travelogue), made of Hanji Scroll with Wooden Rollers, Late Joseon period, Joseon-era Korean ink-and-wash painting (sumukchaesaek) on aged hanji mulberry paper, muted mineral pigments (malachite green, azurite blue, ochre, cinnabar red, ink black), confident brush strokes with dry-brush texture, soft paper grain, restrained palette, in the manner of Kim Hong-do and Jeong Seon, single object centered, plain warm hanji background, soft ambient occlusion, clean silhouette, game item icon, 1:1 --ar 1:1 --style raw","photorealistic, 3d render, anime, chibi, western fantasy, neon, glossy plastic, text, watermark, signature, modern clothing, Chinese Qing costume, Manchu queue hairstyle, Japanese kimono, samurai armor, hakama, hanfu with crossed wide sleeves of Ming court, Japanese katana, multiple objects, hands, cluttered background",Hanging Scroll Travelogue,Hanji Scroll with Wooden Rollers
her_128,res://assets/icons/heritage/her_128.png,icon,지리산 천왕봉,,"museum-quality illustration of 지리산 천왕봉 (Hanging Scroll Travelogue), made of Hanji Scroll with Wooden Rollers, Mid Joseon period, Joseon-era Korean ink-and-wash painting (sumukchaesaek) on aged hanji mulberry paper, muted mineral pigments (malachite green, azurite blue, ochre, cinnabar red, ink black), confident brush strokes with dry-brush texture, soft paper grain, restrained palette, in the manner of Kim Hong-do and Jeong Seon, single object centered, plain warm hanji background, soft ambient occlusion, clean silhouette, game item icon, 1:1 --ar 1:1 --style raw","photorealistic, 3d render, anime, chibi, western fantasy, neon, glossy plastic, text, watermark, signature, modern clothing, Chinese Qing costume, Manchu queue hairstyle, Japanese kimono, samurai armor, hakama, hanfu with crossed wide sleeves of Ming court, Japanese katana, multiple objects, hands, cluttered background",Hanging Scroll Travelogue,Hanji Scroll with Wooden Rollers
her_131,res://assets/icons/heritage/her_131.png,icon,황주 월파루,,"museum-quality illustration of 황주 월파루 (Hanging Scroll Travelogue), made of Hanji Scroll with Wooden Rollers, Late Joseon period, Joseon-era Korean ink-and-wash painting (sumukchaesaek) on aged hanji mulberry paper, muted mineral pigments (malachite green, azurite blue, ochre, cinnabar red, ink black), confident brush strokes with dry-brush texture, soft paper grain, restrained palette, in the manner of Kim Hong-do and Jeong Seon, single object centered, plain warm hanji background, soft ambient occlusion, clean silhouette, game item icon, 1:1 --ar 1:1 --style raw","photorealistic, 3d render, anime, chibi, western fantasy, neon, glossy plastic, text, watermark, signature, modern clothing, Chinese Qing costume, Manchu queue hairstyle, Japanese kimono, samurai armor, hakama, hanfu with crossed wide sleeves of Ming court, Japanese katana, multiple objects, hands, cluttered background",Hanging Scroll Travelogue,Hanji Scroll with Wooden Rollers
her_133,res://assets/icons/heritage/her_133.png,icon,장연 몽금포,,"museum-quality illustration of 장연 몽금포 (Hanging Scroll Travelogue), made of Hanji Scroll with Wooden Rollers, Late Joseon period, Joseon-era Korean ink-and-wash painting (sumukchaesaek) on aged hanji mulberry paper, muted mineral pigments (malachite green, azurite blue, ochre, cinnabar red, ink black), confident brush strokes with dry-brush texture, soft paper grain, restrained palette, in the manner of Kim Hong-do and Jeong Seon, single object centered, plain warm hanji background, soft ambient occlusion, clean silhouette, game item icon, 1:1 --ar 1:1 --style raw","photorealistic, 3d render, anime, chibi, western fantasy, neon, glossy plastic, text, watermark, signature, modern clothing, Chinese Qing costume, Manchu queue hairstyle, Japanese kimono, samurai armor, hakama, hanfu with crossed wide sleeves of Ming court, Japanese katana, multiple objects, hands, cluttered background",Hanging Scroll Travelogue,Hanji Scroll with Wooden Rollers
her_137,res://assets/icons/heritage/her_137.png,icon,영변 약산 동대,,"museum-quality illustration of 영변 약산 동대 (Hanging Scroll Travelogue), made of Hanji Scroll with Wooden Rollers, Late Joseon period, Joseon-era Korean ink-and-wash painting (sumukchaesaek) on aged hanji mulberry paper, muted mineral pigments (malachite green, azurite blue, ochre, cinnabar red, ink black), confident brush strokes with dry-brush texture, soft paper grain, restrained palette, in the manner of Kim Hong-do and Jeong Seon, single object centered, plain warm hanji background, soft ambient occlusion, clean silhouette, game item icon, 1:1 --ar 1:1 --style raw","photorealistic, 3d render, anime, chibi, western fantasy, neon, glossy plastic, text, watermark, signature, modern clothing, Chinese Qing costume, Manchu queue hairstyle, Japanese kimono, samurai armor, hakama, hanfu with crossed wide sleeves of Ming court, Japanese katana, multiple objects, hands, cluttered background",Hanging Scroll Travelogue,Hanji Scroll with Wooden Rollers
her_140,res://assets/icons/heritage/her_140.png,icon,개마고원 삼수갑산,,"museum-quality illustration of 개마고원 삼수갑산 (Hanging Scroll Travelogue), made of Hanji Scroll with Wooden Rollers, Mid Joseon period, Joseon-era Korean ink-and-wash painting (sumukchaesaek) on aged hanji mulberry paper, muted mineral pigments (malachite green, azurite blue, ochre, cinnabar red, ink black), confident brush strokes with dry-brush texture, soft paper grain, restrained palette, in the manner of Kim Hong-do and Jeong Seon, single object centered, plain warm hanji background, soft ambient occlusion, clean silhouette, game item icon, 1:1 --ar 1:1 --style raw","photorealistic, 3d render, anime, chibi, western fantasy, neon, glossy plastic, text, watermark, signature, modern clothing, Chinese Qing costume, Manchu queue hairstyle, Japanese kimono, samurai armor, hakama, hanfu with crossed wide sleeves of Ming court, Japanese katana, multiple objects, hands, cluttered background",Hanging Scroll Travelogue,Hanji Scroll with Wooden Rollers
her_141,res://assets/icons/heritage/her_141.png,icon,칠보산,,"museum-quality illustration of 칠보산 (Hanging Scroll Travelogue), made of Hanji Scroll with Wooden Rollers, Mid Joseon period, Joseon-era Korean ink-and-wash painting (sumukchaesaek) on aged hanji mulberry paper, muted mineral pigments (malachite green, azurite blue, ochre, cinnabar red, ink black), confident brush strokes with dry-brush texture, soft paper grain, restrained palette, in the manner of Kim Hong-do and Jeong Seon, single object centered, plain warm hanji background, soft ambient occlusion, clean silhouette, game item icon, 1:1 --ar 1:1 --style raw","photorealistic, 3d render, anime, chibi, western fantasy, neon, glossy plastic, text, watermark, signature, modern clothing, Chinese Qing costume, Manchu queue hairstyle, Japanese kimono, samurai armor, hakama, hanfu with crossed wide sleeves of Ming court, Japanese katana, multiple objects, hands, cluttered background",Hanging Scroll Travelogue,Hanji Scroll with Wooden Rollers
her_145,res://assets/icons/heritage/her_145.png,icon,파주목 장승·서낭당,,"museum-quality illustration of 파주목 장승·서낭당 (Hanging Scroll Travelogue), made of Hanji Scroll with Wooden Rollers, Late Joseon period, Joseon-era Korean ink-and-wash painting (sumukchaesaek) on aged hanji mulberry paper, muted mineral pigments (malachite green, azurite blue, ochre, cinnabar red, ink black), confident brush strokes with dry-brush texture, soft paper grain, restrained palette, in the manner of Kim Hong-do and Jeong Seon, single object centered, plain warm hanji background, soft ambient occlusion, clean silhouette, game item icon, 1:1 --ar 1:1 --style raw","photorealistic, 3d render, anime, chibi, western fantasy, neon, glossy plastic, text, watermark, signature, modern clothing, Chinese Qing costume, Manchu queue hairstyle, Japanese kimono, samurai armor, hakama, hanfu with crossed wide sleeves of Ming court, Japanese katana, multiple objects, hands, cluttered background",Hanging Scroll Travelogue,Hanji Scroll with Wooden Rollers
her_146,res://assets/icons/heritage/her_146.png,icon,장단 장승·서낭당,,"museum-quality illustration of 장단 장승·서낭당 (Hanging Scroll Travelogue), made of Hanji Scroll with Wooden Rollers, Late Joseon period, Joseon-era Korean ink-and-wash painting (sumukchaesaek) on aged hanji mulberry paper, muted mineral pigments (malachite green, azurite blue, ochre, cinnabar red, ink black), confident brush strokes with dry-brush texture, soft paper grain, restrained palette, in the manner of Kim Hong-do and Jeong Seon, single object centered, plain warm hanji background, soft ambient occlusion, clean silhouette, game item icon, 1:1 --ar 1:1 --style raw","photorealistic, 3d render, anime, chibi, western fantasy, neon, glossy plastic, text, watermark, signature, modern clothing, Chinese Qing costume, Manchu queue hairstyle, Japanese kimono, samurai armor, hakama, hanfu with crossed wide sleeves of Ming court, Japanese katana, multiple objects, hands, cluttered background",Hanging Scroll Travelogue,Hanji Scroll with Wooden Rollers
her_147,res://assets/icons/heritage/her_147.png,icon,연천 장승·서낭당,,"museum-quality illustration of 연천 장승·서낭당 (Hanging Scroll Travelogue), made of Hanji Scroll with Wooden Rollers, Late Joseon period, Joseon-era Korean ink-and-wash painting (sumukchaesaek) on aged hanji mulberry paper, muted mineral pigments (malachite green, azurite blue, ochre, cinnabar red, ink black), confident brush strokes with dry-brush texture, soft paper grain, restrained palette, in the manner of Kim Hong-do and Jeong Seon, single object centered, plain warm hanji background, soft ambient occlusion, clean silhouette, game item icon, 1:1 --ar 1:1 --style raw","photorealistic, 3d render, anime, chibi, western fantasy, neon, glossy plastic, text, watermark, signature, modern clothing, Chinese Qing costume, Manchu queue hairstyle, Japanese kimono, samurai armor, hakama, hanfu with crossed wide sleeves of Ming court, Japanese katana, multiple objects, hands, cluttered background",Hanging Scroll Travelogue,Hanji Scroll with Wooden Rollers
her_148,res://assets/icons/heritage/her_148.png,icon,교동 장승·서낭당,,"museum-quality illustration of 교동 장승·서낭당 (Hanging Scroll Travelogue), made of Hanji Scroll with Wooden Rollers, Late Joseon period, Joseon-era Korean ink-and-wash painting (sumukchaesaek) on aged hanji mulberry paper, muted mineral pigments (malachite green, azurite blue, ochre, cinnabar red, ink black), confident brush strokes with dry-brush texture, soft paper grain, restrained palette, in the manner of Kim Hong-do and Jeong Seon, single object centered, plain warm hanji background, soft ambient occlusion, clean silhouette, game item icon, 1:1 --ar 1:1 --style raw","photorealistic, 3d render, anime, chibi, western fantasy, neon, glossy plastic, text, watermark, signature, modern clothing, Chinese Qing costume, Manchu queue hairstyle, Japanese kimono, samurai armor, hakama, hanfu with crossed wide sleeves of Ming court, Japanese katana, multiple objects, hands, cluttered background",Hanging Scroll Travelogue,Hanji Scroll with Wooden Rollers
her_149,res://assets/icons/heritage/her_149.png,icon,문산포구 장승·서낭당,,"museum-quality illustration of 문산포구 장승·서낭당 (Hanging Scroll Travelogue), made of Hanji Scroll with Wooden Rollers, Late Joseon period, Joseon-era Korean ink-and-wash painting (sumukchaesaek) on aged hanji mulberry paper, muted mineral pigments (malachite green, azurite blue, ochre, cinnabar red, ink black), confident brush strokes with dry-brush texture, soft paper grain, restrained palette, in the manner of Kim Hong-do and Jeong Seon, single object centered, plain warm hanji background, soft ambient occlusion, clean silhouette, game item icon, 1:1 --ar 1:1 --style raw","photorealistic, 3d render, anime, chibi, western fantasy, neon, glossy plastic, text, watermark, signature, modern clothing, Chinese Qing costume, Manchu queue hairstyle, Japanese kimono, samurai armor, hakama, hanfu with crossed wide sleeves of Ming court, Japanese katana, multiple objects, hands, cluttered background",Hanging Scroll Travelogue,Hanji Scroll with Wooden Rollers
her_150,res://assets/icons/heritage/her_150.png,icon,안성 장승·서낭당,,"museum-quality illustration of 안성 장승·서낭당 (Hanging Scroll Travelogue), made of Hanji Scroll with Wooden Rollers, Late Joseon period, Joseon-era Korean ink-and-wash painting (sumukchaesaek) on aged hanji mulberry paper, muted mineral pigments (malachite green, azurite blue, ochre, cinnabar red, ink black), confident brush strokes with dry-brush texture, soft paper grain, restrained palette, in the manner of Kim Hong-do and Jeong Seon, single object centered, plain warm hanji background, soft ambient occlusion, clean silhouette, game item icon, 1:1 --ar 1:1 --style raw","photorealistic, 3d render, anime, chibi, western fantasy, neon, glossy plastic, text, watermark, signature, modern clothing, Chinese Qing costume, Manchu queue hairstyle, Japanese kimono, samurai armor, hakama, hanfu with crossed wide sleeves of Ming court, Japanese katana, multiple objects, hands, cluttered background",Hanging Scroll Travelogue,Hanji Scroll with Wooden Rollers
her_151,res://assets/icons/heritage/her_151.png,icon,남양 장승·서낭당,,"museum-quality illustration of 남양 장승·서낭당 (Hanging Scroll Travelogue), made of Hanji Scroll with Wooden Rollers, Late Joseon period, Joseon-era Korean ink-and-wash painting (sumukchaesaek) on aged hanji mulberry paper, muted mineral pigments (malachite green, azurite blue, ochre, cinnabar red, ink black), confident brush strokes with dry-brush texture, soft paper grain, restrained palette, in the manner of Kim Hong-do and Jeong Seon, single object centered, plain warm hanji background, soft ambient occlusion, clean silhouette, game item icon, 1:1 --ar 1:1 --style raw","photorealistic, 3d render, anime, chibi, western fantasy, neon, glossy plastic, text, watermark, signature, modern clothing, Chinese Qing costume, Manchu queue hairstyle, Japanese kimono, samurai armor, hakama, hanfu with crossed wide sleeves of Ming court, Japanese katana, multiple objects, hands, cluttered background",Hanging Scroll Travelogue,Hanji Scroll with Wooden Rollers
her_152,res://assets/icons/heritage/her_152.png,icon,여주 장승·서낭당,,"museum-quality illustration of 여주 장승·서낭당 (Hanging Scroll Travelogue), made of Hanji Scroll with Wooden Rollers, Late Joseon period, Joseon-era Korean ink-and-wash painting (sumukchaesaek) on aged hanji mulberry paper, muted mineral pigments (malachite green, azurite blue, ochre, cinnabar red, ink black), confident brush strokes with dry-brush texture, soft paper grain, restrained palette, in the manner of Kim Hong-do and Jeong Seon, single object centered, plain warm hanji background, soft ambient occlusion, clean silhouette, game item icon, 1:1 --ar 1:1 --style raw","photorealistic, 3d render, anime, chibi, western fantasy, neon, glossy plastic, text, watermark, signature, modern clothing, Chinese Qing costume, Manchu queue hairstyle, Japanese kimono, samurai armor, hakama, hanfu with crossed wide sleeves of Ming court, Japanese katana, multiple objects, hands, cluttered background",Hanging Scroll Travelogue,Hanji Scroll with Wooden Rollers
her_153,res://assets/icons/heritage/her_153.png,icon,이천 장승·서낭당,,"museum-quality illustration of 이천 장승·서낭당 (Hanging Scroll Travelogue), made of Hanji Scroll with Wooden Rollers, Late Joseon period, Joseon-era Korean ink-and-wash painting (sumukchaesaek) on aged hanji mulberry paper, muted mineral pigments (malachite green, azurite blue, ochre, cinnabar red, ink black), confident brush strokes with dry-brush texture, soft paper grain, restrained palette, in the manner of Kim Hong-do and Jeong Seon, single object centered, plain warm hanji background, soft ambient occlusion, clean silhouette, game item icon, 1:1 --ar 1:1 --style raw","photorealistic, 3d render, anime, chibi, western fantasy, neon, glossy plastic, text, watermark, signature, modern clothing, Chinese Qing costume, Manchu queue hairstyle, Japanese kimono, samurai armor, hakama, hanfu with crossed wide sleeves of Ming court, Japanese katana, multiple objects, hands, cluttered background",Hanging Scroll Travelogue,Hanji Scroll with Wooden Rollers
her_154,res://assets/icons/heritage/her_154.png,icon,양평 장승·서낭당,,"museum-quality illustration of 양평 장승·서낭당 (Hanging Scroll Travelogue), made of Hanji Scroll with Wooden Rollers, Late Joseon period, Joseon-era Korean ink-and-wash painting (sumukchaesaek) on aged hanji mulberry paper, muted mineral pigments (malachite green, azurite blue, ochre, cinnabar red, ink black), confident brush strokes with dry-brush texture, soft paper grain, restrained palette, in the manner of Kim Hong-do and Jeong Seon, single object centered, plain warm hanji background, soft ambient occlusion, clean silhouette, game item icon, 1:1 --ar 1:1 --style raw","photorealistic, 3d render, anime, chibi, western fantasy, neon, glossy plastic, text, watermark, signature, modern clothing, Chinese Qing costume, Manchu queue hairstyle, Japanese kimono, samurai armor, hakama, hanfu with crossed wide sleeves of Ming court, Japanese katana, multiple objects, hands, cluttered background",Hanging Scroll Travelogue,Hanji Scroll with Wooden Rollers
her_155,res://assets/icons/heritage/her_155.png,icon,양구 장승·서낭당,,"museum-quality illustration of 양구 장승·서낭당 (Hanging Scroll Travelogue), made of Hanji Scroll with Wooden Rollers, Late Joseon period, Joseon-era Korean ink-and-wash painting (sumukchaesaek) on aged hanji mulberry paper, muted mineral pigments (malachite green, azurite blue, ochre, cinnabar red, ink black), confident brush strokes with dry-brush texture, soft paper grain, restrained palette, in the manner of Kim Hong-do and Jeong Seon, single object centered, plain warm hanji background, soft ambient occlusion, clean silhouette, game item icon, 1:1 --ar 1:1 --style raw","photorealistic, 3d render, anime, chibi, western fantasy, neon, glossy plastic, text, watermark, signature, modern clothing, Chinese Qing costume, Manchu queue hairstyle, Japanese kimono, samurai armor, hakama, hanfu with crossed wide sleeves of Ming court, Japanese katana, multiple objects, hands, cluttered background",Hanging Scroll Travelogue,Hanji Scroll with Wooden Rollers
her_156,res://assets/icons/heritage/her_156.png,icon,화천 장승·서낭당,,"museum-quality illustration of 화천 장승·서낭당 (Hanging Scroll Travelogue), made of Hanji Scroll with Wooden Rollers, Late Joseon period, Joseon-era Korean ink-and-wash painting (sumukchaesaek) on aged hanji mulberry paper, muted mineral pigments (malachite green, azurite blue, ochre, cinnabar red, ink black), confident brush strokes with dry-brush texture, soft paper grain, restrained palette, in the manner of Kim Hong-do and Jeong Seon, single object centered, plain warm hanji background, soft ambient occlusion, clean silhouette, game item icon, 1:1 --ar 1:1 --style raw","photorealistic, 3d render, anime, chibi, western fantasy, neon, glossy plastic, text, watermark, signature, modern clothing, Chinese Qing costume, Manchu queue hairstyle, Japanese kimono, samurai armor, hakama, hanfu with crossed wide sleeves of Ming court, Japanese katana, multiple objects, hands, cluttered background",Hanging Scroll Travelogue,Hanji Scroll with Wooden Rollers
her_157,res://assets/icons/heritage/her_157.png,icon,인제 장승·서낭당,,"museum-quality illustration of 인제 장승·서낭당 (Hanging Scroll Travelogue), made of Hanji Scroll with Wooden Rollers, Late Joseon period, Joseon-era Korean ink-and-wash painting (sumukchaesaek) on aged hanji mulberry paper, muted mineral pigments (malachite green, azurite blue, ochre, cinnabar red, ink black), confident brush strokes with dry-brush texture, soft paper grain, restrained palette, in the manner of Kim Hong-do and Jeong Seon, single object centered, plain warm hanji background, soft ambient occlusion, clean silhouette, game item icon, 1:1 --ar 1:1 --style raw","photorealistic, 3d render, anime, chibi, western fantasy, neon, glossy plastic, text, watermark, signature, modern clothing, Chinese Qing costume, Manchu queue hairstyle, Japanese kimono, samurai armor, hakama, hanfu with crossed wide sleeves of Ming court, Japanese katana, multiple objects, hands, cluttered background",Hanging Scroll Travelogue,Hanji Scroll with Wooden Rollers
her_158,res://assets/icons/heritage/her_158.png,icon,회양 장승·서낭당,,"museum-quality illustration of 회양 장승·서낭당 (Hanging Scroll Travelogue), made of Hanji Scroll with Wooden Rollers, Late Joseon period, Joseon-era Korean ink-and-wash painting (sumukchaesaek) on aged hanji mulberry paper, muted mineral pigments (malachite green, azurite blue, ochre, cinnabar red, ink black), confident brush strokes with dry-brush texture, soft paper grain, restrained palette, in the manner of Kim Hong-do and Jeong Seon, single object centered, plain warm hanji background, soft ambient occlusion, clean silhouette, game item icon, 1:1 --ar 1:1 --style raw","photorealistic, 3d render, anime, chibi, western fantasy, neon, glossy plastic, text, watermark, signature, modern clothing, Chinese Qing costume, Manchu queue hairstyle, Japanese kimono, samurai armor, hakama, hanfu with crossed wide sleeves of Ming court, Japanese katana, multiple objects, hands, cluttered background",Hanging Scroll Travelogue,Hanji Scroll with Wooden Rollers
her_159,res://assets/icons/heritage/her_159.png,icon,통천 장승·서낭당,,"museum-quality illustration of 통천 장승·서낭당 (Hanging Scroll Travelogue), made of Hanji Scroll with Wooden Rollers, Late Joseon period, Joseon-era Korean ink-and-wash painting (sumukchaesaek) on aged hanji mulberry paper, muted mineral pigments (malachite green, azurite blue, ochre, cinnabar red, ink black), confident brush strokes with dry-brush texture, soft paper grain, restrained palette, in the manner of Kim Hong-do and Jeong Seon, single object centered, plain warm hanji background, soft ambient occlusion, clean silhouette, game item icon, 1:1 --ar 1:1 --style raw","photorealistic, 3d render, anime, chibi, western fantasy, neon, glossy plastic, text, watermark, signature, modern clothing, Chinese Qing costume, Manchu queue hairstyle, Japanese kimono, samurai armor, hakama, hanfu with crossed wide sleeves of Ming court, Japanese katana, multiple objects, hands, cluttered background",Hanging Scroll Travelogue,Hanji Scroll with Wooden Rollers
her_160,res://assets/icons/heritage/her_160.png,icon,울진 장승·서낭당,,"museum-quality illustration of 울진 장승·서낭당 (Hanging Scroll Travelogue), made of Hanji Scroll with Wooden Rollers, Late Joseon period, Joseon-era Korean ink-and-wash painting (sumukchaesaek) on aged hanji mulberry paper, muted mineral pigments (malachite green, azurite blue, ochre, cinnabar red, ink black), confident brush strokes with dry-brush texture, soft paper grain, restrained palette, in the manner of Kim Hong-do and Jeong Seon, single object centered, plain warm hanji background, soft ambient occlusion, clean silhouette, game item icon, 1:1 --ar 1:1 --style raw","photorealistic, 3d render, anime, chibi, western fantasy, neon, glossy plastic, text, watermark, signature, modern clothing, Chinese Qing costume, Manchu queue hairstyle, Japanese kimono, samurai armor, hakama, hanfu with crossed wide sleeves of Ming court, Japanese katana, multiple objects, hands, cluttered background",Hanging Scroll Travelogue,Hanji Scroll with Wooden Rollers
her_161,res://assets/icons/heritage/her_161.png,icon,평창 장승·서낭당,,"museum-quality illustration of 평창 장승·서낭당 (Hanging Scroll Travelogue), made of Hanji Scroll with Wooden Rollers, Late Joseon period, Joseon-era Korean ink-and-wash painting (sumukchaesaek) on aged hanji mulberry paper, muted mineral pigments (malachite green, azurite blue, ochre, cinnabar red, ink black), confident brush strokes with dry-brush texture, soft paper grain, restrained palette, in the manner of Kim Hong-do and Jeong Seon, single object centered, plain warm hanji background, soft ambient occlusion, clean silhouette, game item icon, 1:1 --ar 1:1 --style raw","photorealistic, 3d render, anime, chibi, western fantasy, neon, glossy plastic, text, watermark, signature, modern clothing, Chinese Qing costume, Manchu queue hairstyle, Japanese kimono, samurai armor, hakama, hanfu with crossed wide sleeves of Ming court, Japanese katana, multiple objects, hands, cluttered background",Hanging Scroll Travelogue,Hanji Scroll with Wooden Rollers
her_162,res://assets/icons/heritage/her_162.png,icon,영월 장승·서낭당,,"museum-quality illustration of 영월 장승·서낭당 (Hanging Scroll Travelogue), made of Hanji Scroll with Wooden Rollers, Late Joseon period, Joseon-era Korean ink-and-wash painting (sumukchaesaek) on aged hanji mulberry paper, muted mineral pigments (malachite green, azurite blue, ochre, cinnabar red, ink black), confident brush strokes with dry-brush texture, soft paper grain, restrained palette, in the manner of Kim Hong-do and Jeong Seon, single object centered, plain warm hanji background, soft ambient occlusion, clean silhouette, game item icon, 1:1 --ar 1:1 --style raw","photorealistic, 3d render, anime, chibi, western fantasy, neon, glossy plastic, text, watermark, signature, modern clothing, Chinese Qing costume, Manchu queue hairstyle, Japanese kimono, samurai armor, hakama, hanfu with crossed wide sleeves of Ming court, Japanese katana, multiple objects, hands, cluttered background",Hanging Scroll Travelogue,Hanji Scroll with Wooden Rollers
her_163,res://assets/icons/heritage/her_163.png,icon,정선 장승·서낭당,,"museum-quality illustration of 정선 장승·서낭당 (Hanging Scroll Travelogue), made of Hanji Scroll with Wooden Rollers, Late Joseon period, Joseon-era Korean ink-and-wash painting (sumukchaesaek) on aged hanji mulberry paper, muted mineral pigments (malachite green, azurite blue, ochre, cinnabar red, ink black), confident brush strokes with dry-brush texture, soft paper grain, restrained palette, in the manner of Kim Hong-do and Jeong Seon, single object centered, plain warm hanji background, soft ambient occlusion, clean silhouette, game item icon, 1:1 --ar 1:1 --style raw","photorealistic, 3d render, anime, chibi, western fantasy, neon, glossy plastic, text, watermark, signature, modern clothing, Chinese Qing costume, Manchu queue hairstyle, Japanese kimono, samurai armor, hakama, hanfu with crossed wide sleeves of Ming court, Japanese katana, multiple objects, hands, cluttered background",Hanging Scroll Travelogue,Hanji Scroll with Wooden Rollers
her_164,res://assets/icons/heritage/her_164.png,icon,단양 장승·서낭당,,"museum-quality illustration of 단양 장승·서낭당 (Hanging Scroll Travelogue), made of Hanji Scroll with Wooden Rollers, Late Joseon period, Joseon-era Korean ink-and-wash painting (sumukchaesaek) on aged hanji mulberry paper, muted mineral pigments (malachite green, azurite blue, ochre, cinnabar red, ink black), confident brush strokes with dry-brush texture, soft paper grain, restrained palette, in the manner of Kim Hong-do and Jeong Seon, single object centered, plain warm hanji background, soft ambient occlusion, clean silhouette, game item icon, 1:1 --ar 1:1 --style raw","photorealistic, 3d render, anime, chibi, western fantasy, neon, glossy plastic, text, watermark, signature, modern clothing, Chinese Qing costume, Manchu queue hairstyle, Japanese kimono, samurai armor, hakama, hanfu with crossed wide sleeves of Ming court, Japanese katana, multiple objects, hands, cluttered background",Hanging Scroll Travelogue,Hanji Scroll with Wooden Rollers
her_165,res://assets/icons/heritage/her_165.png,icon,제천 장승·서낭당,,"museum-quality illustration of 제천 장승·서낭당 (Hanging Scroll Travelogue), made of Hanji Scroll with Wooden Rollers, Late Joseon period, Joseon-era Korean ink-and-wash painting (sumukchaesaek) on aged hanji mulberry paper, muted mineral pigments (malachite green, azurite blue, ochre, cinnabar red, ink black), confident brush strokes with dry-brush texture, soft paper grain, restrained palette, in the manner of Kim Hong-do and Jeong Seon, single object centered, plain warm hanji background, soft ambient occlusion, clean silhouette, game item icon, 1:1 --ar 1:1 --style raw","photorealistic, 3d render, anime, chibi, western fantasy, neon, glossy plastic, text, watermark, signature, modern clothing, Chinese Qing costume, Manchu queue hairstyle, Japanese kimono, samurai armor, hakama, hanfu with crossed wide sleeves of Ming court, Japanese katana, multiple objects, hands, cluttered background",Hanging Scroll Travelogue,Hanji Scroll with Wooden Rollers
her_166,res://assets/icons/heritage/her_166.png,icon,영동 장승·서낭당,,"museum-quality illustration of 영동 장승·서낭당 (Hanging Scroll Travelogue), made of Hanji Scroll with Wooden Rollers, Late Joseon period, Joseon-era Korean ink-and-wash painting (sumukchaesaek) on aged hanji mulberry paper, muted mineral pigments (malachite green, azurite blue, ochre, cinnabar red, ink black), confident brush strokes with dry-brush texture, soft paper grain, restrained palette, in the manner of Kim Hong-do and Jeong Seon, single object centered, plain warm hanji background, soft ambient occlusion, clean silhouette, game item icon, 1:1 --ar 1:1 --style raw","photorealistic, 3d render, anime, chibi, western fantasy, neon, glossy plastic, text, watermark, signature, modern clothing, Chinese Qing costume, Manchu queue hairstyle, Japanese kimono, samurai armor, hakama, hanfu with crossed wide sleeves of Ming court, Japanese katana, multiple objects, hands, cluttered background",Hanging Scroll Travelogue,Hanji Scroll with Wooden Rollers
her_167,res://assets/icons/heritage/her_167.png,icon,보은 장승·서낭당,,"museum-quality illustration of 보은 장승·서낭당 (Hanging Scroll Travelogue), made of Hanji Scroll with Wooden Rollers, Late Joseon period, Joseon-era Korean ink-and-wash painting (sumukchaesaek) on aged hanji mulberry paper, muted mineral pigments (malachite green, azurite blue, ochre, cinnabar red, ink black), confident brush strokes with dry-brush texture, soft paper grain, restrained palette, in the manner of Kim Hong-do and Jeong Seon, single object centered, plain warm hanji background, soft ambient occlusion, clean silhouette, game item icon, 1:1 --ar 1:1 --style raw","photorealistic, 3d render, anime, chibi, western fantasy, neon, glossy plastic, text, watermark, signature, modern clothing, Chinese Qing costume, Manchu queue hairstyle, Japanese kimono, samurai armor, hakama, hanfu with crossed wide sleeves of Ming court, Japanese katana, multiple objects, hands, cluttered background",Hanging Scroll Travelogue,Hanji Scroll with Wooden Rollers
her_168,res://assets/icons/heritage/her_168.png,icon,옥천 장승·서낭당,,"museum-quality illustration of 옥천 장승·서낭당 (Hanging Scroll Travelogue), made of Hanji Scroll with Wooden Rollers, Late Joseon period, Joseon-era Korean ink-and-wash painting (sumukchaesaek) on aged hanji mulberry paper, muted mineral pigments (malachite green, azurite blue, ochre, cinnabar red, ink black), confident brush strokes with dry-brush texture, soft paper grain, restrained palette, in the manner of Kim Hong-do and Jeong Seon, single object centered, plain warm hanji background, soft ambient occlusion, clean silhouette, game item icon, 1:1 --ar 1:1 --style raw","photorealistic, 3d render, anime, chibi, western fantasy, neon, glossy plastic, text, watermark, signature, modern clothing, Chinese Qing costume, Manchu queue hairstyle, Japanese kimono, samurai armor, hakama, hanfu with crossed wide sleeves of Ming court, Japanese katana, multiple objects, hands, cluttered background",Hanging Scroll Travelogue,Hanji Scroll with Wooden Rollers
her_169,res://assets/icons/heritage/her_169.png,icon,부여 장승·서낭당,,"museum-quality illustration of 부여 장승·서낭당 (Hanging Scroll Travelogue), made of Hanji Scroll with Wooden Rollers, Late Joseon period, Joseon-era Korean ink-and-wash painting (sumukchaesaek) on aged hanji mulberry paper, muted mineral pigments (malachite green, azurite blue, ochre, cinnabar red, ink black), confident brush strokes with dry-brush texture, soft paper grain, restrained palette, in the manner of Kim Hong-do and Jeong Seon, single object centered, plain warm hanji background, soft ambient occlusion, clean silhouette, game item icon, 1:1 --ar 1:1 --style raw","photorealistic, 3d render, anime, chibi, western fantasy, neon, glossy plastic, text, watermark, signature, modern clothing, Chinese Qing costume, Manchu queue hairstyle, Japanese kimono, samurai armor, hakama, hanfu with crossed wide sleeves of Ming court, Japanese katana, multiple objects, hands, cluttered background",Hanging Scroll Travelogue,Hanji Scroll with Wooden Rollers
her_170,res://assets/icons/heritage/her_170.png,icon,해미 장승·서낭당,,"museum-quality illustration of 해미 장승·서낭당 (Hanging Scroll Travelogue), made of Hanji Scroll with Wooden Rollers, Late Joseon period, Joseon-era Korean ink-and-wash painting (sumukchaesaek) on aged hanji mulberry paper, muted mineral pigments (malachite green, azurite blue, ochre, cinnabar red, ink black), confident brush strokes with dry-brush texture, soft paper grain, restrained palette, in the manner of Kim Hong-do and Jeong Seon, single object centered, plain warm hanji background, soft ambient occlusion, clean silhouette, game item icon, 1:1 --ar 1:1 --style raw","photorealistic, 3d render, anime, chibi, western fantasy, neon, glossy plastic, text, watermark, signature, modern clothing, Chinese Qing costume, Manchu queue hairstyle, Japanese kimono, samurai armor, hakama, hanfu with crossed wide sleeves of Ming court, Japanese katana, multiple objects, hands, cluttered background",Hanging Scroll Travelogue,Hanji Scroll with Wooden Rollers
her_171,res://assets/icons/heritage/her_171.png,icon,태안 장승·서낭당,,"museum-quality illustration of 태안 장승·서낭당 (Hanging Scroll Travelogue), made of Hanji Scroll with Wooden Rollers, Late Joseon period, Joseon-era Korean ink-and-wash painting (sumukchaesaek) on aged hanji mulberry paper, muted mineral pigments (malachite green, azurite blue, ochre, cinnabar red, ink black), confident brush strokes with dry-brush texture, soft paper grain, restrained palette, in the manner of Kim Hong-do and Jeong Seon, single object centered, plain warm hanji background, soft ambient occlusion, clean silhouette, game item icon, 1:1 --ar 1:1 --style raw","photorealistic, 3d render, anime, chibi, western fantasy, neon, glossy plastic, text, watermark, signature, modern clothing, Chinese Qing costume, Manchu queue hairstyle, Japanese kimono, samurai armor, hakama, hanfu with crossed wide sleeves of Ming court, Japanese katana, multiple objects, hands, cluttered background",Hanging Scroll Travelogue,Hanji Scroll with Wooden Rollers
her_172,res://assets/icons/heritage/her_172.png,icon,아산 장승·서낭당,,"museum-quality illustration of 아산 장승·서낭당 (Hanging Scroll Travelogue), made of Hanji Scroll with Wooden Rollers, Late Joseon period, Joseon-era Korean ink-and-wash painting (sumukchaesaek) on aged hanji mulberry paper, muted mineral pigments (malachite green, azurite blue, ochre, cinnabar red, ink black), confident brush strokes with dry-brush texture, soft paper grain, restrained palette, in the manner of Kim Hong-do and Jeong Seon, single object centered, plain warm hanji background, soft ambient occlusion, clean silhouette, game item icon, 1:1 --ar 1:1 --style raw","photorealistic, 3d render, anime, chibi, western fantasy, neon, glossy plastic, text, watermark, signature, modern clothing, Chinese Qing costume, Manchu queue hairstyle, Japanese kimono, samurai armor, hakama, hanfu with crossed wide sleeves of Ming court, Japanese katana, multiple objects, hands, cluttered background",Hanging Scroll Travelogue,Hanji Scroll with Wooden Rollers
her_173,res://assets/icons/heritage/her_173.png,icon,천안 장승·서낭당,,"museum-quality illustration of 천안 장승·서낭당 (Hanging Scroll Travelogue), made of Hanji Scroll with Wooden Rollers, Late Joseon period, Joseon-era Korean ink-and-wash painting (sumukchaesaek) on aged hanji mulberry paper, muted mineral pigments (malachite green, azurite blue, ochre, cinnabar red, ink black), confident brush strokes with dry-brush texture, soft paper grain, restrained palette, in the manner of Kim Hong-do and Jeong Seon, single object centered, plain warm hanji background, soft ambient occlusion, clean silhouette, game item icon, 1:1 --ar 1:1 --style raw","photorealistic, 3d render, anime, chibi, western fantasy, neon, glossy plastic, text, watermark, signature, modern clothing, Chinese Qing costume, Manchu queue hairstyle, Japanese kimono, samurai armor, hakama, hanfu with crossed wide sleeves of Ming court, Japanese katana, multiple objects, hands, cluttered background",Hanging Scroll Travelogue,Hanji Scroll with Wooden Rollers
her_174,res://assets/icons/heritage/her_174.png,icon,고창 장승·서낭당,,"museum-quality illustration of 고창 장승·서낭당 (Hanging Scroll Travelogue), made of Hanji Scroll with Wooden Rollers, Late Joseon period, Joseon-era Korean ink-and-wash painting (sumukchaesaek) on aged hanji mulberry paper, muted mineral pigments (malachite green, azurite blue, ochre, cinnabar red, ink black), confident brush strokes with dry-brush texture, soft paper grain, restrained palette, in the manner of Kim Hong-do and Jeong Seon, single object centered, plain warm hanji background, soft ambient occlusion, clean silhouette, game item icon, 1:1 --ar 1:1 --style raw","photorealistic, 3d render, anime, chibi, western fantasy, neon, glossy plastic, text, watermark, signature, modern clothing, Chinese Qing costume, Manchu queue hairstyle, Japanese kimono, samurai armor, hakama, hanfu with crossed wide sleeves of Ming court, Japanese katana, multiple objects, hands, cluttered background",Hanging Scroll Travelogue,Hanji Scroll with Wooden Rollers
her_175,res://assets/icons/heritage/her_175.png,icon,익산 장승·서낭당,,"museum-quality illustration of 익산 장승·서낭당 (Hanging Scroll Travelogue), made of Hanji Scroll with Wooden Rollers, Late Joseon period, Joseon-era Korean ink-and-wash painting (sumukchaesaek) on aged hanji mulberry paper, muted mineral pigments (malachite green, azurite blue, ochre, cinnabar red, ink black), confident brush strokes with dry-brush texture, soft paper grain, restrained palette, in the manner of Kim Hong-do and Jeong Seon, single object centered, plain warm hanji background, soft ambient occlusion, clean silhouette, game item icon, 1:1 --ar 1:1 --style raw","photorealistic, 3d render, anime, chibi, western fantasy, neon, glossy plastic, text, watermark, signature, modern clothing, Chinese Qing costume, Manchu queue hairstyle, Japanese kimono, samurai armor, hakama, hanfu with crossed wide sleeves of Ming court, Japanese katana, multiple objects, hands, cluttered background",Hanging Scroll Travelogue,Hanji Scroll with Wooden Rollers
her_176,res://assets/icons/heritage/her_176.png,icon,정읍 장승·서낭당,,"museum-quality illustration of 정읍 장승·서낭당 (Hanging Scroll Travelogue), made of Hanji Scroll with Wooden Rollers, Late Joseon period, Joseon-era Korean ink-and-wash painting (sumukchaesaek) on aged hanji mulberry paper, muted mineral pigments (malachite green, azurite blue, ochre, cinnabar red, ink black), confident brush strokes with dry-brush texture, soft paper grain, restrained palette, in the manner of Kim Hong-do and Jeong Seon, single object centered, plain warm hanji background, soft ambient occlusion, clean silhouette, game item icon, 1:1 --ar 1:1 --style raw","photorealistic, 3d render, anime, chibi, western fantasy, neon, glossy plastic, text, watermark, signature, modern clothing, Chinese Qing costume, Manchu queue hairstyle, Japanese kimono, samurai armor, hakama, hanfu with crossed wide sleeves of Ming court, Japanese katana, multiple objects, hands, cluttered background",Hanging Scroll Travelogue,Hanji Scroll with Wooden Rollers
her_177,res://assets/icons/heritage/her_177.png,icon,무주 장승·서낭당,,"museum-quality illustration of 무주 장승·서낭당 (Hanging Scroll Travelogue), made of Hanji Scroll with Wooden Rollers, Late Joseon period, Joseon-era Korean ink-and-wash painting (sumukchaesaek) on aged hanji mulberry paper, muted mineral pigments (malachite green, azurite blue, ochre, cinnabar red, ink black), confident brush strokes with dry-brush texture, soft paper grain, restrained palette, in the manner of Kim Hong-do and Jeong Seon, single object centered, plain warm hanji background, soft ambient occlusion, clean silhouette, game item icon, 1:1 --ar 1:1 --style raw","photorealistic, 3d render, anime, chibi, western fantasy, neon, glossy plastic, text, watermark, signature, modern clothing, Chinese Qing costume, Manchu queue hairstyle, Japanese kimono, samurai armor, hakama, hanfu with crossed wide sleeves of Ming court, Japanese katana, multiple objects, hands, cluttered background",Hanging Scroll Travelogue,Hanji Scroll with Wooden Rollers
her_178,res://assets/icons/heritage/her_178.png,icon,진안 장승·서낭당,,"museum-quality illustration of 진안 장승·서낭당 (Hanging Scroll Travelogue), made of Hanji Scroll with Wooden Rollers, Late Joseon period, Joseon-era Korean ink-and-wash painting (sumukchaesaek) on aged hanji mulberry paper, muted mineral pigments (malachite green, azurite blue, ochre, cinnabar red, ink black), confident brush strokes with dry-brush texture, soft paper grain, restrained palette, in the manner of Kim Hong-do and Jeong Seon, single object centered, plain warm hanji background, soft ambient occlusion, clean silhouette, game item icon, 1:1 --ar 1:1 --style raw","photorealistic, 3d render, anime, chibi, western fantasy, neon, glossy plastic, text, watermark, signature, modern clothing, Chinese Qing costume, Manchu queue hairstyle, Japanese kimono, samurai armor, hakama, hanfu with crossed wide sleeves of Ming court, Japanese katana, multiple objects, hands, cluttered background",Hanging Scroll Travelogue,Hanji Scroll with Wooden Rollers
her_179,res://assets/icons/heritage/her_179.png,icon,영암 장승·서낭당,,"museum-quality illustration of 영암 장승·서낭당 (Hanging Scroll Travelogue), made of Hanji Scroll with Wooden Rollers, Late Joseon period, Joseon-era Korean ink-and-wash painting (sumukchaesaek) on aged hanji mulberry paper, muted mineral pigments (malachite green, azurite blue, ochre, cinnabar red, ink black), confident brush strokes with dry-brush texture, soft paper grain, restrained palette, in the manner of Kim Hong-do and Jeong Seon, single object centered, plain warm hanji background, soft ambient occlusion, clean silhouette, game item icon, 1:1 --ar 1:1 --style raw","photorealistic, 3d render, anime, chibi, western fantasy, neon, glossy plastic, text, watermark, signature, modern clothing, Chinese Qing costume, Manchu queue hairstyle, Japanese kimono, samurai armor, hakama, hanfu with crossed wide sleeves of Ming court, Japanese katana, multiple objects, hands, cluttered background",Hanging Scroll Travelogue,Hanji Scroll with Wooden Rollers
her_180,res://assets/icons/heritage/her_180.png,icon,해남 장승·서낭당,,"museum-quality illustration of 해남 장승·서낭당 (Hanging Scroll Travelogue), made of Hanji Scroll with Wooden Rollers, Late Joseon period, Joseon-era Korean ink-and-wash painting (sumukchaesaek) on aged hanji mulberry paper, muted mineral pigments (malachite green, azurite blue, ochre, cinnabar red, ink black), confident brush strokes with dry-brush texture, soft paper grain, restrained palette, in the manner of Kim Hong-do and Jeong Seon, single object centered, plain warm hanji background, soft ambient occlusion, clean silhouette, game item icon, 1:1 --ar 1:1 --style raw","photorealistic, 3d render, anime, chibi, western fantasy, neon, glossy plastic, text, watermark, signature, modern clothing, Chinese Qing costume, Manchu queue hairstyle, Japanese kimono, samurai armor, hakama, hanfu with crossed wide sleeves of Ming court, Japanese katana, multiple objects, hands, cluttered background",Hanging Scroll Travelogue,Hanji Scroll with Wooden Rollers
her_181,res://assets/icons/heritage/her_181.png,icon,담양 장승·서낭당,,"museum-quality illustration of 담양 장승·서낭당 (Hanging Scroll Travelogue), made of Hanji Scroll with Wooden Rollers, Late Joseon period, Joseon-era Korean ink-and-wash painting (sumukchaesaek) on aged hanji mulberry paper, muted mineral pigments (malachite green, azurite blue, ochre, cinnabar red, ink black), confident brush strokes with dry-brush texture, soft paper grain, restrained palette, in the manner of Kim Hong-do and Jeong Seon, single object centered, plain warm hanji background, soft ambient occlusion, clean silhouette, game item icon, 1:1 --ar 1:1 --style raw","photorealistic, 3d render, anime, chibi, western fantasy, neon, glossy plastic, text, watermark, signature, modern clothing, Chinese Qing costume, Manchu queue hairstyle, Japanese kimono, samurai armor, hakama, hanfu with crossed wide sleeves of Ming court, Japanese katana, multiple objects, hands, cluttered background",Hanging Scroll Travelogue,Hanji Scroll with Wooden Rollers
her_182,res://assets/icons/heritage/her_182.png,icon,진도 장승·서낭당,,"museum-quality illustration of 진도 장승·서낭당 (Hanging Scroll Travelogue), made of Hanji Scroll with Wooden Rollers, Late Joseon period, Joseon-era Korean ink-and-wash painting (sumukchaesaek) on aged hanji mulberry paper, muted mineral pigments (malachite green, azurite blue, ochre, cinnabar red, ink black), confident brush strokes with dry-brush texture, soft paper grain, restrained palette, in the manner of Kim Hong-do and Jeong Seon, single object centered, plain warm hanji background, soft ambient occlusion, clean silhouette, game item icon, 1:1 --ar 1:1 --style raw","photorealistic, 3d render, anime, chibi, western fantasy, neon, glossy plastic, text, watermark, signature, modern clothing, Chinese Qing costume, Manchu queue hairstyle, Japanese kimono, samurai armor, hakama, hanfu with crossed wide sleeves of Ming court, Japanese katana, multiple objects, hands, cluttered background",Hanging Scroll Travelogue,Hanji Scroll with Wooden Rollers
her_183,res://assets/icons/heritage/her_183.png,icon,문경 장승·서낭당,,"museum-quality illustration of 문경 장승·서낭당 (Hanging Scroll Travelogue), made of Hanji Scroll with Wooden Rollers, Late Joseon period, Joseon-era Korean ink-and-wash painting (sumukchaesaek) on aged hanji mulberry paper, muted mineral pigments (malachite green, azurite blue, ochre, cinnabar red, ink black), confident brush strokes with dry-brush texture, soft paper grain, restrained palette, in the manner of Kim Hong-do and Jeong Seon, single object centered, plain warm hanji background, soft ambient occlusion, clean silhouette, game item icon, 1:1 --ar 1:1 --style raw","photorealistic, 3d render, anime, chibi, western fantasy, neon, glossy plastic, text, watermark, signature, modern clothing, Chinese Qing costume, Manchu queue hairstyle, Japanese kimono, samurai armor, hakama, hanfu with crossed wide sleeves of Ming court, Japanese katana, multiple objects, hands, cluttered background",Hanging Scroll Travelogue,Hanji Scroll with Wooden Rollers
her_184,res://assets/icons/heritage/her_184.png,icon,영주 장승·서낭당,,"museum-quality illustration of 영주 장승·서낭당 (Hanging Scroll Travelogue), made of Hanji Scroll with Wooden Rollers, Late Joseon period, Joseon-era Korean ink-and-wash painting (sumukchaesaek) on aged hanji mulberry paper, muted mineral pigments (malachite green, azurite blue, ochre, cinnabar red, ink black), confident brush strokes with dry-brush texture, soft paper grain, restrained palette, in the manner of Kim Hong-do and Jeong Seon, single object centered, plain warm hanji background, soft ambient occlusion, clean silhouette, game item icon, 1:1 --ar 1:1 --style raw","photorealistic, 3d render, anime, chibi, western fantasy, neon, glossy plastic, text, watermark, signature, modern clothing, Chinese Qing costume, Manchu queue hairstyle, Japanese kimono, samurai armor, hakama, hanfu with crossed wide sleeves of Ming court, Japanese katana, multiple objects, hands, cluttered background",Hanging Scroll Travelogue,Hanji Scroll with Wooden Rollers
her_185,res://assets/icons/heritage/her_185.png,icon,영천 장승·서낭당,,"museum-quality illustration of 영천 장승·서낭당 (Hanging Scroll Travelogue), made of Hanji Scroll with Wooden Rollers, Late Joseon period, Joseon-era Korean ink-and-wash painting (sumukchaesaek) on aged hanji mulberry paper, muted mineral pigments (malachite green, azurite blue, ochre, cinnabar red, ink black), confident brush strokes with dry-brush texture, soft paper grain, restrained palette, in the manner of Kim Hong-do and Jeong Seon, single object centered, plain warm hanji background, soft ambient occlusion, clean silhouette, game item icon, 1:1 --ar 1:1 --style raw","photorealistic, 3d render, anime, chibi, western fantasy, neon, glossy plastic, text, watermark, signature, modern clothing, Chinese Qing costume, Manchu queue hairstyle, Japanese kimono, samurai armor, hakama, hanfu with crossed wide sleeves of Ming court, Japanese katana, multiple objects, hands, cluttered background",Hanging Scroll Travelogue,Hanji Scroll with Wooden Rollers
her_186,res://assets/icons/heritage/her_186.png,icon,의성 장승·서낭당,,"museum-quality illustration of 의성 장승·서낭당 (Hanging Scroll Travelogue), made of Hanji Scroll with Wooden Rollers, Late Joseon period, Joseon-era Korean ink-and-wash painting (sumukchaesaek) on aged hanji mulberry paper, muted mineral pigments (malachite green, azurite blue, ochre, cinnabar red, ink black), confident brush strokes with dry-brush texture, soft paper grain, restrained palette, in the manner of Kim Hong-do and Jeong Seon, single object centered, plain warm hanji background, soft ambient occlusion, clean silhouette, game item icon, 1:1 --ar 1:1 --style raw","photorealistic, 3d render, anime, chibi, western fantasy, neon, glossy plastic, text, watermark, signature, modern clothing, Chinese Qing costume, Manchu queue hairstyle, Japanese kimono, samurai armor, hakama, hanfu with crossed wide sleeves of Ming court, Japanese katana, multiple objects, hands, cluttered background",Hanging Scroll Travelogue,Hanji Scroll with Wooden Rollers
her_187,res://assets/icons/heritage/her_187.png,icon,청송 장승·서낭당,,"museum-quality illustration of 청송 장승·서낭당 (Hanging Scroll Travelogue), made of Hanji Scroll with Wooden Rollers, Late Joseon period, Joseon-era Korean ink-and-wash painting (sumukchaesaek) on aged hanji mulberry paper, muted mineral pigments (malachite green, azurite blue, ochre, cinnabar red, ink black), confident brush strokes with dry-brush texture, soft paper grain, restrained palette, in the manner of Kim Hong-do and Jeong Seon, single object centered, plain warm hanji background, soft ambient occlusion, clean silhouette, game item icon, 1:1 --ar 1:1 --style raw","photorealistic, 3d render, anime, chibi, western fantasy, neon, glossy plastic, text, watermark, signature, modern clothing, Chinese Qing costume, Manchu queue hairstyle, Japanese kimono, samurai armor, hakama, hanfu with crossed wide sleeves of Ming court, Japanese katana, multiple objects, hands, cluttered background",Hanging Scroll Travelogue,Hanji Scroll with Wooden Rollers
her_188,res://assets/icons/heritage/her_188.png,icon,김해 장승·서낭당,,"museum-quality illustration of 김해 장승·서낭당 (Hanging Scroll Travelogue), made of Hanji Scroll with Wooden Rollers, Late Joseon period, Joseon-era Korean ink-and-wash painting (sumukchaesaek) on aged hanji mulberry paper, muted mineral pigments (malachite green, azurite blue, ochre, cinnabar red, ink black), confident brush strokes with dry-brush texture, soft paper grain, restrained palette, in the manner of Kim Hong-do and Jeong Seon, single object centered, plain warm hanji background, soft ambient occlusion, clean silhouette, game item icon, 1:1 --ar 1:1 --style raw","photorealistic, 3d render, anime, chibi, western fantasy, neon, glossy plastic, text, watermark, signature, modern clothing, Chinese Qing costume, Manchu queue hairstyle, Japanese kimono, samurai armor, hakama, hanfu with crossed wide sleeves of Ming court, Japanese katana, multiple objects, hands, cluttered background",Hanging Scroll Travelogue,Hanji Scroll with Wooden Rollers
her_189,res://assets/icons/heritage/her_189.png,icon,밀양 장승·서낭당,,"museum-quality illustration of 밀양 장승·서낭당 (Hanging Scroll Travelogue), made of Hanji Scroll with Wooden Rollers, Late Joseon period, Joseon-era Korean ink-and-wash painting (sumukchaesaek) on aged hanji mulberry paper, muted mineral pigments (malachite green, azurite blue, ochre, cinnabar red, ink black), confident brush strokes with dry-brush texture, soft paper grain, restrained palette, in the manner of Kim Hong-do and Jeong Seon, single object centered, plain warm hanji background, soft ambient occlusion, clean silhouette, game item icon, 1:1 --ar 1:1 --style raw","photorealistic, 3d render, anime, chibi, western fantasy, neon, glossy plastic, text, watermark, signature, modern clothing, Chinese Qing costume, Manchu queue hairstyle, Japanese kimono, samurai armor, hakama, hanfu with crossed wide sleeves of Ming court, Japanese katana, multiple objects, hands, cluttered background",Hanging Scroll Travelogue,Hanji Scroll with Wooden Rollers
her_190,res://assets/icons/heritage/her_190.png,icon,합천 장승·서낭당,,"museum-quality illustration of 합천 장승·서낭당 (Hanging Scroll Travelogue), made of Hanji Scroll with Wooden Rollers, Late Joseon period, Joseon-era Korean ink-and-wash painting (sumukchaesaek) on aged hanji mulberry paper, muted mineral pigments (malachite green, azurite blue, ochre, cinnabar red, ink black), confident brush strokes with dry-brush texture, soft paper grain, restrained palette, in the manner of Kim Hong-do and Jeong Seon, single object centered, plain warm hanji background, soft ambient occlusion, clean silhouette, game item icon, 1:1 --ar 1:1 --style raw","photorealistic, 3d render, anime, chibi, western fantasy, neon, glossy plastic, text, watermark, signature, modern clothing, Chinese Qing costume, Manchu queue hairstyle, Japanese kimono, samurai armor, hakama, hanfu with crossed wide sleeves of Ming court, Japanese katana, multiple objects, hands, cluttered background",Hanging Scroll Travelogue,Hanji Scroll with Wooden Rollers
her_191,res://assets/icons/heritage/her_191.png,icon,남해 장승·서낭당,,"museum-quality illustration of 남해 장승·서낭당 (Hanging Scroll Travelogue), made of Hanji Scroll with Wooden Rollers, Late Joseon period, Joseon-era Korean ink-and-wash painting (sumukchaesaek) on aged hanji mulberry paper, muted mineral pigments (malachite green, azurite blue, ochre, cinnabar red, ink black), confident brush strokes with dry-brush texture, soft paper grain, restrained palette, in the manner of Kim Hong-do and Jeong Seon, single object centered, plain warm hanji background, soft ambient occlusion, clean silhouette, game item icon, 1:1 --ar 1:1 --style raw","photorealistic, 3d render, anime, chibi, western fantasy, neon, glossy plastic, text, watermark, signature, modern clothing, Chinese Qing costume, Manchu queue hairstyle, Japanese kimono, samurai armor, hakama, hanfu with crossed wide sleeves of Ming court, Japanese katana, multiple objects, hands, cluttered background",Hanging Scroll Travelogue,Hanji Scroll with Wooden Rollers
her_192,res://assets/icons/heritage/her_192.png,icon,서흥 장승·서낭당,,"museum-quality illustration of 서흥 장승·서낭당 (Hanging Scroll Travelogue), made of Hanji Scroll with Wooden Rollers, Late Joseon period, Joseon-era Korean ink-and-wash painting (sumukchaesaek) on aged hanji mulberry paper, muted mineral pigments (malachite green, azurite blue, ochre, cinnabar red, ink black), confident brush strokes with dry-brush texture, soft paper grain, restrained palette, in the manner of Kim Hong-do and Jeong Seon, single object centered, plain warm hanji background, soft ambient occlusion, clean silhouette, game item icon, 1:1 --ar 1:1 --style raw","photorealistic, 3d render, anime, chibi, western fantasy, neon, glossy plastic, text, watermark, signature, modern clothing, Chinese Qing costume, Manchu queue hairstyle, Japanese kimono, samurai armor, hakama, hanfu with crossed wide sleeves of Ming court, Japanese katana, multiple objects, hands, cluttered background",Hanging Scroll Travelogue,Hanji Scroll with Wooden Rollers
her_193,res://assets/icons/heritage/her_193.png,icon,평산 장승·서낭당,,"museum-quality illustration of 평산 장승·서낭당 (Hanging Scroll Travelogue), made of Hanji Scroll with Wooden Rollers, Late Joseon period, Joseon-era Korean ink-and-wash painting (sumukchaesaek) on aged hanji mulberry paper, muted mineral pigments (malachite green, azurite blue, ochre, cinnabar red, ink black), confident brush strokes with dry-brush texture, soft paper grain, restrained palette, in the manner of Kim Hong-do and Jeong Seon, single object centered, plain warm hanji background, soft ambient occlusion, clean silhouette, game item icon, 1:1 --ar 1:1 --style raw","photorealistic, 3d render, anime, chibi, western fantasy, neon, glossy plastic, text, watermark, signature, modern clothing, Chinese Qing costume, Manchu queue hairstyle, Japanese kimono, samurai armor, hakama, hanfu with crossed wide sleeves of Ming court, Japanese katana, multiple objects, hands, cluttered background",Hanging Scroll Travelogue,Hanji Scroll with Wooden Rollers
her_194,res://assets/icons/heritage/her_194.png,icon,수안 장승·서낭당,,"museum-quality illustration of 수안 장승·서낭당 (Hanging Scroll Travelogue), made of Hanji Scroll with Wooden Rollers, Late Joseon period, Joseon-era Korean ink-and-wash painting (sumukchaesaek) on aged hanji mulberry paper, muted mineral pigments (malachite green, azurite blue, ochre, cinnabar red, ink black), confident brush strokes with dry-brush texture, soft paper grain, restrained palette, in the manner of Kim Hong-do and Jeong Seon, single object centered, plain warm hanji background, soft ambient occlusion, clean silhouette, game item icon, 1:1 --ar 1:1 --style raw","photorealistic, 3d render, anime, chibi, western fantasy, neon, glossy plastic, text, watermark, signature, modern clothing, Chinese Qing costume, Manchu queue hairstyle, Japanese kimono, samurai armor, hakama, hanfu with crossed wide sleeves of Ming court, Japanese katana, multiple objects, hands, cluttered background",Hanging Scroll Travelogue,Hanji Scroll with Wooden Rollers
her_195,res://assets/icons/heritage/her_195.png,icon,곡산 장승·서낭당,,"museum-quality illustration of 곡산 장승·서낭당 (Hanging Scroll Travelogue), made of Hanji Scroll with Wooden Rollers, Late Joseon period, Joseon-era Korean ink-and-wash painting (sumukchaesaek) on aged hanji mulberry paper, muted mineral pigments (malachite green, azurite blue, ochre, cinnabar red, ink black), confident brush strokes with dry-brush texture, soft paper grain, restrained palette, in the manner of Kim Hong-do and Jeong Seon, single object centered, plain warm hanji background, soft ambient occlusion, clean silhouette, game item icon, 1:1 --ar 1:1 --style raw","photorealistic, 3d render, anime, chibi, western fantasy, neon, glossy plastic, text, watermark, signature, modern clothing, Chinese Qing costume, Manchu queue hairstyle, Japanese kimono, samurai armor, hakama, hanfu with crossed wide sleeves of Ming court, Japanese katana, multiple objects, hands, cluttered background",Hanging Scroll Travelogue,Hanji Scroll with Wooden Rollers
her_196,res://assets/icons/heritage/her_196.png,icon,옹진 장승·서낭당,,"museum-quality illustration of 옹진 장승·서낭당 (Hanging Scroll Travelogue), made of Hanji Scroll with Wooden Rollers, Late Joseon period, Joseon-era Korean ink-and-wash painting (sumukchaesaek) on aged hanji mulberry paper, muted mineral pigments (malachite green, azurite blue, ochre, cinnabar red, ink black), confident brush strokes with dry-brush texture, soft paper grain, restrained palette, in the manner of Kim Hong-do and Jeong Seon, single object centered, plain warm hanji background, soft ambient occlusion, clean silhouette, game item icon, 1:1 --ar 1:1 --style raw","photorealistic, 3d render, anime, chibi, western fantasy, neon, glossy plastic, text, watermark, signature, modern clothing, Chinese Qing costume, Manchu queue hairstyle, Japanese kimono, samurai armor, hakama, hanfu with crossed wide sleeves of Ming court, Japanese katana, multiple objects, hands, cluttered background",Hanging Scroll Travelogue,Hanji Scroll with Wooden Rollers
her_197,res://assets/icons/heritage/her_197.png,icon,장연 장승·서낭당,,"museum-quality illustration of 장연 장승·서낭당 (Hanging Scroll Travelogue), made of Hanji Scroll with Wooden Rollers, Late Joseon period, Joseon-era Korean ink-and-wash painting (sumukchaesaek) on aged hanji mulberry paper, muted mineral pigments (malachite green, azurite blue, ochre, cinnabar red, ink black), confident brush strokes with dry-brush texture, soft paper grain, restrained palette, in the manner of Kim Hong-do and Jeong Seon, single object centered, plain warm hanji background, soft ambient occlusion, clean silhouette, game item icon, 1:1 --ar 1:1 --style raw","photorealistic, 3d render, anime, chibi, western fantasy, neon, glossy plastic, text, watermark, signature, modern clothing, Chinese Qing costume, Manchu queue hairstyle, Japanese kimono, samurai armor, hakama, hanfu with crossed wide sleeves of Ming court, Japanese katana, multiple objects, hands, cluttered background",Hanging Scroll Travelogue,Hanji Scroll with Wooden Rollers
her_198,res://assets/icons/heritage/her_198.png,icon,송화 장승·서낭당,,"museum-quality illustration of 송화 장승·서낭당 (Hanging Scroll Travelogue), made of Hanji Scroll with Wooden Rollers, Late Joseon period, Joseon-era Korean ink-and-wash painting (sumukchaesaek) on aged hanji mulberry paper, muted mineral pigments (malachite green, azurite blue, ochre, cinnabar red, ink black), confident brush strokes with dry-brush texture, soft paper grain, restrained palette, in the manner of Kim Hong-do and Jeong Seon, single object centered, plain warm hanji background, soft ambient occlusion, clean silhouette, game item icon, 1:1 --ar 1:1 --style raw","photorealistic, 3d render, anime, chibi, western fantasy, neon, glossy plastic, text, watermark, signature, modern clothing, Chinese Qing costume, Manchu queue hairstyle, Japanese kimono, samurai armor, hakama, hanfu with crossed wide sleeves of Ming court, Japanese katana, multiple objects, hands, cluttered background",Hanging Scroll Travelogue,Hanji Scroll with Wooden Rollers
her_199,res://assets/icons/heritage/her_199.png,icon,배천 장승·서낭당,,"museum-quality illustration of 배천 장승·서낭당 (Hanging Scroll Travelogue), made of Hanji Scroll with Wooden Rollers, Late Joseon period, Joseon-era Korean ink-and-wash painting (sumukchaesaek) on aged hanji mulberry paper, muted mineral pigments (malachite green, azurite blue, ochre, cinnabar red, ink black), confident brush strokes with dry-brush texture, soft paper grain, restrained palette, in the manner of Kim Hong-do and Jeong Seon, single object centered, plain warm hanji background, soft ambient occlusion, clean silhouette, game item icon, 1:1 --ar 1:1 --style raw","photorealistic, 3d render, anime, chibi, western fantasy, neon, glossy plastic, text, watermark, signature, modern clothing, Chinese Qing costume, Manchu queue hairstyle, Japanese kimono, samurai armor, hakama, hanfu with crossed wide sleeves of Ming court, Japanese katana, multiple objects, hands, cluttered background",Hanging Scroll Travelogue,Hanji Scroll with Wooden Rollers
her_200,res://assets/icons/heritage/her_200.png,icon,진남포 장승·서낭당,,"museum-quality illustration of 진남포 장승·서낭당 (Hanging Scroll Travelogue), made of Hanji Scroll with Wooden Rollers, Late Joseon period, Joseon-era Korean ink-and-wash painting (sumukchaesaek) on aged hanji mulberry paper, muted mineral pigments (malachite green, azurite blue, ochre, cinnabar red, ink black), confident brush strokes with dry-brush texture, soft paper grain, restrained palette, in the manner of Kim Hong-do and Jeong Seon, single object centered, plain warm hanji background, soft ambient occlusion, clean silhouette, game item icon, 1:1 --ar 1:1 --style raw","photorealistic, 3d render, anime, chibi, western fantasy, neon, glossy plastic, text, watermark, signature, modern clothing, Chinese Qing costume, Manchu queue hairstyle, Japanese kimono, samurai armor, hakama, hanfu with crossed wide sleeves of Ming court, Japanese katana, multiple objects, hands, cluttered background",Hanging Scroll Travelogue,Hanji Scroll with Wooden Rollers
her_201,res://assets/icons/heritage/her_201.png,icon,숙천 장승·서낭당,,"museum-quality illustration of 숙천 장승·서낭당 (Hanging Scroll Travelogue), made of Hanji Scroll with Wooden Rollers, Late Joseon period, Joseon-era Korean ink-and-wash painting (sumukchaesaek) on aged hanji mulberry paper, muted mineral pigments (malachite green, azurite blue, ochre, cinnabar red, ink black), confident brush strokes with dry-brush texture, soft paper grain, restrained palette, in the manner of Kim Hong-do and Jeong Seon, single object centered, plain warm hanji background, soft ambient occlusion, clean silhouette, game item icon, 1:1 --ar 1:1 --style raw","photorealistic, 3d render, anime, chibi, western fantasy, neon, glossy plastic, text, watermark, signature, modern clothing, Chinese Qing costume, Manchu queue hairstyle, Japanese kimono, samurai armor, hakama, hanfu with crossed wide sleeves of Ming court, Japanese katana, multiple objects, hands, cluttered background",Hanging Scroll Travelogue,Hanji Scroll with Wooden Rollers
her_202,res://assets/icons/heritage/her_202.png,icon,순천 장승·서낭당,,"museum-quality illustration of 순천 장승·서낭당 (Hanging Scroll Travelogue), made of Hanji Scroll with Wooden Rollers, Late Joseon period, Joseon-era Korean ink-and-wash painting (sumukchaesaek) on aged hanji mulberry paper, muted mineral pigments (malachite green, azurite blue, ochre, cinnabar red, ink black), confident brush strokes with dry-brush texture, soft paper grain, restrained palette, in the manner of Kim Hong-do and Jeong Seon, single object centered, plain warm hanji background, soft ambient occlusion, clean silhouette, game item icon, 1:1 --ar 1:1 --style raw","photorealistic, 3d render, anime, chibi, western fantasy, neon, glossy plastic, text, watermark, signature, modern clothing, Chinese Qing costume, Manchu queue hairstyle, Japanese kimono, samurai armor, hakama, hanfu with crossed wide sleeves of Ming court, Japanese katana, multiple objects, hands, cluttered background",Hanging Scroll Travelogue,Hanji Scroll with Wooden Rollers
her_203,res://assets/icons/heritage/her_203.png,icon,강서 장승·서낭당,,"museum-quality illustration of 강서 장승·서낭당 (Hanging Scroll Travelogue), made of Hanji Scroll with Wooden Rollers, Late Joseon period, Joseon-era Korean ink-and-wash painting (sumukchaesaek) on aged hanji mulberry paper, muted mineral pigments (malachite green, azurite blue, ochre, cinnabar red, ink black), confident brush strokes with dry-brush texture, soft paper grain, restrained palette, in the manner of Kim Hong-do and Jeong Seon, single object centered, plain warm hanji background, soft ambient occlusion, clean silhouette, game item icon, 1:1 --ar 1:1 --style raw","photorealistic, 3d render, anime, chibi, western fantasy, neon, glossy plastic, text, watermark, signature, modern clothing, Chinese Qing costume, Manchu queue hairstyle, Japanese kimono, samurai armor, hakama, hanfu with crossed wide sleeves of Ming court, Japanese katana, multiple objects, hands, cluttered background",Hanging Scroll Travelogue,Hanji Scroll with Wooden Rollers
her_204,res://assets/icons/heritage/her_204.png,icon,성천 장승·서낭당,,"museum-quality illustration of 성천 장승·서낭당 (Hanging Scroll Travelogue), made of Hanji Scroll with Wooden Rollers, Late Joseon period, Joseon-era Korean ink-and-wash painting (sumukchaesaek) on aged hanji mulberry paper, muted mineral pigments (malachite green, azurite blue, ochre, cinnabar red, ink black), confident brush strokes with dry-brush texture, soft paper grain, restrained palette, in the manner of Kim Hong-do and Jeong Seon, single object centered, plain warm hanji background, soft ambient occlusion, clean silhouette, game item icon, 1:1 --ar 1:1 --style raw","photorealistic, 3d render, anime, chibi, western fantasy, neon, glossy plastic, text, watermark, signature, modern clothing, Chinese Qing costume, Manchu queue hairstyle, Japanese kimono, samurai armor, hakama, hanfu with crossed wide sleeves of Ming court, Japanese katana, multiple objects, hands, cluttered background",Hanging Scroll Travelogue,Hanji Scroll with Wooden Rollers
her_205,res://assets/icons/heritage/her_205.png,icon,선천 장승·서낭당,,"museum-quality illustration of 선천 장승·서낭당 (Hanging Scroll Travelogue), made of Hanji Scroll with Wooden Rollers, Late Joseon period, Joseon-era Korean ink-and-wash painting (sumukchaesaek) on aged hanji mulberry paper, muted mineral pigments (malachite green, azurite blue, ochre, cinnabar red, ink black), confident brush strokes with dry-brush texture, soft paper grain, restrained palette, in the manner of Kim Hong-do and Jeong Seon, single object centered, plain warm hanji background, soft ambient occlusion, clean silhouette, game item icon, 1:1 --ar 1:1 --style raw","photorealistic, 3d render, anime, chibi, western fantasy, neon, glossy plastic, text, watermark, signature, modern clothing, Chinese Qing costume, Manchu queue hairstyle, Japanese kimono, samurai armor, hakama, hanfu with crossed wide sleeves of Ming court, Japanese katana, multiple objects, hands, cluttered background",Hanging Scroll Travelogue,Hanji Scroll with Wooden Rollers
her_206,res://assets/icons/heritage/her_206.png,icon,정주 장승·서낭당,,"museum-quality illustration of 정주 장승·서낭당 (Hanging Scroll Travelogue), made of Hanji Scroll with Wooden Rollers, Late Joseon period, Joseon-era Korean ink-and-wash painting (sumukchaesaek) on aged hanji mulberry paper, muted mineral pigments (malachite green, azurite blue, ochre, cinnabar red, ink black), confident brush strokes with dry-brush texture, soft paper grain, restrained palette, in the manner of Kim Hong-do and Jeong Seon, single object centered, plain warm hanji background, soft ambient occlusion, clean silhouette, game item icon, 1:1 --ar 1:1 --style raw","photorealistic, 3d render, anime, chibi, western fantasy, neon, glossy plastic, text, watermark, signature, modern clothing, Chinese Qing costume, Manchu queue hairstyle, Japanese kimono, samurai armor, hakama, hanfu with crossed wide sleeves of Ming court, Japanese katana, multiple objects, hands, cluttered background",Hanging Scroll Travelogue,Hanji Scroll with Wooden Rollers
her_207,res://assets/icons/heritage/her_207.png,icon,삭주 장승·서낭당,,"museum-quality illustration of 삭주 장승·서낭당 (Hanging Scroll Travelogue), made of Hanji Scroll with Wooden Rollers, Late Joseon period, Joseon-era Korean ink-and-wash painting (sumukchaesaek) on aged hanji mulberry paper, muted mineral pigments (malachite green, azurite blue, ochre, cinnabar red, ink black), confident brush strokes with dry-brush texture, soft paper grain, restrained palette, in the manner of Kim Hong-do and Jeong Seon, single object centered, plain warm hanji background, soft ambient occlusion, clean silhouette, game item icon, 1:1 --ar 1:1 --style raw","photorealistic, 3d render, anime, chibi, western fantasy, neon, glossy plastic, text, watermark, signature, modern clothing, Chinese Qing costume, Manchu queue hairstyle, Japanese kimono, samurai armor, hakama, hanfu with crossed wide sleeves of Ming court, Japanese katana, multiple objects, hands, cluttered background",Hanging Scroll Travelogue,Hanji Scroll with Wooden Rollers
her_208,res://assets/icons/heritage/her_208.png,icon,강계 장승·서낭당,,"museum-quality illustration of 강계 장승·서낭당 (Hanging Scroll Travelogue), made of Hanji Scroll with Wooden Rollers, Late Joseon period, Joseon-era Korean ink-and-wash painting (sumukchaesaek) on aged hanji mulberry paper, muted mineral pigments (malachite green, azurite blue, ochre, cinnabar red, ink black), confident brush strokes with dry-brush texture, soft paper grain, restrained palette, in the manner of Kim Hong-do and Jeong Seon, single object centered, plain warm hanji background, soft ambient occlusion, clean silhouette, game item icon, 1:1 --ar 1:1 --style raw","photorealistic, 3d render, anime, chibi, western fantasy, neon, glossy plastic, text, watermark, signature, modern clothing, Chinese Qing costume, Manchu queue hairstyle, Japanese kimono, samurai armor, hakama, hanfu with crossed wide sleeves of Ming court, Japanese katana, multiple objects, hands, cluttered background",Hanging Scroll Travelogue,Hanji Scroll with Wooden Rollers
her_209,res://assets/icons/heritage/her_209.png,icon,녕원 장승·서낭당,,"museum-quality illustration of 녕원 장승·서낭당 (Hanging Scroll Travelogue), made of Hanji Scroll with Wooden Rollers, Late Joseon period, Joseon-era Korean ink-and-wash painting (sumukchaesaek) on aged hanji mulberry paper, muted mineral pigments (malachite green, azurite blue, ochre, cinnabar red, ink black), confident brush strokes with dry-brush texture, soft paper grain, restrained palette, in the manner of Kim Hong-do and Jeong Seon, single object centered, plain warm hanji background, soft ambient occlusion, clean silhouette, game item icon, 1:1 --ar 1:1 --style raw","photorealistic, 3d render, anime, chibi, western fantasy, neon, glossy plastic, text, watermark, signature, modern clothing, Chinese Qing costume, Manchu queue hairstyle, Japanese kimono, samurai armor, hakama, hanfu with crossed wide sleeves of Ming court, Japanese katana, multiple objects, hands, cluttered background",Hanging Scroll Travelogue,Hanji Scroll with Wooden Rollers
her_210,res://assets/icons/heritage/her_210.png,icon,신미도 나루 장승·서낭당,,"museum-quality illustration of 신미도 나루 장승·서낭당 (Hanging Scroll Travelogue), made of Hanji Scroll with Wooden Rollers, Late Joseon period, Joseon-era Korean ink-and-wash painting (sumukchaesaek) on aged hanji mulberry paper, muted mineral pigments (malachite green, azurite blue, ochre, cinnabar red, ink black), confident brush strokes with dry-brush texture, soft paper grain, restrained palette, in the manner of Kim Hong-do and Jeong Seon, single object centered, plain warm hanji background, soft ambient occlusion, clean silhouette, game item icon, 1:1 --ar 1:1 --style raw","photorealistic, 3d render, anime, chibi, western fantasy, neon, glossy plastic, text, watermark, signature, modern clothing, Chinese Qing costume, Manchu queue hairstyle, Japanese kimono, samurai armor, hakama, hanfu with crossed wide sleeves of Ming court, Japanese katana, multiple objects, hands, cluttered background",Hanging Scroll Travelogue,Hanji Scroll with Wooden Rollers
her_211,res://assets/icons/heritage/her_211.png,icon,정평 장승·서낭당,,"museum-quality illustration of 정평 장승·서낭당 (Hanging Scroll Travelogue), made of Hanji Scroll with Wooden Rollers, Late Joseon period, Joseon-era Korean ink-and-wash painting (sumukchaesaek) on aged hanji mulberry paper, muted mineral pigments (malachite green, azurite blue, ochre, cinnabar red, ink black), confident brush strokes with dry-brush texture, soft paper grain, restrained palette, in the manner of Kim Hong-do and Jeong Seon, single object centered, plain warm hanji background, soft ambient occlusion, clean silhouette, game item icon, 1:1 --ar 1:1 --style raw","photorealistic, 3d render, anime, chibi, western fantasy, neon, glossy plastic, text, watermark, signature, modern clothing, Chinese Qing costume, Manchu queue hairstyle, Japanese kimono, samurai armor, hakama, hanfu with crossed wide sleeves of Ming court, Japanese katana, multiple objects, hands, cluttered background",Hanging Scroll Travelogue,Hanji Scroll with Wooden Rollers
her_212,res://assets/icons/heritage/her_212.png,icon,영흥 장승·서낭당,,"museum-quality illustration of 영흥 장승·서낭당 (Hanging Scroll Travelogue), made of Hanji Scroll with Wooden Rollers, Late Joseon period, Joseon-era Korean ink-and-wash painting (sumukchaesaek) on aged hanji mulberry paper, muted mineral pigments (malachite green, azurite blue, ochre, cinnabar red, ink black), confident brush strokes with dry-brush texture, soft paper grain, restrained palette, in the manner of Kim Hong-do and Jeong Seon, single object centered, plain warm hanji background, soft ambient occlusion, clean silhouette, game item icon, 1:1 --ar 1:1 --style raw","photorealistic, 3d render, anime, chibi, western fantasy, neon, glossy plastic, text, watermark, signature, modern clothing, Chinese Qing costume, Manchu queue hairstyle, Japanese kimono, samurai armor, hakama, hanfu with crossed wide sleeves of Ming court, Japanese katana, multiple objects, hands, cluttered background",Hanging Scroll Travelogue,Hanji Scroll with Wooden Rollers
her_213,res://assets/icons/heritage/her_213.png,icon,고원 장승·서낭당,,"museum-quality illustration of 고원 장승·서낭당 (Hanging Scroll Travelogue), made of Hanji Scroll with Wooden Rollers, Late Joseon period, Joseon-era Korean ink-and-wash painting (sumukchaesaek) on aged hanji mulberry paper, muted mineral pigments (malachite green, azurite blue, ochre, cinnabar red, ink black), confident brush strokes with dry-brush texture, soft paper grain, restrained palette, in the manner of Kim Hong-do and Jeong Seon, single object centered, plain warm hanji background, soft ambient occlusion, clean silhouette, game item icon, 1:1 --ar 1:1 --style raw","photorealistic, 3d render, anime, chibi, western fantasy, neon, glossy plastic, text, watermark, signature, modern clothing, Chinese Qing costume, Manchu queue hairstyle, Japanese kimono, samurai armor, hakama, hanfu with crossed wide sleeves of Ming court, Japanese katana, multiple objects, hands, cluttered background",Hanging Scroll Travelogue,Hanji Scroll with Wooden Rollers
her_214,res://assets/icons/heritage/her_214.png,icon,덕원 장승·서낭당,,"museum-quality illustration of 덕원 장승·서낭당 (Hanging Scroll Travelogue), made of Hanji Scroll with Wooden Rollers, Late Joseon period, Joseon-era Korean ink-and-wash painting (sumukchaesaek) on aged hanji mulberry paper, muted mineral pigments (malachite green, azurite blue, ochre, cinnabar red, ink black), confident brush strokes with dry-brush texture, soft paper grain, restrained palette, in the manner of Kim Hong-do and Jeong Seon, single object centered, plain warm hanji background, soft ambient occlusion, clean silhouette, game item icon, 1:1 --ar 1:1 --style raw","photorealistic, 3d render, anime, chibi, western fantasy, neon, glossy plastic, text, watermark, signature, modern clothing, Chinese Qing costume, Manchu queue hairstyle, Japanese kimono, samurai armor, hakama, hanfu with crossed wide sleeves of Ming court, Japanese katana, multiple objects, hands, cluttered background",Hanging Scroll Travelogue,Hanji Scroll with Wooden Rollers
her_215,res://assets/icons/heritage/her_215.png,icon,문천 장승·서낭당,,"museum-quality illustration of 문천 장승·서낭당 (Hanging Scroll Travelogue), made of Hanji Scroll with Wooden Rollers, Late Joseon period, Joseon-era Korean ink-and-wash painting (sumukchaesaek) on aged hanji mulberry paper, muted mineral pigments (malachite green, azurite blue, ochre, cinnabar red, ink black), confident brush strokes with dry-brush texture, soft paper grain, restrained palette, in the manner of Kim Hong-do and Jeong Seon, single object centered, plain warm hanji background, soft ambient occlusion, clean silhouette, game item icon, 1:1 --ar 1:1 --style raw","photorealistic, 3d render, anime, chibi, western fantasy, neon, glossy plastic, text, watermark, signature, modern clothing, Chinese Qing costume, Manchu queue hairstyle, Japanese kimono, samurai armor, hakama, hanfu with crossed wide sleeves of Ming court, Japanese katana, multiple objects, hands, cluttered background",Hanging Scroll Travelogue,Hanji Scroll with Wooden Rollers
her_216,res://assets/icons/heritage/her_216.png,icon,회령 장승·서낭당,,"museum-quality illustration of 회령 장승·서낭당 (Hanging Scroll Travelogue), made of Hanji Scroll with Wooden Rollers, Late Joseon period, Joseon-era Korean ink-and-wash painting (sumukchaesaek) on aged hanji mulberry paper, muted mineral pigments (malachite green, azurite blue, ochre, cinnabar red, ink black), confident brush strokes with dry-brush texture, soft paper grain, restrained palette, in the manner of Kim Hong-do and Jeong Seon, single object centered, plain warm hanji background, soft ambient occlusion, clean silhouette, game item icon, 1:1 --ar 1:1 --style raw","photorealistic, 3d render, anime, chibi, western fantasy, neon, glossy plastic, text, watermark, signature, modern clothing, Chinese Qing costume, Manchu queue hairstyle, Japanese kimono, samurai armor, hakama, hanfu with crossed wide sleeves of Ming court, Japanese katana, multiple objects, hands, cluttered background",Hanging Scroll Travelogue,Hanji Scroll with Wooden Rollers
her_217,res://assets/icons/heritage/her_217.png,icon,온성 장승·서낭당,,"museum-quality illustration of 온성 장승·서낭당 (Hanging Scroll Travelogue), made of Hanji Scroll with Wooden Rollers, Late Joseon period, Joseon-era Korean ink-and-wash painting (sumukchaesaek) on aged hanji mulberry paper, muted mineral pigments (malachite green, azurite blue, ochre, cinnabar red, ink black), confident brush strokes with dry-brush texture, soft paper grain, restrained palette, in the manner of Kim Hong-do and Jeong Seon, single object centered, plain warm hanji background, soft ambient occlusion, clean silhouette, game item icon, 1:1 --ar 1:1 --style raw","photorealistic, 3d render, anime, chibi, western fantasy, neon, glossy plastic, text, watermark, signature, modern clothing, Chinese Qing costume, Manchu queue hairstyle, Japanese kimono, samurai armor, hakama, hanfu with crossed wide sleeves of Ming court, Japanese katana, multiple objects, hands, cluttered background",Hanging Scroll Travelogue,Hanji Scroll with Wooden Rollers
her_218,res://assets/icons/heritage/her_218.png,icon,종성 장승·서낭당,,"museum-quality illustration of 종성 장승·서낭당 (Hanging Scroll Travelogue), made of Hanji Scroll with Wooden Rollers, Late Joseon period, Joseon-era Korean ink-and-wash painting (sumukchaesaek) on aged hanji mulberry paper, muted mineral pigments (malachite green, azurite blue, ochre, cinnabar red, ink black), confident brush strokes with dry-brush texture, soft paper grain, restrained palette, in the manner of Kim Hong-do and Jeong Seon, single object centered, plain warm hanji background, soft ambient occlusion, clean silhouette, game item icon, 1:1 --ar 1:1 --style raw","photorealistic, 3d render, anime, chibi, western fantasy, neon, glossy plastic, text, watermark, signature, modern clothing, Chinese Qing costume, Manchu queue hairstyle, Japanese kimono, samurai armor, hakama, hanfu with crossed wide sleeves of Ming court, Japanese katana, multiple objects, hands, cluttered background",Hanging Scroll Travelogue,Hanji Scroll with Wooden Rollers
her_219,res://assets/icons/heritage/her_219.png,icon,경원 장승·서낭당,,"museum-quality illustration of 경원 장승·서낭당 (Hanging Scroll Travelogue), made of Hanji Scroll with Wooden Rollers, Late Joseon period, Joseon-era Korean ink-and-wash painting (sumukchaesaek) on aged hanji mulberry paper, muted mineral pigments (malachite green, azurite blue, ochre, cinnabar red, ink black), confident brush strokes with dry-brush texture, soft paper grain, restrained palette, in the manner of Kim Hong-do and Jeong Seon, single object centered, plain warm hanji background, soft ambient occlusion, clean silhouette, game item icon, 1:1 --ar 1:1 --style raw","photorealistic, 3d render, anime, chibi, western fantasy, neon, glossy plastic, text, watermark, signature, modern clothing, Chinese Qing costume, Manchu queue hairstyle, Japanese kimono, samurai armor, hakama, hanfu with crossed wide sleeves of Ming court, Japanese katana, multiple objects, hands, cluttered background",Hanging Scroll Travelogue,Hanji Scroll with Wooden Rollers
her_220,res://assets/icons/heritage/her_220.png,icon,부령 장승·서낭당,,"museum-quality illustration of 부령 장승·서낭당 (Hanging Scroll Travelogue), made of Hanji Scroll with Wooden Rollers, Late Joseon period, Joseon-era Korean ink-and-wash painting (sumukchaesaek) on aged hanji mulberry paper, muted mineral pigments (malachite green, azurite blue, ochre, cinnabar red, ink black), confident brush strokes with dry-brush texture, soft paper grain, restrained palette, in the manner of Kim Hong-do and Jeong Seon, single object centered, plain warm hanji background, soft ambient occlusion, clean silhouette, game item icon, 1:1 --ar 1:1 --style raw","photorealistic, 3d render, anime, chibi, western fantasy, neon, glossy plastic, text, watermark, signature, modern clothing, Chinese Qing costume, Manchu queue hairstyle, Japanese kimono, samurai armor, hakama, hanfu with crossed wide sleeves of Ming court, Japanese katana, multiple objects, hands, cluttered background",Hanging Scroll Travelogue,Hanji Scroll with Wooden Rollers
her_221,res://assets/icons/heritage/her_221.png,icon,대정현 방사탑,,"museum-quality illustration of 대정현 방사탑 (Hanging Scroll Travelogue), made of Hanji Scroll with Wooden Rollers, Late Joseon period, Joseon-era Korean ink-and-wash painting (sumukchaesaek) on aged hanji mulberry paper, muted mineral pigments (malachite green, azurite blue, ochre, cinnabar red, ink black), confident brush strokes with dry-brush texture, soft paper grain, restrained palette, in the manner of Kim Hong-do and Jeong Seon, single object centered, plain warm hanji background, soft ambient occlusion, clean silhouette, game item icon, 1:1 --ar 1:1 --style raw","photorealistic, 3d render, anime, chibi, western fantasy, neon, glossy plastic, text, watermark, signature, modern clothing, Chinese Qing costume, Manchu queue hairstyle, Japanese kimono, samurai armor, hakama, hanfu with crossed wide sleeves of Ming court, Japanese katana, multiple objects, hands, cluttered background",Hanging Scroll Travelogue,Hanji Scroll with Wooden Rollers
her_222,res://assets/icons/heritage/her_222.png,icon,정의현 방사탑,,"museum-quality illustration of 정의현 방사탑 (Hanging Scroll Travelogue), made of Hanji Scroll with Wooden Rollers, Late Joseon period, Joseon-era Korean ink-and-wash painting (sumukchaesaek) on aged hanji mulberry paper, muted mineral pigments (malachite green, azurite blue, ochre, cinnabar red, ink black), confident brush strokes with dry-brush texture, soft paper grain, restrained palette, in the manner of Kim Hong-do and Jeong Seon, single object centered, plain warm hanji background, soft ambient occlusion, clean silhouette, game item icon, 1:1 --ar 1:1 --style raw","photorealistic, 3d render, anime, chibi, western fantasy, neon, glossy plastic, text, watermark, signature, modern clothing, Chinese Qing costume, Manchu queue hairstyle, Japanese kimono, samurai armor, hakama, hanfu with crossed wide sleeves of Ming court, Japanese katana, multiple objects, hands, cluttered background",Hanging Scroll Travelogue,Hanji Scroll with Wooden Rollers
her_223,res://assets/icons/heritage/her_223.png,icon,애월 방사탑,,"museum-quality illustration of 애월 방사탑 (Hanging Scroll Travelogue), made of Hanji Scroll with Wooden Rollers, Late Joseon period, Joseon-era Korean ink-and-wash painting (sumukchaesaek) on aged hanji mulberry paper, muted mineral pigments (malachite green, azurite blue, ochre, cinnabar red, ink black), confident brush strokes with dry-brush texture, soft paper grain, restrained palette, in the manner of Kim Hong-do and Jeong Seon, single object centered, plain warm hanji background, soft ambient occlusion, clean silhouette, game item icon, 1:1 --ar 1:1 --style raw","photorealistic, 3d render, anime, chibi, western fantasy, neon, glossy plastic, text, watermark, signature, modern clothing, Chinese Qing costume, Manchu queue hairstyle, Japanese kimono, samurai armor, hakama, hanfu with crossed wide sleeves of Ming court, Japanese katana, multiple objects, hands, cluttered background",Hanging Scroll Travelogue,Hanji Scroll with Wooden Rollers
her_224,res://assets/icons/heritage/her_224.png,icon,조천 방사탑,,"museum-quality illustration of 조천 방사탑 (Hanging Scroll Travelogue), made of Hanji Scroll with Wooden Rollers, Late Joseon period, Joseon-era Korean ink-and-wash painting (sumukchaesaek) on aged hanji mulberry paper, muted mineral pigments (malachite green, azurite blue, ochre, cinnabar red, ink black), confident brush strokes with dry-brush texture, soft paper grain, restrained palette, in the manner of Kim Hong-do and Jeong Seon, single object centered, plain warm hanji background, soft ambient occlusion, clean silhouette, game item icon, 1:1 --ar 1:1 --style raw","photorealistic, 3d render, anime, chibi, western fantasy, neon, glossy plastic, text, watermark, signature, modern clothing, Chinese Qing costume, Manchu queue hairstyle, Japanese kimono, samurai armor, hakama, hanfu with crossed wide sleeves of Ming court, Japanese katana, multiple objects, hands, cluttered background",Hanging Scroll Travelogue,Hanji Scroll with Wooden Rollers
her_225,res://assets/icons/heritage/her_225.png,icon,서귀포 방사탑,,"museum-quality illustration of 서귀포 방사탑 (Hanging Scroll Travelogue), made of Hanji Scroll with Wooden Rollers, Late Joseon period, Joseon-era Korean ink-and-wash painting (sumukchaesaek) on aged hanji mulberry paper, muted mineral pigments (malachite green, azurite blue, ochre, cinnabar red, ink black), confident brush strokes with dry-brush texture, soft paper grain, restrained palette, in the manner of Kim Hong-do and Jeong Seon, single object centered, plain warm hanji background, soft ambient occlusion, clean silhouette, game item icon, 1:1 --ar 1:1 --style raw","photorealistic, 3d render, anime, chibi, western fantasy, neon, glossy plastic, text, watermark, signature, modern clothing, Chinese Qing costume, Manchu queue hairstyle, Japanese kimono, samurai armor, hakama, hanfu with crossed wide sleeves of Ming court, Japanese katana, multiple objects, hands, cluttered background",Hanging Scroll Travelogue,Hanji Scroll with Wooden Rollers
her_226,res://assets/icons/heritage/her_226.png,icon,별방진 성지,,"museum-quality illustration of 별방진 성지 (Hanging Scroll Travelogue), made of Hanji Scroll with Wooden Rollers, Late Joseon period, Joseon-era Korean ink-and-wash painting (sumukchaesaek) on aged hanji mulberry paper, muted mineral pigments (malachite green, azurite blue, ochre, cinnabar red, ink black), confident brush strokes with dry-brush texture, soft paper grain, restrained palette, in the manner of Kim Hong-do and Jeong Seon, single object centered, plain warm hanji background, soft ambient occlusion, clean silhouette, game item icon, 1:1 --ar 1:1 --style raw","photorealistic, 3d render, anime, chibi, western fantasy, neon, glossy plastic, text, watermark, signature, modern clothing, Chinese Qing costume, Manchu queue hairstyle, Japanese kimono, samurai armor, hakama, hanfu with crossed wide sleeves of Ming court, Japanese katana, multiple objects, hands, cluttered background",Hanging Scroll Travelogue,Hanji Scroll with Wooden Rollers
her_227,res://assets/icons/heritage/her_227.png,icon,장흥도호부 치소 장승·서낭당,,"museum-quality illustration of 장흥도호부 치소 장승·서낭당 (Hanging Scroll Travelogue), made of Hanji Scroll with Wooden Rollers, Late Joseon period, Joseon-era Korean ink-and-wash painting (sumukchaesaek) on aged hanji mulberry paper, muted mineral pigments (malachite green, azurite blue, ochre, cinnabar red, ink black), confident brush strokes with dry-brush texture, soft paper grain, restrained palette, in the manner of Kim Hong-do and Jeong Seon, single object centered, plain warm hanji background, soft ambient occlusion, clean silhouette, game item icon, 1:1 --ar 1:1 --style raw","photorealistic, 3d render, anime, chibi, western fantasy, neon, glossy plastic, text, watermark, signature, modern clothing, Chinese Qing costume, Manchu queue hairstyle, Japanese kimono, samurai armor, hakama, hanfu with crossed wide sleeves of Ming court, Japanese katana, multiple objects, hands, cluttered background",Hanging Scroll Travelogue,Hanji Scroll with Wooden Rollers
her_228,res://assets/icons/heritage/her_228.png,icon,흥양현 치소(고흥) 장승·서낭당,,"museum-quality illustration of 흥양현 치소(고흥) 장승·서낭당 (Hanging Scroll Travelogue), made of Hanji Scroll with Wooden Rollers, Late Joseon period, Joseon-era Korean ink-and-wash painting (sumukchaesaek) on aged hanji mulberry paper, muted mineral pigments (malachite green, azurite blue, ochre, cinnabar red, ink black), confident brush strokes with dry-brush texture, soft paper grain, restrained palette, in the manner of Kim Hong-do and Jeong Seon, single object centered, plain warm hanji background, soft ambient occlusion, clean silhouette, game item icon, 1:1 --ar 1:1 --style raw","photorealistic, 3d render, anime, chibi, western fantasy, neon, glossy plastic, text, watermark, signature, modern clothing, Chinese Qing costume, Manchu queue hairstyle, Japanese kimono, samurai armor, hakama, hanfu with crossed wide sleeves of Ming court, Japanese katana, multiple objects, hands, cluttered background",Hanging Scroll Travelogue,Hanji Scroll with Wooden Rollers
her_229,res://assets/icons/heritage/her_229.png,icon,거제현 기성관 장승·서낭당,,"museum-quality illustration of 거제현 기성관 장승·서낭당 (Hanging Scroll Travelogue), made of Hanji Scroll with Wooden Rollers, Late Joseon period, Joseon-era Korean ink-and-wash painting (sumukchaesaek) on aged hanji mulberry paper, muted mineral pigments (malachite green, azurite blue, ochre, cinnabar red, ink black), confident brush strokes with dry-brush texture, soft paper grain, restrained palette, in the manner of Kim Hong-do and Jeong Seon, single object centered, plain warm hanji background, soft ambient occlusion, clean silhouette, game item icon, 1:1 --ar 1:1 --style raw","photorealistic, 3d render, anime, chibi, western fantasy, neon, glossy plastic, text, watermark, signature, modern clothing, Chinese Qing costume, Manchu queue hairstyle, Japanese kimono, samurai armor, hakama, hanfu with crossed wide sleeves of Ming court, Japanese katana, multiple objects, hands, cluttered background",Hanging Scroll Travelogue,Hanji Scroll with Wooden Rollers
her_230,res://assets/icons/heritage/her_230.png,icon,조계산 선암사,,"museum-quality illustration of 조계산 선암사 (Hanging Scroll Travelogue), made of Hanji Scroll with Wooden Rollers, Mid Joseon period, Joseon-era Korean ink-and-wash painting (sumukchaesaek) on aged hanji mulberry paper, muted mineral pigments (malachite green, azurite blue, ochre, cinnabar red, ink black), confident brush strokes with dry-brush texture, soft paper grain, restrained palette, in the manner of Kim Hong-do and Jeong Seon, single object centered, plain warm hanji background, soft ambient occlusion, clean silhouette, game item icon, 1:1 --ar 1:1 --style raw","photorealistic, 3d render, anime, chibi, western fantasy, neon, glossy plastic, text, watermark, signature, modern clothing, Chinese Qing costume, Manchu queue hairstyle, Japanese kimono, samurai armor, hakama, hanfu with crossed wide sleeves of Ming court, Japanese katana, multiple objects, hands, cluttered background",Hanging Scroll Travelogue,Hanji Scroll with Wooden Rollers
her_231,res://assets/icons/heritage/her_231.png,icon,창원도호부 치소 장승·서낭당,,"museum-quality illustration of 창원도호부 치소 장승·서낭당 (Hanging Scroll Travelogue), made of Hanji Scroll with Wooden Rollers, Late Joseon period, Joseon-era Korean ink-and-wash painting (sumukchaesaek) on aged hanji mulberry paper, muted mineral pigments (malachite green, azurite blue, ochre, cinnabar red, ink black), confident brush strokes with dry-brush texture, soft paper grain, restrained palette, in the manner of Kim Hong-do and Jeong Seon, single object centered, plain warm hanji background, soft ambient occlusion, clean silhouette, game item icon, 1:1 --ar 1:1 --style raw","photorealistic, 3d render, anime, chibi, western fantasy, neon, glossy plastic, text, watermark, signature, modern clothing, Chinese Qing costume, Manchu queue hairstyle, Japanese kimono, samurai armor, hakama, hanfu with crossed wide sleeves of Ming court, Japanese katana, multiple objects, hands, cluttered background",Hanging Scroll Travelogue,Hanji Scroll with Wooden Rollers
her_232,res://assets/icons/heritage/her_232.png,icon,금정산 범어사,,"museum-quality illustration of 금정산 범어사 (Hanging Scroll Travelogue), made of Hanji Scroll with Wooden Rollers, Mid Joseon period, Joseon-era Korean ink-and-wash painting (sumukchaesaek) on aged hanji mulberry paper, muted mineral pigments (malachite green, azurite blue, ochre, cinnabar red, ink black), confident brush strokes with dry-brush texture, soft paper grain, restrained palette, in the manner of Kim Hong-do and Jeong Seon, single object centered, plain warm hanji background, soft ambient occlusion, clean silhouette, game item icon, 1:1 --ar 1:1 --style raw","photorealistic, 3d render, anime, chibi, western fantasy, neon, glossy plastic, text, watermark, signature, modern clothing, Chinese Qing costume, Manchu queue hairstyle, Japanese kimono, samurai armor, hakama, hanfu with crossed wide sleeves of Ming court, Japanese katana, multiple objects, hands, cluttered background",Hanging Scroll Travelogue,Hanji Scroll with Wooden Rollers
her_233,res://assets/icons/heritage/her_233.png,icon,구례현 치소 장승·서낭당,,"museum-quality illustration of 구례현 치소 장승·서낭당 (Hanging Scroll Travelogue), made of Hanji Scroll with Wooden Rollers, Late Joseon period, Joseon-era Korean ink-and-wash painting (sumukchaesaek) on aged hanji mulberry paper, muted mineral pigments (malachite green, azurite blue, ochre, cinnabar red, ink black), confident brush strokes with dry-brush texture, soft paper grain, restrained palette, in the manner of Kim Hong-do and Jeong Seon, single object centered, plain warm hanji background, soft ambient occlusion, clean silhouette, game item icon, 1:1 --ar 1:1 --style raw","photorealistic, 3d render, anime, chibi, western fantasy, neon, glossy plastic, text, watermark, signature, modern clothing, Chinese Qing costume, Manchu queue hairstyle, Japanese kimono, samurai armor, hakama, hanfu with crossed wide sleeves of Ming court, Japanese katana, multiple objects, hands, cluttered background",Hanging Scroll Travelogue,Hanji Scroll with Wooden Rollers
her_234,res://assets/icons/heritage/her_234.png,icon,청도군 치소 장승·서낭당,,"museum-quality illustration of 청도군 치소 장승·서낭당 (Hanging Scroll Travelogue), made of Hanji Scroll with Wooden Rollers, Late Joseon period, Joseon-era Korean ink-and-wash painting (sumukchaesaek) on aged hanji mulberry paper, muted mineral pigments (malachite green, azurite blue, ochre, cinnabar red, ink black), confident brush strokes with dry-brush texture, soft paper grain, restrained palette, in the manner of Kim Hong-do and Jeong Seon, single object centered, plain warm hanji background, soft ambient occlusion, clean silhouette, game item icon, 1:1 --ar 1:1 --style raw","photorealistic, 3d render, anime, chibi, western fantasy, neon, glossy plastic, text, watermark, signature, modern clothing, Chinese Qing costume, Manchu queue hairstyle, Japanese kimono, samurai armor, hakama, hanfu with crossed wide sleeves of Ming court, Japanese katana, multiple objects, hands, cluttered background",Hanging Scroll Travelogue,Hanji Scroll with Wooden Rollers
her_235,res://assets/icons/heritage/her_235.png,icon,김제군 벽골제 치소 장승·서낭당,,"museum-quality illustration of 김제군 벽골제 치소 장승·서낭당 (Hanging Scroll Travelogue), made of Hanji Scroll with Wooden Rollers, Late Joseon period, Joseon-era Korean ink-and-wash painting (sumukchaesaek) on aged hanji mulberry paper, muted mineral pigments (malachite green, azurite blue, ochre, cinnabar red, ink black), confident brush strokes with dry-brush texture, soft paper grain, restrained palette, in the manner of Kim Hong-do and Jeong Seon, single object centered, plain warm hanji background, soft ambient occlusion, clean silhouette, game item icon, 1:1 --ar 1:1 --style raw","photorealistic, 3d render, anime, chibi, western fantasy, neon, glossy plastic, text, watermark, signature, modern clothing, Chinese Qing costume, Manchu queue hairstyle, Japanese kimono, samurai armor, hakama, hanfu with crossed wide sleeves of Ming court, Japanese katana, multiple objects, hands, cluttered background",Hanging Scroll Travelogue,Hanji Scroll with Wooden Rollers
her_236,res://assets/icons/heritage/her_236.png,icon,성주목 치소 장승·서낭당,,"museum-quality illustration of 성주목 치소 장승·서낭당 (Hanging Scroll Travelogue), made of Hanji Scroll with Wooden Rollers, Late Joseon period, Joseon-era Korean ink-and-wash painting (sumukchaesaek) on aged hanji mulberry paper, muted mineral pigments (malachite green, azurite blue, ochre, cinnabar red, ink black), confident brush strokes with dry-brush texture, soft paper grain, restrained palette, in the manner of Kim Hong-do and Jeong Seon, single object centered, plain warm hanji background, soft ambient occlusion, clean silhouette, game item icon, 1:1 --ar 1:1 --style raw","photorealistic, 3d render, anime, chibi, western fantasy, neon, glossy plastic, text, watermark, signature, modern clothing, Chinese Qing costume, Manchu queue hairstyle, Japanese kimono, samurai armor, hakama, hanfu with crossed wide sleeves of Ming court, Japanese katana, multiple objects, hands, cluttered background",Hanging Scroll Travelogue,Hanji Scroll with Wooden Rollers
her_237,res://assets/icons/heritage/her_237.png,icon,모악산 금산사,,"museum-quality illustration of 모악산 금산사 (Hanging Scroll Travelogue), made of Hanji Scroll with Wooden Rollers, Mid Joseon period, Joseon-era Korean ink-and-wash painting (sumukchaesaek) on aged hanji mulberry paper, muted mineral pigments (malachite green, azurite blue, ochre, cinnabar red, ink black), confident brush strokes with dry-brush texture, soft paper grain, restrained palette, in the manner of Kim Hong-do and Jeong Seon, single object centered, plain warm hanji background, soft ambient occlusion, clean silhouette, game item icon, 1:1 --ar 1:1 --style raw","photorealistic, 3d render, anime, chibi, western fantasy, neon, glossy plastic, text, watermark, signature, modern clothing, Chinese Qing costume, Manchu queue hairstyle, Japanese kimono, samurai armor, hakama, hanfu with crossed wide sleeves of Ming court, Japanese katana, multiple objects, hands, cluttered background",Hanging Scroll Travelogue,Hanji Scroll with Wooden Rollers
her_239,res://assets/icons/heritage/her_239.png,icon,은진현 관촉사(논산) 장승·서낭당,,"museum-quality illustration of 은진현 관촉사(논산) 장승·서낭당 (Hanging Scroll Travelogue), made of Hanji Scroll with Wooden Rollers, Late Joseon period, Joseon-era Korean ink-and-wash painting (sumukchaesaek) on aged hanji mulberry paper, muted mineral pigments (malachite green, azurite blue, ochre, cinnabar red, ink black), confident brush strokes with dry-brush texture, soft paper grain, restrained palette, in the manner of Kim Hong-do and Jeong Seon, single object centered, plain warm hanji background, soft ambient occlusion, clean silhouette, game item icon, 1:1 --ar 1:1 --style raw","photorealistic, 3d render, anime, chibi, western fantasy, neon, glossy plastic, text, watermark, signature, modern clothing, Chinese Qing costume, Manchu queue hairstyle, Japanese kimono, samurai armor, hakama, hanfu with crossed wide sleeves of Ming court, Japanese katana, multiple objects, hands, cluttered background",Hanging Scroll Travelogue,Hanji Scroll with Wooden Rollers
her_240,res://assets/icons/heritage/her_240.png,icon,보령현 충청수영성 장승·서낭당,,"museum-quality illustration of 보령현 충청수영성 장승·서낭당 (Hanging Scroll Travelogue), made of Hanji Scroll with Wooden Rollers, Late Joseon period, Joseon-era Korean ink-and-wash painting (sumukchaesaek) on aged hanji mulberry paper, muted mineral pigments (malachite green, azurite blue, ochre, cinnabar red, ink black), confident brush strokes with dry-brush texture, soft paper grain, restrained palette, in the manner of Kim Hong-do and Jeong Seon, single object centered, plain warm hanji background, soft ambient occlusion, clean silhouette, game item icon, 1:1 --ar 1:1 --style raw","photorealistic, 3d render, anime, chibi, western fantasy, neon, glossy plastic, text, watermark, signature, modern clothing, Chinese Qing costume, Manchu queue hairstyle, Japanese kimono, samurai armor, hakama, hanfu with crossed wide sleeves of Ming court, Japanese katana, multiple objects, hands, cluttered background",Hanging Scroll Travelogue,Hanji Scroll with Wooden Rollers
her_241,res://assets/icons/heritage/her_241.png,icon,선산도호부 치소(구미) 장승·서낭당,,"museum-quality illustration of 선산도호부 치소(구미) 장승·서낭당 (Hanging Scroll Travelogue), made of Hanji Scroll with Wooden Rollers, Late Joseon period, Joseon-era Korean ink-and-wash painting (sumukchaesaek) on aged hanji mulberry paper, muted mineral pigments (malachite green, azurite blue, ochre, cinnabar red, ink black), confident brush strokes with dry-brush texture, soft paper grain, restrained palette, in the manner of Kim Hong-do and Jeong Seon, single object centered, plain warm hanji background, soft ambient occlusion, clean silhouette, game item icon, 1:1 --ar 1:1 --style raw","photorealistic, 3d render, anime, chibi, western fantasy, neon, glossy plastic, text, watermark, signature, modern clothing, Chinese Qing costume, Manchu queue hairstyle, Japanese kimono, samurai armor, hakama, hanfu with crossed wide sleeves of Ming court, Japanese katana, multiple objects, hands, cluttered background",Hanging Scroll Travelogue,Hanji Scroll with Wooden Rollers
her_242,res://assets/icons/heritage/her_242.png,icon,영주 풍기도호부 장승·서낭당,,"museum-quality illustration of 영주 풍기도호부 장승·서낭당 (Hanging Scroll Travelogue), made of Hanji Scroll with Wooden Rollers, Late Joseon period, Joseon-era Korean ink-and-wash painting (sumukchaesaek) on aged hanji mulberry paper, muted mineral pigments (malachite green, azurite blue, ochre, cinnabar red, ink black), confident brush strokes with dry-brush texture, soft paper grain, restrained palette, in the manner of Kim Hong-do and Jeong Seon, single object centered, plain warm hanji background, soft ambient occlusion, clean silhouette, game item icon, 1:1 --ar 1:1 --style raw","photorealistic, 3d render, anime, chibi, western fantasy, neon, glossy plastic, text, watermark, signature, modern clothing, Chinese Qing costume, Manchu queue hairstyle, Japanese kimono, samurai armor, hakama, hanfu with crossed wide sleeves of Ming court, Japanese katana, multiple objects, hands, cluttered background",Hanging Scroll Travelogue,Hanji Scroll with Wooden Rollers
her_243,res://assets/icons/heritage/her_243.png,icon,예천군 치소 장승·서낭당,,"museum-quality illustration of 예천군 치소 장승·서낭당 (Hanging Scroll Travelogue), made of Hanji Scroll with Wooden Rollers, Late Joseon period, Joseon-era Korean ink-and-wash painting (sumukchaesaek) on aged hanji mulberry paper, muted mineral pigments (malachite green, azurite blue, ochre, cinnabar red, ink black), confident brush strokes with dry-brush texture, soft paper grain, restrained palette, in the manner of Kim Hong-do and Jeong Seon, single object centered, plain warm hanji background, soft ambient occlusion, clean silhouette, game item icon, 1:1 --ar 1:1 --style raw","photorealistic, 3d render, anime, chibi, western fantasy, neon, glossy plastic, text, watermark, signature, modern clothing, Chinese Qing costume, Manchu queue hairstyle, Japanese kimono, samurai armor, hakama, hanfu with crossed wide sleeves of Ming court, Japanese katana, multiple objects, hands, cluttered background",Hanging Scroll Travelogue,Hanji Scroll with Wooden Rollers
her_244,res://assets/icons/heritage/her_244.png,icon,면천군 치소(당진) 장승·서낭당,,"museum-quality illustration of 면천군 치소(당진) 장승·서낭당 (Hanging Scroll Travelogue), made of Hanji Scroll with Wooden Rollers, Late Joseon period, Joseon-era Korean ink-and-wash painting (sumukchaesaek) on aged hanji mulberry paper, muted mineral pigments (malachite green, azurite blue, ochre, cinnabar red, ink black), confident brush strokes with dry-brush texture, soft paper grain, restrained palette, in the manner of Kim Hong-do and Jeong Seon, single object centered, plain warm hanji background, soft ambient occlusion, clean silhouette, game item icon, 1:1 --ar 1:1 --style raw","photorealistic, 3d render, anime, chibi, western fantasy, neon, glossy plastic, text, watermark, signature, modern clothing, Chinese Qing costume, Manchu queue hairstyle, Japanese kimono, samurai armor, hakama, hanfu with crossed wide sleeves of Ming court, Japanese katana, multiple objects, hands, cluttered background",Hanging Scroll Travelogue,Hanji Scroll with Wooden Rollers
her_245,res://assets/icons/heritage/her_245.png,icon,진위현 치소(평택) 장승·서낭당,,"museum-quality illustration of 진위현 치소(평택) 장승·서낭당 (Hanging Scroll Travelogue), made of Hanji Scroll with Wooden Rollers, Late Joseon period, Joseon-era Korean ink-and-wash painting (sumukchaesaek) on aged hanji mulberry paper, muted mineral pigments (malachite green, azurite blue, ochre, cinnabar red, ink black), confident brush strokes with dry-brush texture, soft paper grain, restrained palette, in the manner of Kim Hong-do and Jeong Seon, single object centered, plain warm hanji background, soft ambient occlusion, clean silhouette, game item icon, 1:1 --ar 1:1 --style raw","photorealistic, 3d render, anime, chibi, western fantasy, neon, glossy plastic, text, watermark, signature, modern clothing, Chinese Qing costume, Manchu queue hairstyle, Japanese kimono, samurai armor, hakama, hanfu with crossed wide sleeves of Ming court, Japanese katana, multiple objects, hands, cluttered background",Hanging Scroll Travelogue,Hanji Scroll with Wooden Rollers
her_248,res://assets/icons/heritage/her_248.png,icon,인천도호부 관아 장승·서낭당,,"museum-quality illustration of 인천도호부 관아 장승·서낭당 (Hanging Scroll Travelogue), made of Hanji Scroll with Wooden Rollers, Late Joseon period, Joseon-era Korean ink-and-wash painting (sumukchaesaek) on aged hanji mulberry paper, muted mineral pigments (malachite green, azurite blue, ochre, cinnabar red, ink black), confident brush strokes with dry-brush texture, soft paper grain, restrained palette, in the manner of Kim Hong-do and Jeong Seon, single object centered, plain warm hanji background, soft ambient occlusion, clean silhouette, game item icon, 1:1 --ar 1:1 --style raw","photorealistic, 3d render, anime, chibi, western fantasy, neon, glossy plastic, text, watermark, signature, modern clothing, Chinese Qing costume, Manchu queue hairstyle, Japanese kimono, samurai armor, hakama, hanfu with crossed wide sleeves of Ming court, Japanese katana, multiple objects, hands, cluttered background",Hanging Scroll Travelogue,Hanji Scroll with Wooden Rollers
her_251,res://assets/icons/heritage/her_251.png,icon,연천현 숭의전 장승·서낭당,,"museum-quality illustration of 연천현 숭의전 장승·서낭당 (Hanging Scroll Travelogue), made of Hanji Scroll with Wooden Rollers, Late Joseon period, Joseon-era Korean ink-and-wash painting (sumukchaesaek) on aged hanji mulberry paper, muted mineral pigments (malachite green, azurite blue, ochre, cinnabar red, ink black), confident brush strokes with dry-brush texture, soft paper grain, restrained palette, in the manner of Kim Hong-do and Jeong Seon, single object centered, plain warm hanji background, soft ambient occlusion, clean silhouette, game item icon, 1:1 --ar 1:1 --style raw","photorealistic, 3d render, anime, chibi, western fantasy, neon, glossy plastic, text, watermark, signature, modern clothing, Chinese Qing costume, Manchu queue hairstyle, Japanese kimono, samurai armor, hakama, hanfu with crossed wide sleeves of Ming court, Japanese katana, multiple objects, hands, cluttered background",Hanging Scroll Travelogue,Hanji Scroll with Wooden Rollers
her_252,res://assets/icons/heritage/her_252.png,icon,설악산 신흥사,,"museum-quality illustration of 설악산 신흥사 (Hanging Scroll Travelogue), made of Hanji Scroll with Wooden Rollers, Mid Joseon period, Joseon-era Korean ink-and-wash painting (sumukchaesaek) on aged hanji mulberry paper, muted mineral pigments (malachite green, azurite blue, ochre, cinnabar red, ink black), confident brush strokes with dry-brush texture, soft paper grain, restrained palette, in the manner of Kim Hong-do and Jeong Seon, single object centered, plain warm hanji background, soft ambient occlusion, clean silhouette, game item icon, 1:1 --ar 1:1 --style raw","photorealistic, 3d render, anime, chibi, western fantasy, neon, glossy plastic, text, watermark, signature, modern clothing, Chinese Qing costume, Manchu queue hairstyle, Japanese kimono, samurai armor, hakama, hanfu with crossed wide sleeves of Ming court, Japanese katana, multiple objects, hands, cluttered background",Hanging Scroll Travelogue,Hanji Scroll with Wooden Rollers
her_253,res://assets/icons/heritage/her_253.png,icon,연안도호부 치소,,"museum-quality illustration of 연안도호부 치소 (Hanging Scroll Travelogue), made of Hanji Scroll with Wooden Rollers, Late Joseon period, Joseon-era Korean ink-and-wash painting (sumukchaesaek) on aged hanji mulberry paper, muted mineral pigments (malachite green, azurite blue, ochre, cinnabar red, ink black), confident brush strokes with dry-brush texture, soft paper grain, restrained palette, in the manner of Kim Hong-do and Jeong Seon, single object centered, plain warm hanji background, soft ambient occlusion, clean silhouette, game item icon, 1:1 --ar 1:1 --style raw","photorealistic, 3d render, anime, chibi, western fantasy, neon, glossy plastic, text, watermark, signature, modern clothing, Chinese Qing costume, Manchu queue hairstyle, Japanese kimono, samurai armor, hakama, hanfu with crossed wide sleeves of Ming court, Japanese katana, multiple objects, hands, cluttered background",Hanging Scroll Travelogue,Hanji Scroll with Wooden Rollers
her_254,res://assets/icons/heritage/her_254.png,icon,배천군 온정 치소 장승·서낭당,,"museum-quality illustration of 배천군 온정 치소 장승·서낭당 (Hanging Scroll Travelogue), made of Hanji Scroll with Wooden Rollers, Late Joseon period, Joseon-era Korean ink-and-wash painting (sumukchaesaek) on aged hanji mulberry paper, muted mineral pigments (malachite green, azurite blue, ochre, cinnabar red, ink black), confident brush strokes with dry-brush texture, soft paper grain, restrained palette, in the manner of Kim Hong-do and Jeong Seon, single object centered, plain warm hanji background, soft ambient occlusion, clean silhouette, game item icon, 1:1 --ar 1:1 --style raw","photorealistic, 3d render, anime, chibi, western fantasy, neon, glossy plastic, text, watermark, signature, modern clothing, Chinese Qing costume, Manchu queue hairstyle, Japanese kimono, samurai armor, hakama, hanfu with crossed wide sleeves of Ming court, Japanese katana, multiple objects, hands, cluttered background",Hanging Scroll Travelogue,Hanji Scroll with Wooden Rollers
her_255,res://assets/icons/heritage/her_255.png,icon,고성군 삼일포 장승·서낭당,,"museum-quality illustration of 고성군 삼일포 장승·서낭당 (Hanging Scroll Travelogue), made of Hanji Scroll with Wooden Rollers, Late Joseon period, Joseon-era Korean ink-and-wash painting (sumukchaesaek) on aged hanji mulberry paper, muted mineral pigments (malachite green, azurite blue, ochre, cinnabar red, ink black), confident brush strokes with dry-brush texture, soft paper grain, restrained palette, in the manner of Kim Hong-do and Jeong Seon, single object centered, plain warm hanji background, soft ambient occlusion, clean silhouette, game item icon, 1:1 --ar 1:1 --style raw","photorealistic, 3d render, anime, chibi, western fantasy, neon, glossy plastic, text, watermark, signature, modern clothing, Chinese Qing costume, Manchu queue hairstyle, Japanese kimono, samurai armor, hakama, hanfu with crossed wide sleeves of Ming court, Japanese katana, multiple objects, hands, cluttered background",Hanging Scroll Travelogue,Hanji Scroll with Wooden Rollers
her_256,res://assets/icons/heritage/her_256.png,icon,평강현 치소 장승·서낭당,,"museum-quality illustration of 평강현 치소 장승·서낭당 (Hanging Scroll Travelogue), made of Hanji Scroll with Wooden Rollers, Late Joseon period, Joseon-era Korean ink-and-wash painting (sumukchaesaek) on aged hanji mulberry paper, muted mineral pigments (malachite green, azurite blue, ochre, cinnabar red, ink black), confident brush strokes with dry-brush texture, soft paper grain, restrained palette, in the manner of Kim Hong-do and Jeong Seon, single object centered, plain warm hanji background, soft ambient occlusion, clean silhouette, game item icon, 1:1 --ar 1:1 --style raw","photorealistic, 3d render, anime, chibi, western fantasy, neon, glossy plastic, text, watermark, signature, modern clothing, Chinese Qing costume, Manchu queue hairstyle, Japanese kimono, samurai armor, hakama, hanfu with crossed wide sleeves of Ming court, Japanese katana, multiple objects, hands, cluttered background",Hanging Scroll Travelogue,Hanji Scroll with Wooden Rollers
her_257,res://assets/icons/heritage/her_257.png,icon,신천군 구월산 치소 장승·서낭당,,"museum-quality illustration of 신천군 구월산 치소 장승·서낭당 (Hanging Scroll Travelogue), made of Hanji Scroll with Wooden Rollers, Late Joseon period, Joseon-era Korean ink-and-wash painting (sumukchaesaek) on aged hanji mulberry paper, muted mineral pigments (malachite green, azurite blue, ochre, cinnabar red, ink black), confident brush strokes with dry-brush texture, soft paper grain, restrained palette, in the manner of Kim Hong-do and Jeong Seon, single object centered, plain warm hanji background, soft ambient occlusion, clean silhouette, game item icon, 1:1 --ar 1:1 --style raw","photorealistic, 3d render, anime, chibi, western fantasy, neon, glossy plastic, text, watermark, signature, modern clothing, Chinese Qing costume, Manchu queue hairstyle, Japanese kimono, samurai armor, hakama, hanfu with crossed wide sleeves of Ming court, Japanese katana, multiple objects, hands, cluttered background",Hanging Scroll Travelogue,Hanji Scroll with Wooden Rollers
her_258,res://assets/icons/heritage/her_258.png,icon,재령현 치소 장승·서낭당,,"museum-quality illustration of 재령현 치소 장승·서낭당 (Hanging Scroll Travelogue), made of Hanji Scroll with Wooden Rollers, Late Joseon period, Joseon-era Korean ink-and-wash painting (sumukchaesaek) on aged hanji mulberry paper, muted mineral pigments (malachite green, azurite blue, ochre, cinnabar red, ink black), confident brush strokes with dry-brush texture, soft paper grain, restrained palette, in the manner of Kim Hong-do and Jeong Seon, single object centered, plain warm hanji background, soft ambient occlusion, clean silhouette, game item icon, 1:1 --ar 1:1 --style raw","photorealistic, 3d render, anime, chibi, western fantasy, neon, glossy plastic, text, watermark, signature, modern clothing, Chinese Qing costume, Manchu queue hairstyle, Japanese kimono, samurai armor, hakama, hanfu with crossed wide sleeves of Ming court, Japanese katana, multiple objects, hands, cluttered background",Hanging Scroll Travelogue,Hanji Scroll with Wooden Rollers
her_259,res://assets/icons/heritage/her_259.png,icon,곡산군 치소 장승·서낭당,,"museum-quality illustration of 곡산군 치소 장승·서낭당 (Hanging Scroll Travelogue), made of Hanji Scroll with Wooden Rollers, Late Joseon period, Joseon-era Korean ink-and-wash painting (sumukchaesaek) on aged hanji mulberry paper, muted mineral pigments (malachite green, azurite blue, ochre, cinnabar red, ink black), confident brush strokes with dry-brush texture, soft paper grain, restrained palette, in the manner of Kim Hong-do and Jeong Seon, single object centered, plain warm hanji background, soft ambient occlusion, clean silhouette, game item icon, 1:1 --ar 1:1 --style raw","photorealistic, 3d render, anime, chibi, western fantasy, neon, glossy plastic, text, watermark, signature, modern clothing, Chinese Qing costume, Manchu queue hairstyle, Japanese kimono, samurai armor, hakama, hanfu with crossed wide sleeves of Ming court, Japanese katana, multiple objects, hands, cluttered background",Hanging Scroll Travelogue,Hanji Scroll with Wooden Rollers
her_260,res://assets/icons/heritage/her_260.png,icon,구월산 패엽사,,"museum-quality illustration of 구월산 패엽사 (Hanging Scroll Travelogue), made of Hanji Scroll with Wooden Rollers, Mid Joseon period, Joseon-era Korean ink-and-wash painting (sumukchaesaek) on aged hanji mulberry paper, muted mineral pigments (malachite green, azurite blue, ochre, cinnabar red, ink black), confident brush strokes with dry-brush texture, soft paper grain, restrained palette, in the manner of Kim Hong-do and Jeong Seon, single object centered, plain warm hanji background, soft ambient occlusion, clean silhouette, game item icon, 1:1 --ar 1:1 --style raw","photorealistic, 3d render, anime, chibi, western fantasy, neon, glossy plastic, text, watermark, signature, modern clothing, Chinese Qing costume, Manchu queue hairstyle, Japanese kimono, samurai armor, hakama, hanfu with crossed wide sleeves of Ming court, Japanese katana, multiple objects, hands, cluttered background",Hanging Scroll Travelogue,Hanji Scroll with Wooden Rollers
her_262,res://assets/icons/heritage/her_262.png,icon,덕원도호부(원산포),,"museum-quality illustration of 덕원도호부(원산포) (Hanging Scroll Travelogue), made of Hanji Scroll with Wooden Rollers, Late Joseon period, Joseon-era Korean ink-and-wash painting (sumukchaesaek) on aged hanji mulberry paper, muted mineral pigments (malachite green, azurite blue, ochre, cinnabar red, ink black), confident brush strokes with dry-brush texture, soft paper grain, restrained palette, in the manner of Kim Hong-do and Jeong Seon, single object centered, plain warm hanji background, soft ambient occlusion, clean silhouette, game item icon, 1:1 --ar 1:1 --style raw","photorealistic, 3d render, anime, chibi, western fantasy, neon, glossy plastic, text, watermark, signature, modern clothing, Chinese Qing costume, Manchu queue hairstyle, Japanese kimono, samurai armor, hakama, hanfu with crossed wide sleeves of Ming court, Japanese katana, multiple objects, hands, cluttered background",Hanging Scroll Travelogue,Hanji Scroll with Wooden Rollers
her_263,res://assets/icons/heritage/her_263.png,icon,안변도호부 치소 장승·서낭당,,"museum-quality illustration of 안변도호부 치소 장승·서낭당 (Hanging Scroll Travelogue), made of Hanji Scroll with Wooden Rollers, Late Joseon period, Joseon-era Korean ink-and-wash painting (sumukchaesaek) on aged hanji mulberry paper, muted mineral pigments (malachite green, azurite blue, ochre, cinnabar red, ink black), confident brush strokes with dry-brush texture, soft paper grain, restrained palette, in the manner of Kim Hong-do and Jeong Seon, single object centered, plain warm hanji background, soft ambient occlusion, clean silhouette, game item icon, 1:1 --ar 1:1 --style raw","photorealistic, 3d render, anime, chibi, western fantasy, neon, glossy plastic, text, watermark, signature, modern clothing, Chinese Qing costume, Manchu queue hairstyle, Japanese kimono, samurai armor, hakama, hanfu with crossed wide sleeves of Ming court, Japanese katana, multiple objects, hands, cluttered background",Hanging Scroll Travelogue,Hanji Scroll with Wooden Rollers
her_264,res://assets/icons/heritage/her_264.png,icon,중화군 치소 장승·서낭당,,"museum-quality illustration of 중화군 치소 장승·서낭당 (Hanging Scroll Travelogue), made of Hanji Scroll with Wooden Rollers, Late Joseon period, Joseon-era Korean ink-and-wash painting (sumukchaesaek) on aged hanji mulberry paper, muted mineral pigments (malachite green, azurite blue, ochre, cinnabar red, ink black), confident brush strokes with dry-brush texture, soft paper grain, restrained palette, in the manner of Kim Hong-do and Jeong Seon, single object centered, plain warm hanji background, soft ambient occlusion, clean silhouette, game item icon, 1:1 --ar 1:1 --style raw","photorealistic, 3d render, anime, chibi, western fantasy, neon, glossy plastic, text, watermark, signature, modern clothing, Chinese Qing costume, Manchu queue hairstyle, Japanese kimono, samurai armor, hakama, hanfu with crossed wide sleeves of Ming court, Japanese katana, multiple objects, hands, cluttered background",Hanging Scroll Travelogue,Hanji Scroll with Wooden Rollers
her_265,res://assets/icons/heritage/her_265.png,icon,설봉산 석왕사,,"museum-quality illustration of 설봉산 석왕사 (Hanging Scroll Travelogue), made of Hanji Scroll with Wooden Rollers, Mid Joseon period, Joseon-era Korean ink-and-wash painting (sumukchaesaek) on aged hanji mulberry paper, muted mineral pigments (malachite green, azurite blue, ochre, cinnabar red, ink black), confident brush strokes with dry-brush texture, soft paper grain, restrained palette, in the manner of Kim Hong-do and Jeong Seon, single object centered, plain warm hanji background, soft ambient occlusion, clean silhouette, game item icon, 1:1 --ar 1:1 --style raw","photorealistic, 3d render, anime, chibi, western fantasy, neon, glossy plastic, text, watermark, signature, modern clothing, Chinese Qing costume, Manchu queue hairstyle, Japanese kimono, samurai armor, hakama, hanfu with crossed wide sleeves of Ming court, Japanese katana, multiple objects, hands, cluttered background",Hanging Scroll Travelogue,Hanji Scroll with Wooden Rollers
her_268,res://assets/icons/heritage/her_268.png,icon,용천현 용골산성 장승·서낭당,,"museum-quality illustration of 용천현 용골산성 장승·서낭당 (Hanging Scroll Travelogue), made of Hanji Scroll with Wooden Rollers, Late Joseon period, Joseon-era Korean ink-and-wash painting (sumukchaesaek) on aged hanji mulberry paper, muted mineral pigments (malachite green, azurite blue, ochre, cinnabar red, ink black), confident brush strokes with dry-brush texture, soft paper grain, restrained palette, in the manner of Kim Hong-do and Jeong Seon, single object centered, plain warm hanji background, soft ambient occlusion, clean silhouette, game item icon, 1:1 --ar 1:1 --style raw","photorealistic, 3d render, anime, chibi, western fantasy, neon, glossy plastic, text, watermark, signature, modern clothing, Chinese Qing costume, Manchu queue hairstyle, Japanese kimono, samurai armor, hakama, hanfu with crossed wide sleeves of Ming court, Japanese katana, multiple objects, hands, cluttered background",Hanging Scroll Travelogue,Hanji Scroll with Wooden Rollers
her_269,res://assets/icons/heritage/her_269.png,icon,이원현 마운령 치소 장승·서낭당,,"museum-quality illustration of 이원현 마운령 치소 장승·서낭당 (Hanging Scroll Travelogue), made of Hanji Scroll with Wooden Rollers, Late Joseon period, Joseon-era Korean ink-and-wash painting (sumukchaesaek) on aged hanji mulberry paper, muted mineral pigments (malachite green, azurite blue, ochre, cinnabar red, ink black), confident brush strokes with dry-brush texture, soft paper grain, restrained palette, in the manner of Kim Hong-do and Jeong Seon, single object centered, plain warm hanji background, soft ambient occlusion, clean silhouette, game item icon, 1:1 --ar 1:1 --style raw","photorealistic, 3d render, anime, chibi, western fantasy, neon, glossy plastic, text, watermark, signature, modern clothing, Chinese Qing costume, Manchu queue hairstyle, Japanese kimono, samurai armor, hakama, hanfu with crossed wide sleeves of Ming court, Japanese katana, multiple objects, hands, cluttered background",Hanging Scroll Travelogue,Hanji Scroll with Wooden Rollers
her_270,res://assets/icons/heritage/her_270.png,icon,명천현 칠보산 장승·서낭당,,"museum-quality illustration of 명천현 칠보산 장승·서낭당 (Hanging Scroll Travelogue), made of Hanji Scroll with Wooden Rollers, Late Joseon period, Joseon-era Korean ink-and-wash painting (sumukchaesaek) on aged hanji mulberry paper, muted mineral pigments (malachite green, azurite blue, ochre, cinnabar red, ink black), confident brush strokes with dry-brush texture, soft paper grain, restrained palette, in the manner of Kim Hong-do and Jeong Seon, single object centered, plain warm hanji background, soft ambient occlusion, clean silhouette, game item icon, 1:1 --ar 1:1 --style raw","photorealistic, 3d render, anime, chibi, western fantasy, neon, glossy plastic, text, watermark, signature, modern clothing, Chinese Qing costume, Manchu queue hairstyle, Japanese kimono, samurai armor, hakama, hanfu with crossed wide sleeves of Ming court, Japanese katana, multiple objects, hands, cluttered background",Hanging Scroll Travelogue,Hanji Scroll with Wooden Rollers
her_271,res://assets/icons/heritage/her_271.png,icon,칠보산 개심사,,"museum-quality illustration of 칠보산 개심사 (Hanging Scroll Travelogue), made of Hanji Scroll with Wooden Rollers, Mid Joseon period, Joseon-era Korean ink-and-wash painting (sumukchaesaek) on aged hanji mulberry paper, muted mineral pigments (malachite green, azurite blue, ochre, cinnabar red, ink black), confident brush strokes with dry-brush texture, soft paper grain, restrained palette, in the manner of Kim Hong-do and Jeong Seon, single object centered, plain warm hanji background, soft ambient occlusion, clean silhouette, game item icon, 1:1 --ar 1:1 --style raw","photorealistic, 3d render, anime, chibi, western fantasy, neon, glossy plastic, text, watermark, signature, modern clothing, Chinese Qing costume, Manchu queue hairstyle, Japanese kimono, samurai armor, hakama, hanfu with crossed wide sleeves of Ming court, Japanese katana, multiple objects, hands, cluttered background",Hanging Scroll Travelogue,Hanji Scroll with Wooden Rollers
her_272,res://assets/icons/heritage/her_272.png,icon,갑산도호부 치소 장승·서낭당,,"museum-quality illustration of 갑산도호부 치소 장승·서낭당 (Hanging Scroll Travelogue), made of Hanji Scroll with Wooden Rollers, Late Joseon period, Joseon-era Korean ink-and-wash painting (sumukchaesaek) on aged hanji mulberry paper, muted mineral pigments (malachite green, azurite blue, ochre, cinnabar red, ink black), confident brush strokes with dry-brush texture, soft paper grain, restrained palette, in the manner of Kim Hong-do and Jeong Seon, single object centered, plain warm hanji background, soft ambient occlusion, clean silhouette, game item icon, 1:1 --ar 1:1 --style raw","photorealistic, 3d render, anime, chibi, western fantasy, neon, glossy plastic, text, watermark, signature, modern clothing, Chinese Qing costume, Manchu queue hairstyle, Japanese kimono, samurai armor, hakama, hanfu with crossed wide sleeves of Ming court, Japanese katana, multiple objects, hands, cluttered background",Hanging Scroll Travelogue,Hanji Scroll with Wooden Rollers
her_273,res://assets/icons/heritage/her_273.png,icon,혜산진 관방망루 장승·서낭당,,"museum-quality illustration of 혜산진 관방망루 장승·서낭당 (Hanging Scroll Travelogue), made of Hanji Scroll with Wooden Rollers, Late Joseon period, Joseon-era Korean ink-and-wash painting (sumukchaesaek) on aged hanji mulberry paper, muted mineral pigments (malachite green, azurite blue, ochre, cinnabar red, ink black), confident brush strokes with dry-brush texture, soft paper grain, restrained palette, in the manner of Kim Hong-do and Jeong Seon, single object centered, plain warm hanji background, soft ambient occlusion, clean silhouette, game item icon, 1:1 --ar 1:1 --style raw","photorealistic, 3d render, anime, chibi, western fantasy, neon, glossy plastic, text, watermark, signature, modern clothing, Chinese Qing costume, Manchu queue hairstyle, Japanese kimono, samurai armor, hakama, hanfu with crossed wide sleeves of Ming court, Japanese katana, multiple objects, hands, cluttered background",Hanging Scroll Travelogue,Hanji Scroll with Wooden Rollers
her_274,res://assets/icons/heritage/her_274.png,icon,삼수군 치소 장승·서낭당,,"museum-quality illustration of 삼수군 치소 장승·서낭당 (Hanging Scroll Travelogue), made of Hanji Scroll with Wooden Rollers, Late Joseon period, Joseon-era Korean ink-and-wash painting (sumukchaesaek) on aged hanji mulberry paper, muted mineral pigments (malachite green, azurite blue, ochre, cinnabar red, ink black), confident brush strokes with dry-brush texture, soft paper grain, restrained palette, in the manner of Kim Hong-do and Jeong Seon, single object centered, plain warm hanji background, soft ambient occlusion, clean silhouette, game item icon, 1:1 --ar 1:1 --style raw","photorealistic, 3d render, anime, chibi, western fantasy, neon, glossy plastic, text, watermark, signature, modern clothing, Chinese Qing costume, Manchu queue hairstyle, Japanese kimono, samurai armor, hakama, hanfu with crossed wide sleeves of Ming court, Japanese katana, multiple objects, hands, cluttered background",Hanging Scroll Travelogue,Hanji Scroll with Wooden Rollers
her_276,res://assets/icons/heritage/her_276.png,icon,부령도호부(청진포),,"museum-quality illustration of 부령도호부(청진포) (Hanging Scroll Travelogue), made of Hanji Scroll with Wooden Rollers, Late Joseon period, Joseon-era Korean ink-and-wash painting (sumukchaesaek) on aged hanji mulberry paper, muted mineral pigments (malachite green, azurite blue, ochre, cinnabar red, ink black), confident brush strokes with dry-brush texture, soft paper grain, restrained palette, in the manner of Kim Hong-do and Jeong Seon, single object centered, plain warm hanji background, soft ambient occlusion, clean silhouette, game item icon, 1:1 --ar 1:1 --style raw","photorealistic, 3d render, anime, chibi, western fantasy, neon, glossy plastic, text, watermark, signature, modern clothing, Chinese Qing costume, Manchu queue hairstyle, Japanese kimono, samurai armor, hakama, hanfu with crossed wide sleeves of Ming court, Japanese katana, multiple objects, hands, cluttered background",Hanging Scroll Travelogue,Hanji Scroll with Wooden Rollers
her_277,res://assets/icons/heritage/her_277.png,icon,무산진 쇠돌광 장승·서낭당,,"museum-quality illustration of 무산진 쇠돌광 장승·서낭당 (Hanging Scroll Travelogue), made of Hanji Scroll with Wooden Rollers, Late Joseon period, Joseon-era Korean ink-and-wash painting (sumukchaesaek) on aged hanji mulberry paper, muted mineral pigments (malachite green, azurite blue, ochre, cinnabar red, ink black), confident brush strokes with dry-brush texture, soft paper grain, restrained palette, in the manner of Kim Hong-do and Jeong Seon, single object centered, plain warm hanji background, soft ambient occlusion, clean silhouette, game item icon, 1:1 --ar 1:1 --style raw","photorealistic, 3d render, anime, chibi, western fantasy, neon, glossy plastic, text, watermark, signature, modern clothing, Chinese Qing costume, Manchu queue hairstyle, Japanese kimono, samurai armor, hakama, hanfu with crossed wide sleeves of Ming court, Japanese katana, multiple objects, hands, cluttered background",Hanging Scroll Travelogue,Hanji Scroll with Wooden Rollers
her_278,res://assets/icons/heritage/her_278.png,icon,나진포 어유진 장승·서낭당,,"museum-quality illustration of 나진포 어유진 장승·서낭당 (Hanging Scroll Travelogue), made of Hanji Scroll with Wooden Rollers, Late Joseon period, Joseon-era Korean ink-and-wash painting (sumukchaesaek) on aged hanji mulberry paper, muted mineral pigments (malachite green, azurite blue, ochre, cinnabar red, ink black), confident brush strokes with dry-brush texture, soft paper grain, restrained palette, in the manner of Kim Hong-do and Jeong Seon, single object centered, plain warm hanji background, soft ambient occlusion, clean silhouette, game item icon, 1:1 --ar 1:1 --style raw","photorealistic, 3d render, anime, chibi, western fantasy, neon, glossy plastic, text, watermark, signature, modern clothing, Chinese Qing costume, Manchu queue hairstyle, Japanese kimono, samurai armor, hakama, hanfu with crossed wide sleeves of Ming court, Japanese katana, multiple objects, hands, cluttered background",Hanging Scroll Travelogue,Hanji Scroll with Wooden Rollers
her_279,res://assets/icons/heritage/her_279.png,icon,경원도호부 아산보 장승·서낭당,,"museum-quality illustration of 경원도호부 아산보 장승·서낭당 (Hanging Scroll Travelogue), made of Hanji Scroll with Wooden Rollers, Late Joseon period, Joseon-era Korean ink-and-wash painting (sumukchaesaek) on aged hanji mulberry paper, muted mineral pigments (malachite green, azurite blue, ochre, cinnabar red, ink black), confident brush strokes with dry-brush texture, soft paper grain, restrained palette, in the manner of Kim Hong-do and Jeong Seon, single object centered, plain warm hanji background, soft ambient occlusion, clean silhouette, game item icon, 1:1 --ar 1:1 --style raw","photorealistic, 3d render, anime, chibi, western fantasy, neon, glossy plastic, text, watermark, signature, modern clothing, Chinese Qing costume, Manchu queue hairstyle, Japanese kimono, samurai armor, hakama, hanfu with crossed wide sleeves of Ming court, Japanese katana, multiple objects, hands, cluttered background",Hanging Scroll Travelogue,Hanji Scroll with Wooden Rollers
her_n002,res://assets/icons/heritage/her_n002.png,icon,제주 불탑사 오층석탑,,"museum-quality illustration of 제주 불탑사 오층석탑 (Hanging Scroll Travelogue), made of Hanji Scroll with Wooden Rollers, Mid Joseon period, Joseon-era Korean ink-and-wash painting (sumukchaesaek) on aged hanji mulberry paper, muted mineral pigments (malachite green, azurite blue, ochre, cinnabar red, ink black), confident brush strokes with dry-brush texture, soft paper grain, restrained palette, in the manner of Kim Hong-do and Jeong Seon, single object centered, plain warm hanji background, soft ambient occlusion, clean silhouette, game item icon, 1:1 --ar 1:1 --style raw","photorealistic, 3d render, anime, chibi, western fantasy, neon, glossy plastic, text, watermark, signature, modern clothing, Chinese Qing costume, Manchu queue hairstyle, Japanese kimono, samurai armor, hakama, hanfu with crossed wide sleeves of Ming court, Japanese katana, multiple objects, hands, cluttered background",Hanging Scroll Travelogue,Hanji Scroll with Wooden Rollers
her_n003,res://assets/icons/heritage/her_n003.png,icon,제주 관덕정,,"museum-quality illustration of 제주 관덕정 (Hanging Scroll Travelogue), made of Hanji Scroll with Wooden Rollers, Mid Joseon period, Joseon-era Korean ink-and-wash painting (sumukchaesaek) on aged hanji mulberry paper, muted mineral pigments (malachite green, azurite blue, ochre, cinnabar red, ink black), confident brush strokes with dry-brush texture, soft paper grain, restrained palette, in the manner of Kim Hong-do and Jeong Seon, single object centered, plain warm hanji background, soft ambient occlusion, clean silhouette, game item icon, 1:1 --ar 1:1 --style raw","photorealistic, 3d render, anime, chibi, western fantasy, neon, glossy plastic, text, watermark, signature, modern clothing, Chinese Qing costume, Manchu queue hairstyle, Japanese kimono, samurai armor, hakama, hanfu with crossed wide sleeves of Ming court, Japanese katana, multiple objects, hands, cluttered background",Hanging Scroll Travelogue,Hanji Scroll with Wooden Rollers
her_n006,res://assets/icons/heritage/her_n006.png,icon,대정향교 대성전,,"museum-quality illustration of 대정향교 대성전 (Hanging Scroll Travelogue), made of Hanji Scroll with Wooden Rollers, Mid Joseon period, Joseon-era Korean ink-and-wash painting (sumukchaesaek) on aged hanji mulberry paper, muted mineral pigments (malachite green, azurite blue, ochre, cinnabar red, ink black), confident brush strokes with dry-brush texture, soft paper grain, restrained palette, in the manner of Kim Hong-do and Jeong Seon, single object centered, plain warm hanji background, soft ambient occlusion, clean silhouette, game item icon, 1:1 --ar 1:1 --style raw","photorealistic, 3d render, anime, chibi, western fantasy, neon, glossy plastic, text, watermark, signature, modern clothing, Chinese Qing costume, Manchu queue hairstyle, Japanese kimono, samurai armor, hakama, hanfu with crossed wide sleeves of Ming court, Japanese katana, multiple objects, hands, cluttered background",Hanging Scroll Travelogue,Hanji Scroll with Wooden Rollers
her_n009,res://assets/icons/heritage/her_n009.png,icon,정의현 치소 성곽 및 연희각,,"museum-quality illustration of 정의현 치소 성곽 및 연희각 (Hanging Scroll Travelogue), made of Hanji Scroll with Wooden Rollers, Mid Joseon period, Joseon-era Korean ink-and-wash painting (sumukchaesaek) on aged hanji mulberry paper, muted mineral pigments (malachite green, azurite blue, ochre, cinnabar red, ink black), confident brush strokes with dry-brush texture, soft paper grain, restrained palette, in the manner of Kim Hong-do and Jeong Seon, single object centered, plain warm hanji background, soft ambient occlusion, clean silhouette, game item icon, 1:1 --ar 1:1 --style raw","photorealistic, 3d render, anime, chibi, western fantasy, neon, glossy plastic, text, watermark, signature, modern clothing, Chinese Qing costume, Manchu queue hairstyle, Japanese kimono, samurai armor, hakama, hanfu with crossed wide sleeves of Ming court, Japanese katana, multiple objects, hands, cluttered background",Hanging Scroll Travelogue,Hanji Scroll with Wooden Rollers
her_n011,res://assets/icons/heritage/her_n011.png,icon,한라산 백록담 마애명문,,"museum-quality illustration of 한라산 백록담 마애명문 (Hanging Scroll Travelogue), made of Hanji Scroll with Wooden Rollers, Late Joseon period, Joseon-era Korean ink-and-wash painting (sumukchaesaek) on aged hanji mulberry paper, muted mineral pigments (malachite green, azurite blue, ochre, cinnabar red, ink black), confident brush strokes with dry-brush texture, soft paper grain, restrained palette, in the manner of Kim Hong-do and Jeong Seon, single object centered, plain warm hanji background, soft ambient occlusion, clean silhouette, game item icon, 1:1 --ar 1:1 --style raw","photorealistic, 3d render, anime, chibi, western fantasy, neon, glossy plastic, text, watermark, signature, modern clothing, Chinese Qing costume, Manchu queue hairstyle, Japanese kimono, samurai armor, hakama, hanfu with crossed wide sleeves of Ming court, Japanese katana, multiple objects, hands, cluttered background",Hanging Scroll Travelogue,Hanji Scroll with Wooden Rollers
her_n014,res://assets/icons/heritage/her_n014.png,icon,조천 연북정,,"museum-quality illustration of 조천 연북정 (Hanging Scroll Travelogue), made of Hanji Scroll with Wooden Rollers, Late Joseon period, Joseon-era Korean ink-and-wash painting (sumukchaesaek) on aged hanji mulberry paper, muted mineral pigments (malachite green, azurite blue, ochre, cinnabar red, ink black), confident brush strokes with dry-brush texture, soft paper grain, restrained palette, in the manner of Kim Hong-do and Jeong Seon, single object centered, plain warm hanji background, soft ambient occlusion, clean silhouette, game item icon, 1:1 --ar 1:1 --style raw","photorealistic, 3d render, anime, chibi, western fantasy, neon, glossy plastic, text, watermark, signature, modern clothing, Chinese Qing costume, Manchu queue hairstyle, Japanese kimono, samurai armor, hakama, hanfu with crossed wide sleeves of Ming court, Japanese katana, multiple objects, hands, cluttered background",Hanging Scroll Travelogue,Hanji Scroll with Wooden Rollers
her_n016,res://assets/icons/heritage/her_n016.png,icon,산방산 산방굴사 석간수 석조,,"museum-quality illustration of 산방산 산방굴사 석간수 석조 (Hanging Scroll Travelogue), made of Hanji Scroll with Wooden Rollers, Late Joseon period, Joseon-era Korean ink-and-wash painting (sumukchaesaek) on aged hanji mulberry paper, muted mineral pigments (malachite green, azurite blue, ochre, cinnabar red, ink black), confident brush strokes with dry-brush texture, soft paper grain, restrained palette, in the manner of Kim Hong-do and Jeong Seon, single object centered, plain warm hanji background, soft ambient occlusion, clean silhouette, game item icon, 1:1 --ar 1:1 --style raw","photorealistic, 3d render, anime, chibi, western fantasy, neon, glossy plastic, text, watermark, signature, modern clothing, Chinese Qing costume, Manchu queue hairstyle, Japanese kimono, samurai armor, hakama, hanfu with crossed wide sleeves of Ming court, Japanese katana, multiple objects, hands, cluttered background",Hanging Scroll Travelogue,Hanji Scroll with Wooden Rollers
her_n017,res://assets/icons/heritage/her_n017.png,icon,성산일출봉 수군 만호 망루터,,"museum-quality illustration of 성산일출봉 수군 만호 망루터 (Hanging Scroll Travelogue), made of Hanji Scroll with Wooden Rollers, Late Joseon period, Joseon-era Korean ink-and-wash painting (sumukchaesaek) on aged hanji mulberry paper, muted mineral pigments (malachite green, azurite blue, ochre, cinnabar red, ink black), confident brush strokes with dry-brush texture, soft paper grain, restrained palette, in the manner of Kim Hong-do and Jeong Seon, single object centered, plain warm hanji background, soft ambient occlusion, clean silhouette, game item icon, 1:1 --ar 1:1 --style raw","photorealistic, 3d render, anime, chibi, western fantasy, neon, glossy plastic, text, watermark, signature, modern clothing, Chinese Qing costume, Manchu queue hairstyle, Japanese kimono, samurai armor, hakama, hanfu with crossed wide sleeves of Ming court, Japanese katana, multiple objects, hands, cluttered background",Hanging Scroll Travelogue,Hanji Scroll with Wooden Rollers
her_n021,res://assets/icons/heritage/her_n021.png,icon,서귀포 정방폭포 서불과지 마애석각,,"museum-quality illustration of 서귀포 정방폭포 서불과지 마애석각 (Hanging Scroll Travelogue), made of Hanji Scroll with Wooden Rollers, Late Joseon period, Joseon-era Korean ink-and-wash painting (sumukchaesaek) on aged hanji mulberry paper, muted mineral pigments (malachite green, azurite blue, ochre, cinnabar red, ink black), confident brush strokes with dry-brush texture, soft paper grain, restrained palette, in the manner of Kim Hong-do and Jeong Seon, single object centered, plain warm hanji background, soft ambient occlusion, clean silhouette, game item icon, 1:1 --ar 1:1 --style raw","photorealistic, 3d render, anime, chibi, western fantasy, neon, glossy plastic, text, watermark, signature, modern clothing, Chinese Qing costume, Manchu queue hairstyle, Japanese kimono, samurai armor, hakama, hanfu with crossed wide sleeves of Ming court, Japanese katana, multiple objects, hands, cluttered background",Hanging Scroll Travelogue,Hanji Scroll with Wooden Rollers
her_n022,res://assets/icons/heritage/her_n022.png,icon,해남 대흥사 북미륵암 마애여래좌상,,"museum-quality illustration of 해남 대흥사 북미륵암 마애여래좌상 (Hanging Scroll Travelogue), made of Hanji Scroll with Wooden Rollers, Mid Joseon period, Joseon-era Korean ink-and-wash painting (sumukchaesaek) on aged hanji mulberry paper, muted mineral pigments (malachite green, azurite blue, ochre, cinnabar red, ink black), confident brush strokes with dry-brush texture, soft paper grain, restrained palette, in the manner of Kim Hong-do and Jeong Seon, single object centered, plain warm hanji background, soft ambient occlusion, clean silhouette, game item icon, 1:1 --ar 1:1 --style raw","photorealistic, 3d render, anime, chibi, western fantasy, neon, glossy plastic, text, watermark, signature, modern clothing, Chinese Qing costume, Manchu queue hairstyle, Japanese kimono, samurai armor, hakama, hanfu with crossed wide sleeves of Ming court, Japanese katana, multiple objects, hands, cluttered background",Hanging Scroll Travelogue,Hanji Scroll with Wooden Rollers
her_n023,res://assets/icons/heritage/her_n023.png,icon,강진 무위사 극락보전,,"museum-quality illustration of 강진 무위사 극락보전 (Hanging Scroll Travelogue), made of Hanji Scroll with Wooden Rollers, Mid Joseon period, Joseon-era Korean ink-and-wash painting (sumukchaesaek) on aged hanji mulberry paper, muted mineral pigments (malachite green, azurite blue, ochre, cinnabar red, ink black), confident brush strokes with dry-brush texture, soft paper grain, restrained palette, in the manner of Kim Hong-do and Jeong Seon, single object centered, plain warm hanji background, soft ambient occlusion, clean silhouette, game item icon, 1:1 --ar 1:1 --style raw","photorealistic, 3d render, anime, chibi, western fantasy, neon, glossy plastic, text, watermark, signature, modern clothing, Chinese Qing costume, Manchu queue hairstyle, Japanese kimono, samurai armor, hakama, hanfu with crossed wide sleeves of Ming court, Japanese katana, multiple objects, hands, cluttered background",Hanging Scroll Travelogue,Hanji Scroll with Wooden Rollers
her_n026,res://assets/icons/heritage/her_n026.png,icon,강진 백련사 사적비,,"museum-quality illustration of 강진 백련사 사적비 (Hanging Scroll Travelogue), made of Hanji Scroll with Wooden Rollers, Mid Joseon period, Joseon-era Korean ink-and-wash painting (sumukchaesaek) on aged hanji mulberry paper, muted mineral pigments (malachite green, azurite blue, ochre, cinnabar red, ink black), confident brush strokes with dry-brush texture, soft paper grain, restrained palette, in the manner of Kim Hong-do and Jeong Seon, single object centered, plain warm hanji background, soft ambient occlusion, clean silhouette, game item icon, 1:1 --ar 1:1 --style raw","photorealistic, 3d render, anime, chibi, western fantasy, neon, glossy plastic, text, watermark, signature, modern clothing, Chinese Qing costume, Manchu queue hairstyle, Japanese kimono, samurai armor, hakama, hanfu with crossed wide sleeves of Ming court, Japanese katana, multiple objects, hands, cluttered background",Hanging Scroll Travelogue,Hanji Scroll with Wooden Rollers
her_n029,res://assets/icons/heritage/her_n029.png,icon,완도 묘당도 이충무공 유적,,"museum-quality illustration of 완도 묘당도 이충무공 유적 (Hanging Scroll Travelogue), made of Hanji Scroll with Wooden Rollers, Mid Joseon period, Joseon-era Korean ink-and-wash painting (sumukchaesaek) on aged hanji mulberry paper, muted mineral pigments (malachite green, azurite blue, ochre, cinnabar red, ink black), confident brush strokes with dry-brush texture, soft paper grain, restrained palette, in the manner of Kim Hong-do and Jeong Seon, single object centered, plain warm hanji background, soft ambient occlusion, clean silhouette, game item icon, 1:1 --ar 1:1 --style raw","photorealistic, 3d render, anime, chibi, western fantasy, neon, glossy plastic, text, watermark, signature, modern clothing, Chinese Qing costume, Manchu queue hairstyle, Japanese kimono, samurai armor, hakama, hanfu with crossed wide sleeves of Ming court, Japanese katana, multiple objects, hands, cluttered background",Hanging Scroll Travelogue,Hanji Scroll with Wooden Rollers
her_n033,res://assets/icons/heritage/her_n033.png,icon,해남 미황사 대웅보전,,"museum-quality illustration of 해남 미황사 대웅보전 (Hanging Scroll Travelogue), made of Hanji Scroll with Wooden Rollers, Mid Joseon period, Joseon-era Korean ink-and-wash painting (sumukchaesaek) on aged hanji mulberry paper, muted mineral pigments (malachite green, azurite blue, ochre, cinnabar red, ink black), confident brush strokes with dry-brush texture, soft paper grain, restrained palette, in the manner of Kim Hong-do and Jeong Seon, single object centered, plain warm hanji background, soft ambient occlusion, clean silhouette, game item icon, 1:1 --ar 1:1 --style raw","photorealistic, 3d render, anime, chibi, western fantasy, neon, glossy plastic, text, watermark, signature, modern clothing, Chinese Qing costume, Manchu queue hairstyle, Japanese kimono, samurai armor, hakama, hanfu with crossed wide sleeves of Ming court, Japanese katana, multiple objects, hands, cluttered background",Hanging Scroll Travelogue,Hanji Scroll with Wooden Rollers
her_n034,res://assets/icons/heritage/her_n034.png,icon,완도 보길도 세연정 윤선도 원림,,"museum-quality illustration of 완도 보길도 세연정 윤선도 원림 (Hanging Scroll Travelogue), made of Hanji Scroll with Wooden Rollers, Late Joseon period, Joseon-era Korean ink-and-wash painting (sumukchaesaek) on aged hanji mulberry paper, muted mineral pigments (malachite green, azurite blue, ochre, cinnabar red, ink black), confident brush strokes with dry-brush texture, soft paper grain, restrained palette, in the manner of Kim Hong-do and Jeong Seon, single object centered, plain warm hanji background, soft ambient occlusion, clean silhouette, game item icon, 1:1 --ar 1:1 --style raw","photorealistic, 3d render, anime, chibi, western fantasy, neon, glossy plastic, text, watermark, signature, modern clothing, Chinese Qing costume, Manchu queue hairstyle, Japanese kimono, samurai armor, hakama, hanfu with crossed wide sleeves of Ming court, Japanese katana, multiple objects, hands, cluttered background",Hanging Scroll Travelogue,Hanji Scroll with Wooden Rollers
her_n037,res://assets/icons/heritage/her_n037.png,icon,해남 우수영 명량대첩비,,"museum-quality illustration of 해남 우수영 명량대첩비 (Hanging Scroll Travelogue), made of Hanji Scroll with Wooden Rollers, Mid Joseon period, Joseon-era Korean ink-and-wash painting (sumukchaesaek) on aged hanji mulberry paper, muted mineral pigments (malachite green, azurite blue, ochre, cinnabar red, ink black), confident brush strokes with dry-brush texture, soft paper grain, restrained palette, in the manner of Kim Hong-do and Jeong Seon, single object centered, plain warm hanji background, soft ambient occlusion, clean silhouette, game item icon, 1:1 --ar 1:1 --style raw","photorealistic, 3d render, anime, chibi, western fantasy, neon, glossy plastic, text, watermark, signature, modern clothing, Chinese Qing costume, Manchu queue hairstyle, Japanese kimono, samurai armor, hakama, hanfu with crossed wide sleeves of Ming court, Japanese katana, multiple objects, hands, cluttered background",Hanging Scroll Travelogue,Hanji Scroll with Wooden Rollers
her_n039,res://assets/icons/heritage/her_n039.png,icon,장흥 천관산 동백정 마애선인좌상,,"museum-quality illustration of 장흥 천관산 동백정 마애선인좌상 (Hanging Scroll Travelogue), made of Hanji Scroll with Wooden Rollers, Late Joseon period, Joseon-era Korean ink-and-wash painting (sumukchaesaek) on aged hanji mulberry paper, muted mineral pigments (malachite green, azurite blue, ochre, cinnabar red, ink black), confident brush strokes with dry-brush texture, soft paper grain, restrained palette, in the manner of Kim Hong-do and Jeong Seon, single object centered, plain warm hanji background, soft ambient occlusion, clean silhouette, game item icon, 1:1 --ar 1:1 --style raw","photorealistic, 3d render, anime, chibi, western fantasy, neon, glossy plastic, text, watermark, signature, modern clothing, Chinese Qing costume, Manchu queue hairstyle, Japanese kimono, samurai armor, hakama, hanfu with crossed wide sleeves of Ming court, Japanese katana, multiple objects, hands, cluttered background",Hanging Scroll Travelogue,Hanji Scroll with Wooden Rollers
her_n040,res://assets/icons/heritage/her_n040.png,icon,영암 도갑사 해탈문,,"museum-quality illustration of 영암 도갑사 해탈문 (Hanging Scroll Travelogue), made of Hanji Scroll with Wooden Rollers, Mid Joseon period, Joseon-era Korean ink-and-wash painting (sumukchaesaek) on aged hanji mulberry paper, muted mineral pigments (malachite green, azurite blue, ochre, cinnabar red, ink black), confident brush strokes with dry-brush texture, soft paper grain, restrained palette, in the manner of Kim Hong-do and Jeong Seon, single object centered, plain warm hanji background, soft ambient occlusion, clean silhouette, game item icon, 1:1 --ar 1:1 --style raw","photorealistic, 3d render, anime, chibi, western fantasy, neon, glossy plastic, text, watermark, signature, modern clothing, Chinese Qing costume, Manchu queue hairstyle, Japanese kimono, samurai armor, hakama, hanfu with crossed wide sleeves of Ming court, Japanese katana, multiple objects, hands, cluttered background",Hanging Scroll Travelogue,Hanji Scroll with Wooden Rollers
her_n041,res://assets/icons/heritage/her_n041.png,icon,영암 월출산 마애여래좌상,,"museum-quality illustration of 영암 월출산 마애여래좌상 (Hanging Scroll Travelogue), made of Hanji Scroll with Wooden Rollers, Mid Joseon period, Joseon-era Korean ink-and-wash painting (sumukchaesaek) on aged hanji mulberry paper, muted mineral pigments (malachite green, azurite blue, ochre, cinnabar red, ink black), confident brush strokes with dry-brush texture, soft paper grain, restrained palette, in the manner of Kim Hong-do and Jeong Seon, single object centered, plain warm hanji background, soft ambient occlusion, clean silhouette, game item icon, 1:1 --ar 1:1 --style raw","photorealistic, 3d render, anime, chibi, western fantasy, neon, glossy plastic, text, watermark, signature, modern clothing, Chinese Qing costume, Manchu queue hairstyle, Japanese kimono, samurai armor, hakama, hanfu with crossed wide sleeves of Ming court, Japanese katana, multiple objects, hands, cluttered background",Hanging Scroll Travelogue,Hanji Scroll with Wooden Rollers
her_n043,res://assets/icons/heritage/her_n043.png,icon,여수 진남관,,"museum-quality illustration of 여수 진남관 (Hanging Scroll Travelogue), made of Hanji Scroll with Wooden Rollers, Early Joseon period, Joseon-era Korean ink-and-wash painting (sumukchaesaek) on aged hanji mulberry paper, muted mineral pigments (malachite green, azurite blue, ochre, cinnabar red, ink black), confident brush strokes with dry-brush texture, soft paper grain, restrained palette, in the manner of Kim Hong-do and Jeong Seon, single object centered, plain warm hanji background, soft ambient occlusion, clean silhouette, game item icon, 1:1 --ar 1:1 --style raw","photorealistic, 3d render, anime, chibi, western fantasy, neon, glossy plastic, text, watermark, signature, modern clothing, Chinese Qing costume, Manchu queue hairstyle, Japanese kimono, samurai armor, hakama, hanfu with crossed wide sleeves of Ming court, Japanese katana, multiple objects, hands, cluttered background",Hanging Scroll Travelogue,Hanji Scroll with Wooden Rollers
her_n044,res://assets/icons/heritage/her_n044.png,icon,순천 송광사 국사전,,"museum-quality illustration of 순천 송광사 국사전 (Hanging Scroll Travelogue), made of Hanji Scroll with Wooden Rollers, Early Joseon period, Joseon-era Korean ink-and-wash painting (sumukchaesaek) on aged hanji mulberry paper, muted mineral pigments (malachite green, azurite blue, ochre, cinnabar red, ink black), confident brush strokes with dry-brush texture, soft paper grain, restrained palette, in the manner of Kim Hong-do and Jeong Seon, single object centered, plain warm hanji background, soft ambient occlusion, clean silhouette, game item icon, 1:1 --ar 1:1 --style raw","photorealistic, 3d render, anime, chibi, western fantasy, neon, glossy plastic, text, watermark, signature, modern clothing, Chinese Qing costume, Manchu queue hairstyle, Japanese kimono, samurai armor, hakama, hanfu with crossed wide sleeves of Ming court, Japanese katana, multiple objects, hands, cluttered background",Hanging Scroll Travelogue,Hanji Scroll with Wooden Rollers
her_n045,res://assets/icons/heritage/her_n045.png,icon,순천 선암사 승선교,,"museum-quality illustration of 순천 선암사 승선교 (Hanging Scroll Travelogue), made of Hanji Scroll with Wooden Rollers, Mid Joseon period, Joseon-era Korean ink-and-wash painting (sumukchaesaek) on aged hanji mulberry paper, muted mineral pigments (malachite green, azurite blue, ochre, cinnabar red, ink black), confident brush strokes with dry-brush texture, soft paper grain, restrained palette, in the manner of Kim Hong-do and Jeong Seon, single object centered, plain warm hanji background, soft ambient occlusion, clean silhouette, game item icon, 1:1 --ar 1:1 --style raw","photorealistic, 3d render, anime, chibi, western fantasy, neon, glossy plastic, text, watermark, signature, modern clothing, Chinese Qing costume, Manchu queue hairstyle, Japanese kimono, samurai armor, hakama, hanfu with crossed wide sleeves of Ming court, Japanese katana, multiple objects, hands, cluttered background",Hanging Scroll Travelogue,Hanji Scroll with Wooden Rollers
her_n046,res://assets/icons/heritage/her_n046.png,icon,광양 옥룡사지 선각국사 도선비,,"museum-quality illustration of 광양 옥룡사지 선각국사 도선비 (Hanging Scroll Travelogue), made of Hanji Scroll with Wooden Rollers, Mid Joseon period, Joseon-era Korean ink-and-wash painting (sumukchaesaek) on aged hanji mulberry paper, muted mineral pigments (malachite green, azurite blue, ochre, cinnabar red, ink black), confident brush strokes with dry-brush texture, soft paper grain, restrained palette, in the manner of Kim Hong-do and Jeong Seon, single object centered, plain warm hanji background, soft ambient occlusion, clean silhouette, game item icon, 1:1 --ar 1:1 --style raw","photorealistic, 3d render, anime, chibi, western fantasy, neon, glossy plastic, text, watermark, signature, modern clothing, Chinese Qing costume, Manchu queue hairstyle, Japanese kimono, samurai armor, hakama, hanfu with crossed wide sleeves of Ming court, Japanese katana, multiple objects, hands, cluttered background",Hanging Scroll Travelogue,Hanji Scroll with Wooden Rollers
her_n047,res://assets/icons/heritage/her_n047.png,icon,통영 세병관,,"museum-quality illustration of 통영 세병관 (Hanging Scroll Travelogue), made of Hanji Scroll with Wooden Rollers, Early Joseon period, Joseon-era Korean ink-and-wash painting (sumukchaesaek) on aged hanji mulberry paper, muted mineral pigments (malachite green, azurite blue, ochre, cinnabar red, ink black), confident brush strokes with dry-brush texture, soft paper grain, restrained palette, in the manner of Kim Hong-do and Jeong Seon, single object centered, plain warm hanji background, soft ambient occlusion, clean silhouette, game item icon, 1:1 --ar 1:1 --style raw","photorealistic, 3d render, anime, chibi, western fantasy, neon, glossy plastic, text, watermark, signature, modern clothing, Chinese Qing costume, Manchu queue hairstyle, Japanese kimono, samurai armor, hakama, hanfu with crossed wide sleeves of Ming court, Japanese katana, multiple objects, hands, cluttered background",Hanging Scroll Travelogue,Hanji Scroll with Wooden Rollers
her_n048,res://assets/icons/heritage/her_n048.png,icon,남해 금산 보리암 마애불,,"museum-quality illustration of 남해 금산 보리암 마애불 (Hanging Scroll Travelogue), made of Hanji Scroll with Wooden Rollers, Mid Joseon period, Joseon-era Korean ink-and-wash painting (sumukchaesaek) on aged hanji mulberry paper, muted mineral pigments (malachite green, azurite blue, ochre, cinnabar red, ink black), confident brush strokes with dry-brush texture, soft paper grain, restrained palette, in the manner of Kim Hong-do and Jeong Seon, single object centered, plain warm hanji background, soft ambient occlusion, clean silhouette, game item icon, 1:1 --ar 1:1 --style raw","photorealistic, 3d render, anime, chibi, western fantasy, neon, glossy plastic, text, watermark, signature, modern clothing, Chinese Qing costume, Manchu queue hairstyle, Japanese kimono, samurai armor, hakama, hanfu with crossed wide sleeves of Ming court, Japanese katana, multiple objects, hands, cluttered background",Hanging Scroll Travelogue,Hanji Scroll with Wooden Rollers
her_n049,res://assets/icons/heritage/her_n049.png,icon,여수 흥국사 대웅전,,"museum-quality illustration of 여수 흥국사 대웅전 (Hanging Scroll Travelogue), made of Hanji Scroll with Wooden Rollers, Mid Joseon period, Joseon-era Korean ink-and-wash painting (sumukchaesaek) on aged hanji mulberry paper, muted mineral pigments (malachite green, azurite blue, ochre, cinnabar red, ink black), confident brush strokes with dry-brush texture, soft paper grain, restrained palette, in the manner of Kim Hong-do and Jeong Seon, single object centered, plain warm hanji background, soft ambient occlusion, clean silhouette, game item icon, 1:1 --ar 1:1 --style raw","photorealistic, 3d render, anime, chibi, western fantasy, neon, glossy plastic, text, watermark, signature, modern clothing, Chinese Qing costume, Manchu queue hairstyle, Japanese kimono, samurai armor, hakama, hanfu with crossed wide sleeves of Ming court, Japanese katana, multiple objects, hands, cluttered background",Hanging Scroll Travelogue,Hanji Scroll with Wooden Rollers
her_n050,res://assets/icons/heritage/her_n050.png,icon,남해 관음포 이충무공 전몰유허비,,"museum-quality illustration of 남해 관음포 이충무공 전몰유허비 (Hanging Scroll Travelogue), made of Hanji Scroll with Wooden Rollers, Mid Joseon period, Joseon-era Korean ink-and-wash painting (sumukchaesaek) on aged hanji mulberry paper, muted mineral pigments (malachite green, azurite blue, ochre, cinnabar red, ink black), confident brush strokes with dry-brush texture, soft paper grain, restrained palette, in the manner of Kim Hong-do and Jeong Seon, single object centered, plain warm hanji background, soft ambient occlusion, clean silhouette, game item icon, 1:1 --ar 1:1 --style raw","photorealistic, 3d render, anime, chibi, western fantasy, neon, glossy plastic, text, watermark, signature, modern clothing, Chinese Qing costume, Manchu queue hairstyle, Japanese kimono, samurai armor, hakama, hanfu with crossed wide sleeves of Ming court, Japanese katana, multiple objects, hands, cluttered background",Hanging Scroll Travelogue,Hanji Scroll with Wooden Rollers
her_n053,res://assets/icons/heritage/her_n053.png,icon,여수 주성 삼층석탑,,"museum-quality illustration of 여수 주성 삼층석탑 (Hanging Scroll Travelogue), made of Hanji Scroll with Wooden Rollers, Late Joseon period, Joseon-era Korean ink-and-wash painting (sumukchaesaek) on aged hanji mulberry paper, muted mineral pigments (malachite green, azurite blue, ochre, cinnabar red, ink black), confident brush strokes with dry-brush texture, soft paper grain, restrained palette, in the manner of Kim Hong-do and Jeong Seon, single object centered, plain warm hanji background, soft ambient occlusion, clean silhouette, game item icon, 1:1 --ar 1:1 --style raw","photorealistic, 3d render, anime, chibi, western fantasy, neon, glossy plastic, text, watermark, signature, modern clothing, Chinese Qing costume, Manchu queue hairstyle, Japanese kimono, samurai armor, hakama, hanfu with crossed wide sleeves of Ming court, Japanese katana, multiple objects, hands, cluttered background",Hanging Scroll Travelogue,Hanji Scroll with Wooden Rollers
her_n059,res://assets/icons/heritage/her_n059.png,icon,여수 방어 성곽 진호비,,"museum-quality illustration of 여수 방어 성곽 진호비 (Hanging Scroll Travelogue), made of Hanji Scroll with Wooden Rollers, Late Joseon period, Joseon-era Korean ink-and-wash painting (sumukchaesaek) on aged hanji mulberry paper, muted mineral pigments (malachite green, azurite blue, ochre, cinnabar red, ink black), confident brush strokes with dry-brush texture, soft paper grain, restrained palette, in the manner of Kim Hong-do and Jeong Seon, single object centered, plain warm hanji background, soft ambient occlusion, clean silhouette, game item icon, 1:1 --ar 1:1 --style raw","photorealistic, 3d render, anime, chibi, western fantasy, neon, glossy plastic, text, watermark, signature, modern clothing, Chinese Qing costume, Manchu queue hairstyle, Japanese kimono, samurai armor, hakama, hanfu with crossed wide sleeves of Ming court, Japanese katana, multiple objects, hands, cluttered background",Hanging Scroll Travelogue,Hanji Scroll with Wooden Rollers
her_n064,res://assets/icons/heritage/her_n064.png,icon,동래 범어사 대웅전,,"museum-quality illustration of 동래 범어사 대웅전 (Hanging Scroll Travelogue), made of Hanji Scroll with Wooden Rollers, Mid Joseon period, Joseon-era Korean ink-and-wash painting (sumukchaesaek) on aged hanji mulberry paper, muted mineral pigments (malachite green, azurite blue, ochre, cinnabar red, ink black), confident brush strokes with dry-brush texture, soft paper grain, restrained palette, in the manner of Kim Hong-do and Jeong Seon, single object centered, plain warm hanji background, soft ambient occlusion, clean silhouette, game item icon, 1:1 --ar 1:1 --style raw","photorealistic, 3d render, anime, chibi, western fantasy, neon, glossy plastic, text, watermark, signature, modern clothing, Chinese Qing costume, Manchu queue hairstyle, Japanese kimono, samurai armor, hakama, hanfu with crossed wide sleeves of Ming court, Japanese katana, multiple objects, hands, cluttered background",Hanging Scroll Travelogue,Hanji Scroll with Wooden Rollers
her_n065,res://assets/icons/heritage/her_n065.png,icon,김해 구지봉 수로왕릉비,,"museum-quality illustration of 김해 구지봉 수로왕릉비 (Hanging Scroll Travelogue), made of Hanji Scroll with Wooden Rollers, Mid Joseon period, Joseon-era Korean ink-and-wash painting (sumukchaesaek) on aged hanji mulberry paper, muted mineral pigments (malachite green, azurite blue, ochre, cinnabar red, ink black), confident brush strokes with dry-brush texture, soft paper grain, restrained palette, in the manner of Kim Hong-do and Jeong Seon, single object centered, plain warm hanji background, soft ambient occlusion, clean silhouette, game item icon, 1:1 --ar 1:1 --style raw","photorealistic, 3d render, anime, chibi, western fantasy, neon, glossy plastic, text, watermark, signature, modern clothing, Chinese Qing costume, Manchu queue hairstyle, Japanese kimono, samurai armor, hakama, hanfu with crossed wide sleeves of Ming court, Japanese katana, multiple objects, hands, cluttered background",Hanging Scroll Travelogue,Hanji Scroll with Wooden Rollers
her_n066,res://assets/icons/heritage/her_n066.png,icon,창원 봉림사지 진경대사탑비,,"museum-quality illustration of 창원 봉림사지 진경대사탑비 (Hanging Scroll Travelogue), made of Hanji Scroll with Wooden Rollers, Mid Joseon period, Joseon-era Korean ink-and-wash painting (sumukchaesaek) on aged hanji mulberry paper, muted mineral pigments (malachite green, azurite blue, ochre, cinnabar red, ink black), confident brush strokes with dry-brush texture, soft paper grain, restrained palette, in the manner of Kim Hong-do and Jeong Seon, single object centered, plain warm hanji background, soft ambient occlusion, clean silhouette, game item icon, 1:1 --ar 1:1 --style raw","photorealistic, 3d render, anime, chibi, western fantasy, neon, glossy plastic, text, watermark, signature, modern clothing, Chinese Qing costume, Manchu queue hairstyle, Japanese kimono, samurai armor, hakama, hanfu with crossed wide sleeves of Ming court, Japanese katana, multiple objects, hands, cluttered background",Hanging Scroll Travelogue,Hanji Scroll with Wooden Rollers
her_n068,res://assets/icons/heritage/her_n068.png,icon,나주 금성관,,"museum-quality illustration of 나주 금성관 (Hanging Scroll Travelogue), made of Hanji Scroll with Wooden Rollers, Mid Joseon period, Joseon-era Korean ink-and-wash painting (sumukchaesaek) on aged hanji mulberry paper, muted mineral pigments (malachite green, azurite blue, ochre, cinnabar red, ink black), confident brush strokes with dry-brush texture, soft paper grain, restrained palette, in the manner of Kim Hong-do and Jeong Seon, single object centered, plain warm hanji background, soft ambient occlusion, clean silhouette, game item icon, 1:1 --ar 1:1 --style raw","photorealistic, 3d render, anime, chibi, western fantasy, neon, glossy plastic, text, watermark, signature, modern clothing, Chinese Qing costume, Manchu queue hairstyle, Japanese kimono, samurai armor, hakama, hanfu with crossed wide sleeves of Ming court, Japanese katana, multiple objects, hands, cluttered background",Hanging Scroll Travelogue,Hanji Scroll with Wooden Rollers
her_n073,res://assets/icons/heritage/her_n073.png,icon,광주 주성 삼층석탑,,"museum-quality illustration of 광주 주성 삼층석탑 (Hanging Scroll Travelogue), made of Hanji Scroll with Wooden Rollers, Late Joseon period, Joseon-era Korean ink-and-wash painting (sumukchaesaek) on aged hanji mulberry paper, muted mineral pigments (malachite green, azurite blue, ochre, cinnabar red, ink black), confident brush strokes with dry-brush texture, soft paper grain, restrained palette, in the manner of Kim Hong-do and Jeong Seon, single object centered, plain warm hanji background, soft ambient occlusion, clean silhouette, game item icon, 1:1 --ar 1:1 --style raw","photorealistic, 3d render, anime, chibi, western fantasy, neon, glossy plastic, text, watermark, signature, modern clothing, Chinese Qing costume, Manchu queue hairstyle, Japanese kimono, samurai armor, hakama, hanfu with crossed wide sleeves of Ming court, Japanese katana, multiple objects, hands, cluttered background",Hanging Scroll Travelogue,Hanji Scroll with Wooden Rollers
her_n079,res://assets/icons/heritage/her_n079.png,icon,광주 방어 성곽 진호비,,"museum-quality illustration of 광주 방어 성곽 진호비 (Hanging Scroll Travelogue), made of Hanji Scroll with Wooden Rollers, Late Joseon period, Joseon-era Korean ink-and-wash painting (sumukchaesaek) on aged hanji mulberry paper, muted mineral pigments (malachite green, azurite blue, ochre, cinnabar red, ink black), confident brush strokes with dry-brush texture, soft paper grain, restrained palette, in the manner of Kim Hong-do and Jeong Seon, single object centered, plain warm hanji background, soft ambient occlusion, clean silhouette, game item icon, 1:1 --ar 1:1 --style raw","photorealistic, 3d render, anime, chibi, western fantasy, neon, glossy plastic, text, watermark, signature, modern clothing, Chinese Qing costume, Manchu queue hairstyle, Japanese kimono, samurai armor, hakama, hanfu with crossed wide sleeves of Ming court, Japanese katana, multiple objects, hands, cluttered background",Hanging Scroll Travelogue,Hanji Scroll with Wooden Rollers
her_n082,res://assets/icons/heritage/her_n082.png,icon,경주 불국사 다보탑,,"museum-quality illustration of 경주 불국사 다보탑 (Hanging Scroll Travelogue), made of Hanji Scroll with Wooden Rollers, Mid Joseon period, Joseon-era Korean ink-and-wash painting (sumukchaesaek) on aged hanji mulberry paper, muted mineral pigments (malachite green, azurite blue, ochre, cinnabar red, ink black), confident brush strokes with dry-brush texture, soft paper grain, restrained palette, in the manner of Kim Hong-do and Jeong Seon, single object centered, plain warm hanji background, soft ambient occlusion, clean silhouette, game item icon, 1:1 --ar 1:1 --style raw","photorealistic, 3d render, anime, chibi, western fantasy, neon, glossy plastic, text, watermark, signature, modern clothing, Chinese Qing costume, Manchu queue hairstyle, Japanese kimono, samurai armor, hakama, hanfu with crossed wide sleeves of Ming court, Japanese katana, multiple objects, hands, cluttered background",Hanging Scroll Travelogue,Hanji Scroll with Wooden Rollers
her_n085,res://assets/icons/heritage/her_n085.png,icon,경주 첨성대,,"museum-quality illustration of 경주 첨성대 (Hanging Scroll Travelogue), made of Hanji Scroll with Wooden Rollers, Mid Joseon period, Joseon-era Korean ink-and-wash painting (sumukchaesaek) on aged hanji mulberry paper, muted mineral pigments (malachite green, azurite blue, ochre, cinnabar red, ink black), confident brush strokes with dry-brush texture, soft paper grain, restrained palette, in the manner of Kim Hong-do and Jeong Seon, single object centered, plain warm hanji background, soft ambient occlusion, clean silhouette, game item icon, 1:1 --ar 1:1 --style raw","photorealistic, 3d render, anime, chibi, western fantasy, neon, glossy plastic, text, watermark, signature, modern clothing, Chinese Qing costume, Manchu queue hairstyle, Japanese kimono, samurai armor, hakama, hanfu with crossed wide sleeves of Ming court, Japanese katana, multiple objects, hands, cluttered background",Hanging Scroll Travelogue,Hanji Scroll with Wooden Rollers
her_n086,res://assets/icons/heritage/her_n086.png,icon,대구 달성 도동서원 중정당,,"museum-quality illustration of 대구 달성 도동서원 중정당 (Hanging Scroll Travelogue), made of Hanji Scroll with Wooden Rollers, Mid Joseon period, Joseon-era Korean ink-and-wash painting (sumukchaesaek) on aged hanji mulberry paper, muted mineral pigments (malachite green, azurite blue, ochre, cinnabar red, ink black), confident brush strokes with dry-brush texture, soft paper grain, restrained palette, in the manner of Kim Hong-do and Jeong Seon, single object centered, plain warm hanji background, soft ambient occlusion, clean silhouette, game item icon, 1:1 --ar 1:1 --style raw","photorealistic, 3d render, anime, chibi, western fantasy, neon, glossy plastic, text, watermark, signature, modern clothing, Chinese Qing costume, Manchu queue hairstyle, Japanese kimono, samurai armor, hakama, hanfu with crossed wide sleeves of Ming court, Japanese katana, multiple objects, hands, cluttered background",Hanging Scroll Travelogue,Hanji Scroll with Wooden Rollers
her_n087,res://assets/icons/heritage/her_n087.png,icon,남원 실상사 백장암 삼층석탑,,"museum-quality illustration of 남원 실상사 백장암 삼층석탑 (Hanging Scroll Travelogue), made of Hanji Scroll with Wooden Rollers, Mid Joseon period, Joseon-era Korean ink-and-wash painting (sumukchaesaek) on aged hanji mulberry paper, muted mineral pigments (malachite green, azurite blue, ochre, cinnabar red, ink black), confident brush strokes with dry-brush texture, soft paper grain, restrained palette, in the manner of Kim Hong-do and Jeong Seon, single object centered, plain warm hanji background, soft ambient occlusion, clean silhouette, game item icon, 1:1 --ar 1:1 --style raw","photorealistic, 3d render, anime, chibi, western fantasy, neon, glossy plastic, text, watermark, signature, modern clothing, Chinese Qing costume, Manchu queue hairstyle, Japanese kimono, samurai armor, hakama, hanfu with crossed wide sleeves of Ming court, Japanese katana, multiple objects, hands, cluttered background",Hanging Scroll Travelogue,Hanji Scroll with Wooden Rollers
her_n088,res://assets/icons/heritage/her_n088.png,icon,울산 대곡리 반구대 암각화,,"museum-quality illustration of 울산 대곡리 반구대 암각화 (Hanging Scroll Travelogue), made of Hanji Scroll with Wooden Rollers, Early Joseon period, Joseon-era Korean ink-and-wash painting (sumukchaesaek) on aged hanji mulberry paper, muted mineral pigments (malachite green, azurite blue, ochre, cinnabar red, ink black), confident brush strokes with dry-brush texture, soft paper grain, restrained palette, in the manner of Kim Hong-do and Jeong Seon, single object centered, plain warm hanji background, soft ambient occlusion, clean silhouette, game item icon, 1:1 --ar 1:1 --style raw","photorealistic, 3d render, anime, chibi, western fantasy, neon, glossy plastic, text, watermark, signature, modern clothing, Chinese Qing costume, Manchu queue hairstyle, Japanese kimono, samurai armor, hakama, hanfu with crossed wide sleeves of Ming court, Japanese katana, multiple objects, hands, cluttered background",Hanging Scroll Travelogue,Hanji Scroll with Wooden Rollers
her_n089,res://assets/icons/heritage/her_n089.png,icon,청도 운문사 원응국사비,,"museum-quality illustration of 청도 운문사 원응국사비 (Hanging Scroll Travelogue), made of Hanji Scroll with Wooden Rollers, Mid Joseon period, Joseon-era Korean ink-and-wash painting (sumukchaesaek) on aged hanji mulberry paper, muted mineral pigments (malachite green, azurite blue, ochre, cinnabar red, ink black), confident brush strokes with dry-brush texture, soft paper grain, restrained palette, in the manner of Kim Hong-do and Jeong Seon, single object centered, plain warm hanji background, soft ambient occlusion, clean silhouette, game item icon, 1:1 --ar 1:1 --style raw","photorealistic, 3d render, anime, chibi, western fantasy, neon, glossy plastic, text, watermark, signature, modern clothing, Chinese Qing costume, Manchu queue hairstyle, Japanese kimono, samurai armor, hakama, hanfu with crossed wide sleeves of Ming court, Japanese katana, multiple objects, hands, cluttered background",Hanging Scroll Travelogue,Hanji Scroll with Wooden Rollers
her_n090,res://assets/icons/heritage/her_n090.png,icon,경주 분황사 모전석탑,,"museum-quality illustration of 경주 분황사 모전석탑 (Hanging Scroll Travelogue), made of Hanji Scroll with Wooden Rollers, Early Joseon period, Joseon-era Korean ink-and-wash painting (sumukchaesaek) on aged hanji mulberry paper, muted mineral pigments (malachite green, azurite blue, ochre, cinnabar red, ink black), confident brush strokes with dry-brush texture, soft paper grain, restrained palette, in the manner of Kim Hong-do and Jeong Seon, single object centered, plain warm hanji background, soft ambient occlusion, clean silhouette, game item icon, 1:1 --ar 1:1 --style raw","photorealistic, 3d render, anime, chibi, western fantasy, neon, glossy plastic, text, watermark, signature, modern clothing, Chinese Qing costume, Manchu queue hairstyle, Japanese kimono, samurai armor, hakama, hanfu with crossed wide sleeves of Ming court, Japanese katana, multiple objects, hands, cluttered background",Hanging Scroll Travelogue,Hanji Scroll with Wooden Rollers
her_n091,res://assets/icons/heritage/her_n091.png,icon,구례 화엄사 각황전 앞 석등,,"museum-quality illustration of 구례 화엄사 각황전 앞 석등 (Hanging Scroll Travelogue), made of Hanji Scroll with Wooden Rollers, Early Joseon period, Joseon-era Korean ink-and-wash painting (sumukchaesaek) on aged hanji mulberry paper, muted mineral pigments (malachite green, azurite blue, ochre, cinnabar red, ink black), confident brush strokes with dry-brush texture, soft paper grain, restrained palette, in the manner of Kim Hong-do and Jeong Seon, single object centered, plain warm hanji background, soft ambient occlusion, clean silhouette, game item icon, 1:1 --ar 1:1 --style raw","photorealistic, 3d render, anime, chibi, western fantasy, neon, glossy plastic, text, watermark, signature, modern clothing, Chinese Qing costume, Manchu queue hairstyle, Japanese kimono, samurai armor, hakama, hanfu with crossed wide sleeves of Ming court, Japanese katana, multiple objects, hands, cluttered background",Hanging Scroll Travelogue,Hanji Scroll with Wooden Rollers
her_n093,res://assets/icons/heritage/her_n093.png,icon,대구 주성 삼층석탑,,"museum-quality illustration of 대구 주성 삼층석탑 (Hanging Scroll Travelogue), made of Hanji Scroll with Wooden Rollers, Late Joseon period, Joseon-era Korean ink-and-wash painting (sumukchaesaek) on aged hanji mulberry paper, muted mineral pigments (malachite green, azurite blue, ochre, cinnabar red, ink black), confident brush strokes with dry-brush texture, soft paper grain, restrained palette, in the manner of Kim Hong-do and Jeong Seon, single object centered, plain warm hanji background, soft ambient occlusion, clean silhouette, game item icon, 1:1 --ar 1:1 --style raw","photorealistic, 3d render, anime, chibi, western fantasy, neon, glossy plastic, text, watermark, signature, modern clothing, Chinese Qing costume, Manchu queue hairstyle, Japanese kimono, samurai armor, hakama, hanfu with crossed wide sleeves of Ming court, Japanese katana, multiple objects, hands, cluttered background",Hanging Scroll Travelogue,Hanji Scroll with Wooden Rollers
her_n099,res://assets/icons/heritage/her_n099.png,icon,대구 방어 성곽 진호비,,"museum-quality illustration of 대구 방어 성곽 진호비 (Hanging Scroll Travelogue), made of Hanji Scroll with Wooden Rollers, Late Joseon period, Joseon-era Korean ink-and-wash painting (sumukchaesaek) on aged hanji mulberry paper, muted mineral pigments (malachite green, azurite blue, ochre, cinnabar red, ink black), confident brush strokes with dry-brush texture, soft paper grain, restrained palette, in the manner of Kim Hong-do and Jeong Seon, single object centered, plain warm hanji background, soft ambient occlusion, clean silhouette, game item icon, 1:1 --ar 1:1 --style raw","photorealistic, 3d render, anime, chibi, western fantasy, neon, glossy plastic, text, watermark, signature, modern clothing, Chinese Qing costume, Manchu queue hairstyle, Japanese kimono, samurai armor, hakama, hanfu with crossed wide sleeves of Ming court, Japanese katana, multiple objects, hands, cluttered background",Hanging Scroll Travelogue,Hanji Scroll with Wooden Rollers
her_n106,res://assets/icons/heritage/her_n106.png,icon,김제 금산사 미륵전,,"museum-quality illustration of 김제 금산사 미륵전 (Hanging Scroll Travelogue), made of Hanji Scroll with Wooden Rollers, Mid Joseon period, Joseon-era Korean ink-and-wash painting (sumukchaesaek) on aged hanji mulberry paper, muted mineral pigments (malachite green, azurite blue, ochre, cinnabar red, ink black), confident brush strokes with dry-brush texture, soft paper grain, restrained palette, in the manner of Kim Hong-do and Jeong Seon, single object centered, plain warm hanji background, soft ambient occlusion, clean silhouette, game item icon, 1:1 --ar 1:1 --style raw","photorealistic, 3d render, anime, chibi, western fantasy, neon, glossy plastic, text, watermark, signature, modern clothing, Chinese Qing costume, Manchu queue hairstyle, Japanese kimono, samurai armor, hakama, hanfu with crossed wide sleeves of Ming court, Japanese katana, multiple objects, hands, cluttered background",Hanging Scroll Travelogue,Hanji Scroll with Wooden Rollers
her_n107,res://assets/icons/heritage/her_n107.png,icon,영일 중성리 신라비,,"museum-quality illustration of 영일 중성리 신라비 (Hanging Scroll Travelogue), made of Hanji Scroll with Wooden Rollers, Early Joseon period, Joseon-era Korean ink-and-wash painting (sumukchaesaek) on aged hanji mulberry paper, muted mineral pigments (malachite green, azurite blue, ochre, cinnabar red, ink black), confident brush strokes with dry-brush texture, soft paper grain, restrained palette, in the manner of Kim Hong-do and Jeong Seon, single object centered, plain warm hanji background, soft ambient occlusion, clean silhouette, game item icon, 1:1 --ar 1:1 --style raw","photorealistic, 3d render, anime, chibi, western fantasy, neon, glossy plastic, text, watermark, signature, modern clothing, Chinese Qing costume, Manchu queue hairstyle, Japanese kimono, samurai armor, hakama, hanfu with crossed wide sleeves of Ming court, Japanese katana, multiple objects, hands, cluttered background",Hanging Scroll Travelogue,Hanji Scroll with Wooden Rollers
her_n108,res://assets/icons/heritage/her_n108.png,icon,전주 풍남문,,"museum-quality illustration of 전주 풍남문 (Hanging Scroll Travelogue), made of Hanji Scroll with Wooden Rollers, Mid Joseon period, Joseon-era Korean ink-and-wash painting (sumukchaesaek) on aged hanji mulberry paper, muted mineral pigments (malachite green, azurite blue, ochre, cinnabar red, ink black), confident brush strokes with dry-brush texture, soft paper grain, restrained palette, in the manner of Kim Hong-do and Jeong Seon, single object centered, plain warm hanji background, soft ambient occlusion, clean silhouette, game item icon, 1:1 --ar 1:1 --style raw","photorealistic, 3d render, anime, chibi, western fantasy, neon, glossy plastic, text, watermark, signature, modern clothing, Chinese Qing costume, Manchu queue hairstyle, Japanese kimono, samurai armor, hakama, hanfu with crossed wide sleeves of Ming court, Japanese katana, multiple objects, hands, cluttered background",Hanging Scroll Travelogue,Hanji Scroll with Wooden Rollers
her_n109,res://assets/icons/heritage/her_n109.png,icon,성주 한개마을 북비고택,,"museum-quality illustration of 성주 한개마을 북비고택 (Hanging Scroll Travelogue), made of Hanji Scroll with Wooden Rollers, Late Joseon period, Joseon-era Korean ink-and-wash painting (sumukchaesaek) on aged hanji mulberry paper, muted mineral pigments (malachite green, azurite blue, ochre, cinnabar red, ink black), confident brush strokes with dry-brush texture, soft paper grain, restrained palette, in the manner of Kim Hong-do and Jeong Seon, single object centered, plain warm hanji background, soft ambient occlusion, clean silhouette, game item icon, 1:1 --ar 1:1 --style raw","photorealistic, 3d render, anime, chibi, western fantasy, neon, glossy plastic, text, watermark, signature, modern clothing, Chinese Qing costume, Manchu queue hairstyle, Japanese kimono, samurai armor, hakama, hanfu with crossed wide sleeves of Ming court, Japanese katana, multiple objects, hands, cluttered background",Hanging Scroll Travelogue,Hanji Scroll with Wooden Rollers
her_n110,res://assets/icons/heritage/her_n110.png,icon,영천 은해사 거조암 영산전,,"museum-quality illustration of 영천 은해사 거조암 영산전 (Hanging Scroll Travelogue), made of Hanji Scroll with Wooden Rollers, Mid Joseon period, Joseon-era Korean ink-and-wash painting (sumukchaesaek) on aged hanji mulberry paper, muted mineral pigments (malachite green, azurite blue, ochre, cinnabar red, ink black), confident brush strokes with dry-brush texture, soft paper grain, restrained palette, in the manner of Kim Hong-do and Jeong Seon, single object centered, plain warm hanji background, soft ambient occlusion, clean silhouette, game item icon, 1:1 --ar 1:1 --style raw","photorealistic, 3d render, anime, chibi, western fantasy, neon, glossy plastic, text, watermark, signature, modern clothing, Chinese Qing costume, Manchu queue hairstyle, Japanese kimono, samurai armor, hakama, hanfu with crossed wide sleeves of Ming court, Japanese katana, multiple objects, hands, cluttered background",Hanging Scroll Travelogue,Hanji Scroll with Wooden Rollers
her_n111,res://assets/icons/heritage/her_n111.png,icon,군산 발산리 오층석탑,,"museum-quality illustration of 군산 발산리 오층석탑 (Hanging Scroll Travelogue), made of Hanji Scroll with Wooden Rollers, Mid Joseon period, Joseon-era Korean ink-and-wash painting (sumukchaesaek) on aged hanji mulberry paper, muted mineral pigments (malachite green, azurite blue, ochre, cinnabar red, ink black), confident brush strokes with dry-brush texture, soft paper grain, restrained palette, in the manner of Kim Hong-do and Jeong Seon, single object centered, plain warm hanji background, soft ambient occlusion, clean silhouette, game item icon, 1:1 --ar 1:1 --style raw","photorealistic, 3d render, anime, chibi, western fantasy, neon, glossy plastic, text, watermark, signature, modern clothing, Chinese Qing costume, Manchu queue hairstyle, Japanese kimono, samurai armor, hakama, hanfu with crossed wide sleeves of Ming court, Japanese katana, multiple objects, hands, cluttered background",Hanging Scroll Travelogue,Hanji Scroll with Wooden Rollers
her_n112,res://assets/icons/heritage/her_n112.png,icon,영일 냉수리 신라비,,"museum-quality illustration of 영일 냉수리 신라비 (Hanging Scroll Travelogue), made of Hanji Scroll with Wooden Rollers, Early Joseon period, Joseon-era Korean ink-and-wash painting (sumukchaesaek) on aged hanji mulberry paper, muted mineral pigments (malachite green, azurite blue, ochre, cinnabar red, ink black), confident brush strokes with dry-brush texture, soft paper grain, restrained palette, in the manner of Kim Hong-do and Jeong Seon, single object centered, plain warm hanji background, soft ambient occlusion, clean silhouette, game item icon, 1:1 --ar 1:1 --style raw","photorealistic, 3d render, anime, chibi, western fantasy, neon, glossy plastic, text, watermark, signature, modern clothing, Chinese Qing costume, Manchu queue hairstyle, Japanese kimono, samurai armor, hakama, hanfu with crossed wide sleeves of Ming court, Japanese katana, multiple objects, hands, cluttered background",Hanging Scroll Travelogue,Hanji Scroll with Wooden Rollers
her_n114,res://assets/icons/heritage/her_n114.png,icon,익산 주성 삼층석탑,,"museum-quality illustration of 익산 주성 삼층석탑 (Hanging Scroll Travelogue), made of Hanji Scroll with Wooden Rollers, Late Joseon period, Joseon-era Korean ink-and-wash painting (sumukchaesaek) on aged hanji mulberry paper, muted mineral pigments (malachite green, azurite blue, ochre, cinnabar red, ink black), confident brush strokes with dry-brush texture, soft paper grain, restrained palette, in the manner of Kim Hong-do and Jeong Seon, single object centered, plain warm hanji background, soft ambient occlusion, clean silhouette, game item icon, 1:1 --ar 1:1 --style raw","photorealistic, 3d render, anime, chibi, western fantasy, neon, glossy plastic, text, watermark, signature, modern clothing, Chinese Qing costume, Manchu queue hairstyle, Japanese kimono, samurai armor, hakama, hanfu with crossed wide sleeves of Ming court, Japanese katana, multiple objects, hands, cluttered background",Hanging Scroll Travelogue,Hanji Scroll with Wooden Rollers
her_n120,res://assets/icons/heritage/her_n120.png,icon,익산 방어 성곽 진호비,,"museum-quality illustration of 익산 방어 성곽 진호비 (Hanging Scroll Travelogue), made of Hanji Scroll with Wooden Rollers, Late Joseon period, Joseon-era Korean ink-and-wash painting (sumukchaesaek) on aged hanji mulberry paper, muted mineral pigments (malachite green, azurite blue, ochre, cinnabar red, ink black), confident brush strokes with dry-brush texture, soft paper grain, restrained palette, in the manner of Kim Hong-do and Jeong Seon, single object centered, plain warm hanji background, soft ambient occlusion, clean silhouette, game item icon, 1:1 --ar 1:1 --style raw","photorealistic, 3d render, anime, chibi, western fantasy, neon, glossy plastic, text, watermark, signature, modern clothing, Chinese Qing costume, Manchu queue hairstyle, Japanese kimono, samurai armor, hakama, hanfu with crossed wide sleeves of Ming court, Japanese katana, multiple objects, hands, cluttered background",Hanging Scroll Travelogue,Hanji Scroll with Wooden Rollers
her_n126,res://assets/icons/heritage/her_n126.png,icon,안동 봉정사 극락전,,"museum-quality illustration of 안동 봉정사 극락전 (Hanging Scroll Travelogue), made of Hanji Scroll with Wooden Rollers, Early Joseon period, Joseon-era Korean ink-and-wash painting (sumukchaesaek) on aged hanji mulberry paper, muted mineral pigments (malachite green, azurite blue, ochre, cinnabar red, ink black), confident brush strokes with dry-brush texture, soft paper grain, restrained palette, in the manner of Kim Hong-do and Jeong Seon, single object centered, plain warm hanji background, soft ambient occlusion, clean silhouette, game item icon, 1:1 --ar 1:1 --style raw","photorealistic, 3d render, anime, chibi, western fantasy, neon, glossy plastic, text, watermark, signature, modern clothing, Chinese Qing costume, Manchu queue hairstyle, Japanese kimono, samurai armor, hakama, hanfu with crossed wide sleeves of Ming court, Japanese katana, multiple objects, hands, cluttered background",Hanging Scroll Travelogue,Hanji Scroll with Wooden Rollers
her_n127,res://assets/icons/heritage/her_n127.png,icon,안동 도산서원 전교당,,"museum-quality illustration of 안동 도산서원 전교당 (Hanging Scroll Travelogue), made of Hanji Scroll with Wooden Rollers, Mid Joseon period, Joseon-era Korean ink-and-wash painting (sumukchaesaek) on aged hanji mulberry paper, muted mineral pigments (malachite green, azurite blue, ochre, cinnabar red, ink black), confident brush strokes with dry-brush texture, soft paper grain, restrained palette, in the manner of Kim Hong-do and Jeong Seon, single object centered, plain warm hanji background, soft ambient occlusion, clean silhouette, game item icon, 1:1 --ar 1:1 --style raw","photorealistic, 3d render, anime, chibi, western fantasy, neon, glossy plastic, text, watermark, signature, modern clothing, Chinese Qing costume, Manchu queue hairstyle, Japanese kimono, samurai armor, hakama, hanfu with crossed wide sleeves of Ming court, Japanese katana, multiple objects, hands, cluttered background",Hanging Scroll Travelogue,Hanji Scroll with Wooden Rollers
her_n130,res://assets/icons/heritage/her_n130.png,icon,논산 쌍계사 대웅전,,"museum-quality illustration of 논산 쌍계사 대웅전 (Hanging Scroll Travelogue), made of Hanji Scroll with Wooden Rollers, Mid Joseon period, Joseon-era Korean ink-and-wash painting (sumukchaesaek) on aged hanji mulberry paper, muted mineral pigments (malachite green, azurite blue, ochre, cinnabar red, ink black), confident brush strokes with dry-brush texture, soft paper grain, restrained palette, in the manner of Kim Hong-do and Jeong Seon, single object centered, plain warm hanji background, soft ambient occlusion, clean silhouette, game item icon, 1:1 --ar 1:1 --style raw","photorealistic, 3d render, anime, chibi, western fantasy, neon, glossy plastic, text, watermark, signature, modern clothing, Chinese Qing costume, Manchu queue hairstyle, Japanese kimono, samurai armor, hakama, hanfu with crossed wide sleeves of Ming court, Japanese katana, multiple objects, hands, cluttered background",Hanging Scroll Travelogue,Hanji Scroll with Wooden Rollers
her_n132,res://assets/icons/heritage/her_n132.png,icon,구미 채미정 길재 유허각,,"museum-quality illustration of 구미 채미정 길재 유허각 (Hanging Scroll Travelogue), made of Hanji Scroll with Wooden Rollers, Mid Joseon period, Joseon-era Korean ink-and-wash painting (sumukchaesaek) on aged hanji mulberry paper, muted mineral pigments (malachite green, azurite blue, ochre, cinnabar red, ink black), confident brush strokes with dry-brush texture, soft paper grain, restrained palette, in the manner of Kim Hong-do and Jeong Seon, single object centered, plain warm hanji background, soft ambient occlusion, clean silhouette, game item icon, 1:1 --ar 1:1 --style raw","photorealistic, 3d render, anime, chibi, western fantasy, neon, glossy plastic, text, watermark, signature, modern clothing, Chinese Qing costume, Manchu queue hairstyle, Japanese kimono, samurai armor, hakama, hanfu with crossed wide sleeves of Ming court, Japanese katana, multiple objects, hands, cluttered background",Hanging Scroll Travelogue,Hanji Scroll with Wooden Rollers
her_n134,res://assets/icons/heritage/her_n134.png,icon,부여 주성 삼층석탑,,"museum-quality illustration of 부여 주성 삼층석탑 (Hanging Scroll Travelogue), made of Hanji Scroll with Wooden Rollers, Late Joseon period, Joseon-era Korean ink-and-wash painting (sumukchaesaek) on aged hanji mulberry paper, muted mineral pigments (malachite green, azurite blue, ochre, cinnabar red, ink black), confident brush strokes with dry-brush texture, soft paper grain, restrained palette, in the manner of Kim Hong-do and Jeong Seon, single object centered, plain warm hanji background, soft ambient occlusion, clean silhouette, game item icon, 1:1 --ar 1:1 --style raw","photorealistic, 3d render, anime, chibi, western fantasy, neon, glossy plastic, text, watermark, signature, modern clothing, Chinese Qing costume, Manchu queue hairstyle, Japanese kimono, samurai armor, hakama, hanfu with crossed wide sleeves of Ming court, Japanese katana, multiple objects, hands, cluttered background",Hanging Scroll Travelogue,Hanji Scroll with Wooden Rollers
her_n140,res://assets/icons/heritage/her_n140.png,icon,부여 방어 성곽 진호비,,"museum-quality illustration of 부여 방어 성곽 진호비 (Hanging Scroll Travelogue), made of Hanji Scroll with Wooden Rollers, Late Joseon period, Joseon-era Korean ink-and-wash painting (sumukchaesaek) on aged hanji mulberry paper, muted mineral pigments (malachite green, azurite blue, ochre, cinnabar red, ink black), confident brush strokes with dry-brush texture, soft paper grain, restrained palette, in the manner of Kim Hong-do and Jeong Seon, single object centered, plain warm hanji background, soft ambient occlusion, clean silhouette, game item icon, 1:1 --ar 1:1 --style raw","photorealistic, 3d render, anime, chibi, western fantasy, neon, glossy plastic, text, watermark, signature, modern clothing, Chinese Qing costume, Manchu queue hairstyle, Japanese kimono, samurai armor, hakama, hanfu with crossed wide sleeves of Ming court, Japanese katana, multiple objects, hands, cluttered background",Hanging Scroll Travelogue,Hanji Scroll with Wooden Rollers
her_n144,res://assets/icons/heritage/her_n144.png,icon,영주 부석사 무량수전,,"museum-quality illustration of 영주 부석사 무량수전 (Hanging Scroll Travelogue), made of Hanji Scroll with Wooden Rollers, Early Joseon period, Joseon-era Korean ink-and-wash painting (sumukchaesaek) on aged hanji mulberry paper, muted mineral pigments (malachite green, azurite blue, ochre, cinnabar red, ink black), confident brush strokes with dry-brush texture, soft paper grain, restrained palette, in the manner of Kim Hong-do and Jeong Seon, single object centered, plain warm hanji background, soft ambient occlusion, clean silhouette, game item icon, 1:1 --ar 1:1 --style raw","photorealistic, 3d render, anime, chibi, western fantasy, neon, glossy plastic, text, watermark, signature, modern clothing, Chinese Qing costume, Manchu queue hairstyle, Japanese kimono, samurai armor, hakama, hanfu with crossed wide sleeves of Ming court, Japanese katana, multiple objects, hands, cluttered background",Hanging Scroll Travelogue,Hanji Scroll with Wooden Rollers
her_n146,res://assets/icons/heritage/her_n146.png,icon,보은 법주사 팔상전,,"museum-quality illustration of 보은 법주사 팔상전 (Hanging Scroll Travelogue), made of Hanji Scroll with Wooden Rollers, Mid Joseon period, Joseon-era Korean ink-and-wash painting (sumukchaesaek) on aged hanji mulberry paper, muted mineral pigments (malachite green, azurite blue, ochre, cinnabar red, ink black), confident brush strokes with dry-brush texture, soft paper grain, restrained palette, in the manner of Kim Hong-do and Jeong Seon, single object centered, plain warm hanji background, soft ambient occlusion, clean silhouette, game item icon, 1:1 --ar 1:1 --style raw","photorealistic, 3d render, anime, chibi, western fantasy, neon, glossy plastic, text, watermark, signature, modern clothing, Chinese Qing costume, Manchu queue hairstyle, Japanese kimono, samurai armor, hakama, hanfu with crossed wide sleeves of Ming court, Japanese katana, multiple objects, hands, cluttered background",Hanging Scroll Travelogue,Hanji Scroll with Wooden Rollers
her_n147,res://assets/icons/heritage/her_n147.png,icon,보은 법주사 쌍사자 석등,,"museum-quality illustration of 보은 법주사 쌍사자 석등 (Hanging Scroll Travelogue), made of Hanji Scroll with Wooden Rollers, Early Joseon period, Joseon-era Korean ink-and-wash painting (sumukchaesaek) on aged hanji mulberry paper, muted mineral pigments (malachite green, azurite blue, ochre, cinnabar red, ink black), confident brush strokes with dry-brush texture, soft paper grain, restrained palette, in the manner of Kim Hong-do and Jeong Seon, single object centered, plain warm hanji background, soft ambient occlusion, clean silhouette, game item icon, 1:1 --ar 1:1 --style raw","photorealistic, 3d render, anime, chibi, western fantasy, neon, glossy plastic, text, watermark, signature, modern clothing, Chinese Qing costume, Manchu queue hairstyle, Japanese kimono, samurai armor, hakama, hanfu with crossed wide sleeves of Ming court, Japanese katana, multiple objects, hands, cluttered background",Hanging Scroll Travelogue,Hanji Scroll with Wooden Rollers
her_n149,res://assets/icons/heritage/her_n149.png,icon,문경 봉암사 지증대사탑비,,"museum-quality illustration of 문경 봉암사 지증대사탑비 (Hanging Scroll Travelogue), made of Hanji Scroll with Wooden Rollers, Early Joseon period, Joseon-era Korean ink-and-wash painting (sumukchaesaek) on aged hanji mulberry paper, muted mineral pigments (malachite green, azurite blue, ochre, cinnabar red, ink black), confident brush strokes with dry-brush texture, soft paper grain, restrained palette, in the manner of Kim Hong-do and Jeong Seon, single object centered, plain warm hanji background, soft ambient occlusion, clean silhouette, game item icon, 1:1 --ar 1:1 --style raw","photorealistic, 3d render, anime, chibi, western fantasy, neon, glossy plastic, text, watermark, signature, modern clothing, Chinese Qing costume, Manchu queue hairstyle, Japanese kimono, samurai armor, hakama, hanfu with crossed wide sleeves of Ming court, Japanese katana, multiple objects, hands, cluttered background",Hanging Scroll Travelogue,Hanji Scroll with Wooden Rollers
her_n150,res://assets/icons/heritage/her_n150.png,icon,회덕 동춘당 송준길 종택,,"museum-quality illustration of 회덕 동춘당 송준길 종택 (Hanging Scroll Travelogue), made of Hanji Scroll with Wooden Rollers, Mid Joseon period, Joseon-era Korean ink-and-wash painting (sumukchaesaek) on aged hanji mulberry paper, muted mineral pigments (malachite green, azurite blue, ochre, cinnabar red, ink black), confident brush strokes with dry-brush texture, soft paper grain, restrained palette, in the manner of Kim Hong-do and Jeong Seon, single object centered, plain warm hanji background, soft ambient occlusion, clean silhouette, game item icon, 1:1 --ar 1:1 --style raw","photorealistic, 3d render, anime, chibi, western fantasy, neon, glossy plastic, text, watermark, signature, modern clothing, Chinese Qing costume, Manchu queue hairstyle, Japanese kimono, samurai armor, hakama, hanfu with crossed wide sleeves of Ming court, Japanese katana, multiple objects, hands, cluttered background",Hanging Scroll Travelogue,Hanji Scroll with Wooden Rollers
her_n153,res://assets/icons/heritage/her_n153.png,icon,문경 조령 문경새재 관문,,"museum-quality illustration of 문경 조령 문경새재 관문 (Hanging Scroll Travelogue), made of Hanji Scroll with Wooden Rollers, Mid Joseon period, Joseon-era Korean ink-and-wash painting (sumukchaesaek) on aged hanji mulberry paper, muted mineral pigments (malachite green, azurite blue, ochre, cinnabar red, ink black), confident brush strokes with dry-brush texture, soft paper grain, restrained palette, in the manner of Kim Hong-do and Jeong Seon, single object centered, plain warm hanji background, soft ambient occlusion, clean silhouette, game item icon, 1:1 --ar 1:1 --style raw","photorealistic, 3d render, anime, chibi, western fantasy, neon, glossy plastic, text, watermark, signature, modern clothing, Chinese Qing costume, Manchu queue hairstyle, Japanese kimono, samurai armor, hakama, hanfu with crossed wide sleeves of Ming court, Japanese katana, multiple objects, hands, cluttered background",Hanging Scroll Travelogue,Hanji Scroll with Wooden Rollers
her_n155,res://assets/icons/heritage/her_n155.png,icon,청주 주성 삼층석탑,,"museum-quality illustration of 청주 주성 삼층석탑 (Hanging Scroll Travelogue), made of Hanji Scroll with Wooden Rollers, Late Joseon period, Joseon-era Korean ink-and-wash painting (sumukchaesaek) on aged hanji mulberry paper, muted mineral pigments (malachite green, azurite blue, ochre, cinnabar red, ink black), confident brush strokes with dry-brush texture, soft paper grain, restrained palette, in the manner of Kim Hong-do and Jeong Seon, single object centered, plain warm hanji background, soft ambient occlusion, clean silhouette, game item icon, 1:1 --ar 1:1 --style raw","photorealistic, 3d render, anime, chibi, western fantasy, neon, glossy plastic, text, watermark, signature, modern clothing, Chinese Qing costume, Manchu queue hairstyle, Japanese kimono, samurai armor, hakama, hanfu with crossed wide sleeves of Ming court, Japanese katana, multiple objects, hands, cluttered background",Hanging Scroll Travelogue,Hanji Scroll with Wooden Rollers
her_n161,res://assets/icons/heritage/her_n161.png,icon,문경 방어 성곽 진호비,,"museum-quality illustration of 문경 방어 성곽 진호비 (Hanging Scroll Travelogue), made of Hanji Scroll with Wooden Rollers, Late Joseon period, Joseon-era Korean ink-and-wash painting (sumukchaesaek) on aged hanji mulberry paper, muted mineral pigments (malachite green, azurite blue, ochre, cinnabar red, ink black), confident brush strokes with dry-brush texture, soft paper grain, restrained palette, in the manner of Kim Hong-do and Jeong Seon, single object centered, plain warm hanji background, soft ambient occlusion, clean silhouette, game item icon, 1:1 --ar 1:1 --style raw","photorealistic, 3d render, anime, chibi, western fantasy, neon, glossy plastic, text, watermark, signature, modern clothing, Chinese Qing costume, Manchu queue hairstyle, Japanese kimono, samurai armor, hakama, hanfu with crossed wide sleeves of Ming court, Japanese katana, multiple objects, hands, cluttered background",Hanging Scroll Travelogue,Hanji Scroll with Wooden Rollers
her_n164,res://assets/icons/heritage/her_n164.png,icon,단양 신라 적성비,,"museum-quality illustration of 단양 신라 적성비 (Hanging Scroll Travelogue), made of Hanji Scroll with Wooden Rollers, Mid Joseon period, Joseon-era Korean ink-and-wash painting (sumukchaesaek) on aged hanji mulberry paper, muted mineral pigments (malachite green, azurite blue, ochre, cinnabar red, ink black), confident brush strokes with dry-brush texture, soft paper grain, restrained palette, in the manner of Kim Hong-do and Jeong Seon, single object centered, plain warm hanji background, soft ambient occlusion, clean silhouette, game item icon, 1:1 --ar 1:1 --style raw","photorealistic, 3d render, anime, chibi, western fantasy, neon, glossy plastic, text, watermark, signature, modern clothing, Chinese Qing costume, Manchu queue hairstyle, Japanese kimono, samurai armor, hakama, hanfu with crossed wide sleeves of Ming court, Japanese katana, multiple objects, hands, cluttered background",Hanging Scroll Travelogue,Hanji Scroll with Wooden Rollers
her_n165,res://assets/icons/heritage/her_n165.png,icon,충주 고구려비,,"museum-quality illustration of 충주 고구려비 (Hanging Scroll Travelogue), made of Hanji Scroll with Wooden Rollers, Mid Joseon period, Joseon-era Korean ink-and-wash painting (sumukchaesaek) on aged hanji mulberry paper, muted mineral pigments (malachite green, azurite blue, ochre, cinnabar red, ink black), confident brush strokes with dry-brush texture, soft paper grain, restrained palette, in the manner of Kim Hong-do and Jeong Seon, single object centered, plain warm hanji background, soft ambient occlusion, clean silhouette, game item icon, 1:1 --ar 1:1 --style raw","photorealistic, 3d render, anime, chibi, western fantasy, neon, glossy plastic, text, watermark, signature, modern clothing, Chinese Qing costume, Manchu queue hairstyle, Japanese kimono, samurai armor, hakama, hanfu with crossed wide sleeves of Ming court, Japanese katana, multiple objects, hands, cluttered background",Hanging Scroll Travelogue,Hanji Scroll with Wooden Rollers
her_n166,res://assets/icons/heritage/her_n166.png,icon,충주 탑평리 칠층석탑(중앙탑),,"museum-quality illustration of 충주 탑평리 칠층석탑(중앙탑) (Hanging Scroll Travelogue), made of Hanji Scroll with Wooden Rollers, Mid Joseon period, Joseon-era Korean ink-and-wash painting (sumukchaesaek) on aged hanji mulberry paper, muted mineral pigments (malachite green, azurite blue, ochre, cinnabar red, ink black), confident brush strokes with dry-brush texture, soft paper grain, restrained palette, in the manner of Kim Hong-do and Jeong Seon, single object centered, plain warm hanji background, soft ambient occlusion, clean silhouette, game item icon, 1:1 --ar 1:1 --style raw","photorealistic, 3d render, anime, chibi, western fantasy, neon, glossy plastic, text, watermark, signature, modern clothing, Chinese Qing costume, Manchu queue hairstyle, Japanese kimono, samurai armor, hakama, hanfu with crossed wide sleeves of Ming court, Japanese katana, multiple objects, hands, cluttered background",Hanging Scroll Travelogue,Hanji Scroll with Wooden Rollers
her_n167,res://assets/icons/heritage/her_n167.png,icon,원주 거돈사지 원공국사탑비,,"museum-quality illustration of 원주 거돈사지 원공국사탑비 (Hanging Scroll Travelogue), made of Hanji Scroll with Wooden Rollers, Mid Joseon period, Joseon-era Korean ink-and-wash painting (sumukchaesaek) on aged hanji mulberry paper, muted mineral pigments (malachite green, azurite blue, ochre, cinnabar red, ink black), confident brush strokes with dry-brush texture, soft paper grain, restrained palette, in the manner of Kim Hong-do and Jeong Seon, single object centered, plain warm hanji background, soft ambient occlusion, clean silhouette, game item icon, 1:1 --ar 1:1 --style raw","photorealistic, 3d render, anime, chibi, western fantasy, neon, glossy plastic, text, watermark, signature, modern clothing, Chinese Qing costume, Manchu queue hairstyle, Japanese kimono, samurai armor, hakama, hanfu with crossed wide sleeves of Ming court, Japanese katana, multiple objects, hands, cluttered background",Hanging Scroll Travelogue,Hanji Scroll with Wooden Rollers
her_n168,res://assets/icons/heritage/her_n168.png,icon,원주 법천사지 지광국사탑비,,"museum-quality illustration of 원주 법천사지 지광국사탑비 (Hanging Scroll Travelogue), made of Hanji Scroll with Wooden Rollers, Early Joseon period, Joseon-era Korean ink-and-wash painting (sumukchaesaek) on aged hanji mulberry paper, muted mineral pigments (malachite green, azurite blue, ochre, cinnabar red, ink black), confident brush strokes with dry-brush texture, soft paper grain, restrained palette, in the manner of Kim Hong-do and Jeong Seon, single object centered, plain warm hanji background, soft ambient occlusion, clean silhouette, game item icon, 1:1 --ar 1:1 --style raw","photorealistic, 3d render, anime, chibi, western fantasy, neon, glossy plastic, text, watermark, signature, modern clothing, Chinese Qing costume, Manchu queue hairstyle, Japanese kimono, samurai armor, hakama, hanfu with crossed wide sleeves of Ming court, Japanese katana, multiple objects, hands, cluttered background",Hanging Scroll Travelogue,Hanji Scroll with Wooden Rollers
her_n169,res://assets/icons/heritage/her_n169.png,icon,영월 장릉 단종 능침,,"museum-quality illustration of 영월 장릉 단종 능침 (Hanging Scroll Travelogue), made of Hanji Scroll with Wooden Rollers, Mid Joseon period, Joseon-era Korean ink-and-wash painting (sumukchaesaek) on aged hanji mulberry paper, muted mineral pigments (malachite green, azurite blue, ochre, cinnabar red, ink black), confident brush strokes with dry-brush texture, soft paper grain, restrained palette, in the manner of Kim Hong-do and Jeong Seon, single object centered, plain warm hanji background, soft ambient occlusion, clean silhouette, game item icon, 1:1 --ar 1:1 --style raw","photorealistic, 3d render, anime, chibi, western fantasy, neon, glossy plastic, text, watermark, signature, modern clothing, Chinese Qing costume, Manchu queue hairstyle, Japanese kimono, samurai armor, hakama, hanfu with crossed wide sleeves of Ming court, Japanese katana, multiple objects, hands, cluttered background",Hanging Scroll Travelogue,Hanji Scroll with Wooden Rollers
her_n171,res://assets/icons/heritage/her_n171.png,icon,울진 봉평리 신라비,,"museum-quality illustration of 울진 봉평리 신라비 (Hanging Scroll Travelogue), made of Hanji Scroll with Wooden Rollers, Early Joseon period, Joseon-era Korean ink-and-wash painting (sumukchaesaek) on aged hanji mulberry paper, muted mineral pigments (malachite green, azurite blue, ochre, cinnabar red, ink black), confident brush strokes with dry-brush texture, soft paper grain, restrained palette, in the manner of Kim Hong-do and Jeong Seon, single object centered, plain warm hanji background, soft ambient occlusion, clean silhouette, game item icon, 1:1 --ar 1:1 --style raw","photorealistic, 3d render, anime, chibi, western fantasy, neon, glossy plastic, text, watermark, signature, modern clothing, Chinese Qing costume, Manchu queue hairstyle, Japanese kimono, samurai armor, hakama, hanfu with crossed wide sleeves of Ming court, Japanese katana, multiple objects, hands, cluttered background",Hanging Scroll Travelogue,Hanji Scroll with Wooden Rollers
her_n172,res://assets/icons/heritage/her_n172.png,icon,제천 점말동굴 구석기 석기,,"museum-quality illustration of 제천 점말동굴 구석기 석기 (Hanging Scroll Travelogue), made of Hanji Scroll with Wooden Rollers, Mid Joseon period, Joseon-era Korean ink-and-wash painting (sumukchaesaek) on aged hanji mulberry paper, muted mineral pigments (malachite green, azurite blue, ochre, cinnabar red, ink black), confident brush strokes with dry-brush texture, soft paper grain, restrained palette, in the manner of Kim Hong-do and Jeong Seon, single object centered, plain warm hanji background, soft ambient occlusion, clean silhouette, game item icon, 1:1 --ar 1:1 --style raw","photorealistic, 3d render, anime, chibi, western fantasy, neon, glossy plastic, text, watermark, signature, modern clothing, Chinese Qing costume, Manchu queue hairstyle, Japanese kimono, samurai armor, hakama, hanfu with crossed wide sleeves of Ming court, Japanese katana, multiple objects, hands, cluttered background",Hanging Scroll Travelogue,Hanji Scroll with Wooden Rollers
her_n173,res://assets/icons/heritage/her_n173.png,icon,단양 구담봉 마애각자,,"museum-quality illustration of 단양 구담봉 마애각자 (Hanging Scroll Travelogue), made of Hanji Scroll with Wooden Rollers, Late Joseon period, Joseon-era Korean ink-and-wash painting (sumukchaesaek) on aged hanji mulberry paper, muted mineral pigments (malachite green, azurite blue, ochre, cinnabar red, ink black), confident brush strokes with dry-brush texture, soft paper grain, restrained palette, in the manner of Kim Hong-do and Jeong Seon, single object centered, plain warm hanji background, soft ambient occlusion, clean silhouette, game item icon, 1:1 --ar 1:1 --style raw","photorealistic, 3d render, anime, chibi, western fantasy, neon, glossy plastic, text, watermark, signature, modern clothing, Chinese Qing costume, Manchu queue hairstyle, Japanese kimono, samurai armor, hakama, hanfu with crossed wide sleeves of Ming court, Japanese katana, multiple objects, hands, cluttered background",Hanging Scroll Travelogue,Hanji Scroll with Wooden Rollers
her_n175,res://assets/icons/heritage/her_n175.png,icon,원주 주성 삼층석탑,,"museum-quality illustration of 원주 주성 삼층석탑 (Hanging Scroll Travelogue), made of Hanji Scroll with Wooden Rollers, Late Joseon period, Joseon-era Korean ink-and-wash painting (sumukchaesaek) on aged hanji mulberry paper, muted mineral pigments (malachite green, azurite blue, ochre, cinnabar red, ink black), confident brush strokes with dry-brush texture, soft paper grain, restrained palette, in the manner of Kim Hong-do and Jeong Seon, single object centered, plain warm hanji background, soft ambient occlusion, clean silhouette, game item icon, 1:1 --ar 1:1 --style raw","photorealistic, 3d render, anime, chibi, western fantasy, neon, glossy plastic, text, watermark, signature, modern clothing, Chinese Qing costume, Manchu queue hairstyle, Japanese kimono, samurai armor, hakama, hanfu with crossed wide sleeves of Ming court, Japanese katana, multiple objects, hands, cluttered background",Hanging Scroll Travelogue,Hanji Scroll with Wooden Rollers
her_n181,res://assets/icons/heritage/her_n181.png,icon,울진 방어 성곽 진호비,,"museum-quality illustration of 울진 방어 성곽 진호비 (Hanging Scroll Travelogue), made of Hanji Scroll with Wooden Rollers, Late Joseon period, Joseon-era Korean ink-and-wash painting (sumukchaesaek) on aged hanji mulberry paper, muted mineral pigments (malachite green, azurite blue, ochre, cinnabar red, ink black), confident brush strokes with dry-brush texture, soft paper grain, restrained palette, in the manner of Kim Hong-do and Jeong Seon, single object centered, plain warm hanji background, soft ambient occlusion, clean silhouette, game item icon, 1:1 --ar 1:1 --style raw","photorealistic, 3d render, anime, chibi, western fantasy, neon, glossy plastic, text, watermark, signature, modern clothing, Chinese Qing costume, Manchu queue hairstyle, Japanese kimono, samurai armor, hakama, hanfu with crossed wide sleeves of Ming court, Japanese katana, multiple objects, hands, cluttered background",Hanging Scroll Travelogue,Hanji Scroll with Wooden Rollers
her_n184,res://assets/icons/heritage/her_n184.png,icon,수원 화성 팔달문,,"museum-quality illustration of 수원 화성 팔달문 (Hanging Scroll Travelogue), made of Hanji Scroll with Wooden Rollers, Mid Joseon period, Joseon-era Korean ink-and-wash painting (sumukchaesaek) on aged hanji mulberry paper, muted mineral pigments (malachite green, azurite blue, ochre, cinnabar red, ink black), confident brush strokes with dry-brush texture, soft paper grain, restrained palette, in the manner of Kim Hong-do and Jeong Seon, single object centered, plain warm hanji background, soft ambient occlusion, clean silhouette, game item icon, 1:1 --ar 1:1 --style raw","photorealistic, 3d render, anime, chibi, western fantasy, neon, glossy plastic, text, watermark, signature, modern clothing, Chinese Qing costume, Manchu queue hairstyle, Japanese kimono, samurai armor, hakama, hanfu with crossed wide sleeves of Ming court, Japanese katana, multiple objects, hands, cluttered background",Hanging Scroll Travelogue,Hanji Scroll with Wooden Rollers
her_n185,res://assets/icons/heritage/her_n185.png,icon,수원 화성 서장대 성곽,,"museum-quality illustration of 수원 화성 서장대 성곽 (Hanging Scroll Travelogue), made of Hanji Scroll with Wooden Rollers, Mid Joseon period, Joseon-era Korean ink-and-wash painting (sumukchaesaek) on aged hanji mulberry paper, muted mineral pigments (malachite green, azurite blue, ochre, cinnabar red, ink black), confident brush strokes with dry-brush texture, soft paper grain, restrained palette, in the manner of Kim Hong-do and Jeong Seon, single object centered, plain warm hanji background, soft ambient occlusion, clean silhouette, game item icon, 1:1 --ar 1:1 --style raw","photorealistic, 3d render, anime, chibi, western fantasy, neon, glossy plastic, text, watermark, signature, modern clothing, Chinese Qing costume, Manchu queue hairstyle, Japanese kimono, samurai armor, hakama, hanfu with crossed wide sleeves of Ming court, Japanese katana, multiple objects, hands, cluttered background",Hanging Scroll Travelogue,Hanji Scroll with Wooden Rollers
her_n186,res://assets/icons/heritage/her_n186.png,icon,여주 신륵사 다층전탑,,"museum-quality illustration of 여주 신륵사 다층전탑 (Hanging Scroll Travelogue), made of Hanji Scroll with Wooden Rollers, Mid Joseon period, Joseon-era Korean ink-and-wash painting (sumukchaesaek) on aged hanji mulberry paper, muted mineral pigments (malachite green, azurite blue, ochre, cinnabar red, ink black), confident brush strokes with dry-brush texture, soft paper grain, restrained palette, in the manner of Kim Hong-do and Jeong Seon, single object centered, plain warm hanji background, soft ambient occlusion, clean silhouette, game item icon, 1:1 --ar 1:1 --style raw","photorealistic, 3d render, anime, chibi, western fantasy, neon, glossy plastic, text, watermark, signature, modern clothing, Chinese Qing costume, Manchu queue hairstyle, Japanese kimono, samurai armor, hakama, hanfu with crossed wide sleeves of Ming court, Japanese katana, multiple objects, hands, cluttered background",Hanging Scroll Travelogue,Hanji Scroll with Wooden Rollers
her_n187,res://assets/icons/heritage/her_n187.png,icon,서산 용현리 마애여래삼존상,,"museum-quality illustration of 서산 용현리 마애여래삼존상 (Hanging Scroll Travelogue), made of Hanji Scroll with Wooden Rollers, Early Joseon period, Joseon-era Korean ink-and-wash painting (sumukchaesaek) on aged hanji mulberry paper, muted mineral pigments (malachite green, azurite blue, ochre, cinnabar red, ink black), confident brush strokes with dry-brush texture, soft paper grain, restrained palette, in the manner of Kim Hong-do and Jeong Seon, single object centered, plain warm hanji background, soft ambient occlusion, clean silhouette, game item icon, 1:1 --ar 1:1 --style raw","photorealistic, 3d render, anime, chibi, western fantasy, neon, glossy plastic, text, watermark, signature, modern clothing, Chinese Qing costume, Manchu queue hairstyle, Japanese kimono, samurai armor, hakama, hanfu with crossed wide sleeves of Ming court, Japanese katana, multiple objects, hands, cluttered background",Hanging Scroll Travelogue,Hanji Scroll with Wooden Rollers
her_n188,res://assets/icons/heritage/her_n188.png,icon,태안 동문리 마애삼존불입상,,"museum-quality illustration of 태안 동문리 마애삼존불입상 (Hanging Scroll Travelogue), made of Hanji Scroll with Wooden Rollers, Early Joseon period, Joseon-era Korean ink-and-wash painting (sumukchaesaek) on aged hanji mulberry paper, muted mineral pigments (malachite green, azurite blue, ochre, cinnabar red, ink black), confident brush strokes with dry-brush texture, soft paper grain, restrained palette, in the manner of Kim Hong-do and Jeong Seon, single object centered, plain warm hanji background, soft ambient occlusion, clean silhouette, game item icon, 1:1 --ar 1:1 --style raw","photorealistic, 3d render, anime, chibi, western fantasy, neon, glossy plastic, text, watermark, signature, modern clothing, Chinese Qing costume, Manchu queue hairstyle, Japanese kimono, samurai armor, hakama, hanfu with crossed wide sleeves of Ming court, Japanese katana, multiple objects, hands, cluttered background",Hanging Scroll Travelogue,Hanji Scroll with Wooden Rollers
her_n193,res://assets/icons/heritage/her_n193.png,icon,여주 명성황후 생가 감고당,,"museum-quality illustration of 여주 명성황후 생가 감고당 (Hanging Scroll Travelogue), made of Hanji Scroll with Wooden Rollers, Late Joseon period, Joseon-era Korean ink-and-wash painting (sumukchaesaek) on aged hanji mulberry paper, muted mineral pigments (malachite green, azurite blue, ochre, cinnabar red, ink black), confident brush strokes with dry-brush texture, soft paper grain, restrained palette, in the manner of Kim Hong-do and Jeong Seon, single object centered, plain warm hanji background, soft ambient occlusion, clean silhouette, game item icon, 1:1 --ar 1:1 --style raw","photorealistic, 3d render, anime, chibi, western fantasy, neon, glossy plastic, text, watermark, signature, modern clothing, Chinese Qing costume, Manchu queue hairstyle, Japanese kimono, samurai armor, hakama, hanfu with crossed wide sleeves of Ming court, Japanese katana, multiple objects, hands, cluttered background",Hanging Scroll Travelogue,Hanji Scroll with Wooden Rollers
her_n195,res://assets/icons/heritage/her_n195.png,icon,남양 주성 삼층석탑,,"museum-quality illustration of 남양 주성 삼층석탑 (Hanging Scroll Travelogue), made of Hanji Scroll with Wooden Rollers, Late Joseon period, Joseon-era Korean ink-and-wash painting (sumukchaesaek) on aged hanji mulberry paper, muted mineral pigments (malachite green, azurite blue, ochre, cinnabar red, ink black), confident brush strokes with dry-brush texture, soft paper grain, restrained palette, in the manner of Kim Hong-do and Jeong Seon, single object centered, plain warm hanji background, soft ambient occlusion, clean silhouette, game item icon, 1:1 --ar 1:1 --style raw","photorealistic, 3d render, anime, chibi, western fantasy, neon, glossy plastic, text, watermark, signature, modern clothing, Chinese Qing costume, Manchu queue hairstyle, Japanese kimono, samurai armor, hakama, hanfu with crossed wide sleeves of Ming court, Japanese katana, multiple objects, hands, cluttered background",Hanging Scroll Travelogue,Hanji Scroll with Wooden Rollers
her_n201,res://assets/icons/heritage/her_n201.png,icon,서산 방어 성곽 진호비,,"museum-quality illustration of 서산 방어 성곽 진호비 (Hanging Scroll Travelogue), made of Hanji Scroll with Wooden Rollers, Late Joseon period, Joseon-era Korean ink-and-wash painting (sumukchaesaek) on aged hanji mulberry paper, muted mineral pigments (malachite green, azurite blue, ochre, cinnabar red, ink black), confident brush strokes with dry-brush texture, soft paper grain, restrained palette, in the manner of Kim Hong-do and Jeong Seon, single object centered, plain warm hanji background, soft ambient occlusion, clean silhouette, game item icon, 1:1 --ar 1:1 --style raw","photorealistic, 3d render, anime, chibi, western fantasy, neon, glossy plastic, text, watermark, signature, modern clothing, Chinese Qing costume, Manchu queue hairstyle, Japanese kimono, samurai armor, hakama, hanfu with crossed wide sleeves of Ming court, Japanese katana, multiple objects, hands, cluttered background",Hanging Scroll Travelogue,Hanji Scroll with Wooden Rollers
her_n204,res://assets/icons/heritage/her_n204.png,icon,한양 숭례문(남대문),,"museum-quality illustration of 한양 숭례문(남대문) (Hanging Scroll Travelogue), made of Hanji Scroll with Wooden Rollers, Early Joseon period, Joseon-era Korean ink-and-wash painting (sumukchaesaek) on aged hanji mulberry paper, muted mineral pigments (malachite green, azurite blue, ochre, cinnabar red, ink black), confident brush strokes with dry-brush texture, soft paper grain, restrained palette, in the manner of Kim Hong-do and Jeong Seon, single object centered, plain warm hanji background, soft ambient occlusion, clean silhouette, game item icon, 1:1 --ar 1:1 --style raw","photorealistic, 3d render, anime, chibi, western fantasy, neon, glossy plastic, text, watermark, signature, modern clothing, Chinese Qing costume, Manchu queue hairstyle, Japanese kimono, samurai armor, hakama, hanfu with crossed wide sleeves of Ming court, Japanese katana, multiple objects, hands, cluttered background",Hanging Scroll Travelogue,Hanji Scroll with Wooden Rollers
her_n205,res://assets/icons/heritage/her_n205.png,icon,한양 흥인지문(동대문),,"museum-quality illustration of 한양 흥인지문(동대문) (Hanging Scroll Travelogue), made of Hanji Scroll with Wooden Rollers, Mid Joseon period, Joseon-era Korean ink-and-wash painting (sumukchaesaek) on aged hanji mulberry paper, muted mineral pigments (malachite green, azurite blue, ochre, cinnabar red, ink black), confident brush strokes with dry-brush texture, soft paper grain, restrained palette, in the manner of Kim Hong-do and Jeong Seon, single object centered, plain warm hanji background, soft ambient occlusion, clean silhouette, game item icon, 1:1 --ar 1:1 --style raw","photorealistic, 3d render, anime, chibi, western fantasy, neon, glossy plastic, text, watermark, signature, modern clothing, Chinese Qing costume, Manchu queue hairstyle, Japanese kimono, samurai armor, hakama, hanfu with crossed wide sleeves of Ming court, Japanese katana, multiple objects, hands, cluttered background",Hanging Scroll Travelogue,Hanji Scroll with Wooden Rollers
her_n206,res://assets/icons/heritage/her_n206.png,icon,한양 원각사지 십층석탑,,"museum-quality illustration of 한양 원각사지 십층석탑 (Hanging Scroll Travelogue), made of Hanji Scroll with Wooden Rollers, Mid Joseon period, Joseon-era Korean ink-and-wash painting (sumukchaesaek) on aged hanji mulberry paper, muted mineral pigments (malachite green, azurite blue, ochre, cinnabar red, ink black), confident brush strokes with dry-brush texture, soft paper grain, restrained palette, in the manner of Kim Hong-do and Jeong Seon, single object centered, plain warm hanji background, soft ambient occlusion, clean silhouette, game item icon, 1:1 --ar 1:1 --style raw","photorealistic, 3d render, anime, chibi, western fantasy, neon, glossy plastic, text, watermark, signature, modern clothing, Chinese Qing costume, Manchu queue hairstyle, Japanese kimono, samurai armor, hakama, hanfu with crossed wide sleeves of Ming court, Japanese katana, multiple objects, hands, cluttered background",Hanging Scroll Travelogue,Hanji Scroll with Wooden Rollers
her_n207,res://assets/icons/heritage/her_n207.png,icon,한양 종묘 정전,,"museum-quality illustration of 한양 종묘 정전 (Hanging Scroll Travelogue), made of Hanji Scroll with Wooden Rollers, Mid Joseon period, Joseon-era Korean ink-and-wash painting (sumukchaesaek) on aged hanji mulberry paper, muted mineral pigments (malachite green, azurite blue, ochre, cinnabar red, ink black), confident brush strokes with dry-brush texture, soft paper grain, restrained palette, in the manner of Kim Hong-do and Jeong Seon, single object centered, plain warm hanji background, soft ambient occlusion, clean silhouette, game item icon, 1:1 --ar 1:1 --style raw","photorealistic, 3d render, anime, chibi, western fantasy, neon, glossy plastic, text, watermark, signature, modern clothing, Chinese Qing costume, Manchu queue hairstyle, Japanese kimono, samurai armor, hakama, hanfu with crossed wide sleeves of Ming court, Japanese katana, multiple objects, hands, cluttered background",Hanging Scroll Travelogue,Hanji Scroll with Wooden Rollers
her_n210,res://assets/icons/heritage/her_n210.png,icon,강화 부근리 지석묘(고인돌),,"museum-quality illustration of 강화 부근리 지석묘(고인돌) (Hanging Scroll Travelogue), made of Hanji Scroll with Wooden Rollers, Mid Joseon period, Joseon-era Korean ink-and-wash painting (sumukchaesaek) on aged hanji mulberry paper, muted mineral pigments (malachite green, azurite blue, ochre, cinnabar red, ink black), confident brush strokes with dry-brush texture, soft paper grain, restrained palette, in the manner of Kim Hong-do and Jeong Seon, single object centered, plain warm hanji background, soft ambient occlusion, clean silhouette, game item icon, 1:1 --ar 1:1 --style raw","photorealistic, 3d render, anime, chibi, western fantasy, neon, glossy plastic, text, watermark, signature, modern clothing, Chinese Qing costume, Manchu queue hairstyle, Japanese kimono, samurai armor, hakama, hanfu with crossed wide sleeves of Ming court, Japanese katana, multiple objects, hands, cluttered background",Hanging Scroll Travelogue,Hanji Scroll with Wooden Rollers
her_n212,res://assets/icons/heritage/her_n212.png,icon,강릉 임영관 삼문,,"museum-quality illustration of 강릉 임영관 삼문 (Hanging Scroll Travelogue), made of Hanji Scroll with Wooden Rollers, Early Joseon period, Joseon-era Korean ink-and-wash painting (sumukchaesaek) on aged hanji mulberry paper, muted mineral pigments (malachite green, azurite blue, ochre, cinnabar red, ink black), confident brush strokes with dry-brush texture, soft paper grain, restrained palette, in the manner of Kim Hong-do and Jeong Seon, single object centered, plain warm hanji background, soft ambient occlusion, clean silhouette, game item icon, 1:1 --ar 1:1 --style raw","photorealistic, 3d render, anime, chibi, western fantasy, neon, glossy plastic, text, watermark, signature, modern clothing, Chinese Qing costume, Manchu queue hairstyle, Japanese kimono, samurai armor, hakama, hanfu with crossed wide sleeves of Ming court, Japanese katana, multiple objects, hands, cluttered background",Hanging Scroll Travelogue,Hanji Scroll with Wooden Rollers
her_n215,res://assets/icons/heritage/her_n215.png,icon,강화 주성 삼층석탑,,"museum-quality illustration of 강화 주성 삼층석탑 (Hanging Scroll Travelogue), made of Hanji Scroll with Wooden Rollers, Late Joseon period, Joseon-era Korean ink-and-wash painting (sumukchaesaek) on aged hanji mulberry paper, muted mineral pigments (malachite green, azurite blue, ochre, cinnabar red, ink black), confident brush strokes with dry-brush texture, soft paper grain, restrained palette, in the manner of Kim Hong-do and Jeong Seon, single object centered, plain warm hanji background, soft ambient occlusion, clean silhouette, game item icon, 1:1 --ar 1:1 --style raw","photorealistic, 3d render, anime, chibi, western fantasy, neon, glossy plastic, text, watermark, signature, modern clothing, Chinese Qing costume, Manchu queue hairstyle, Japanese kimono, samurai armor, hakama, hanfu with crossed wide sleeves of Ming court, Japanese katana, multiple objects, hands, cluttered background",Hanging Scroll Travelogue,Hanji Scroll with Wooden Rollers
her_n221,res://assets/icons/heritage/her_n221.png,icon,강릉 방어 성곽 진호비,,"museum-quality illustration of 강릉 방어 성곽 진호비 (Hanging Scroll Travelogue), made of Hanji Scroll with Wooden Rollers, Late Joseon period, Joseon-era Korean ink-and-wash painting (sumukchaesaek) on aged hanji mulberry paper, muted mineral pigments (malachite green, azurite blue, ochre, cinnabar red, ink black), confident brush strokes with dry-brush texture, soft paper grain, restrained palette, in the manner of Kim Hong-do and Jeong Seon, single object centered, plain warm hanji background, soft ambient occlusion, clean silhouette, game item icon, 1:1 --ar 1:1 --style raw","photorealistic, 3d render, anime, chibi, western fantasy, neon, glossy plastic, text, watermark, signature, modern clothing, Chinese Qing costume, Manchu queue hairstyle, Japanese kimono, samurai armor, hakama, hanfu with crossed wide sleeves of Ming court, Japanese katana, multiple objects, hands, cluttered background",Hanging Scroll Travelogue,Hanji Scroll with Wooden Rollers
her_n225,res://assets/icons/heritage/her_n225.png,icon,파주 용미리 마애이불입상,,"museum-quality illustration of 파주 용미리 마애이불입상 (Hanging Scroll Travelogue), made of Hanji Scroll with Wooden Rollers, Mid Joseon period, Joseon-era Korean ink-and-wash painting (sumukchaesaek) on aged hanji mulberry paper, muted mineral pigments (malachite green, azurite blue, ochre, cinnabar red, ink black), confident brush strokes with dry-brush texture, soft paper grain, restrained palette, in the manner of Kim Hong-do and Jeong Seon, single object centered, plain warm hanji background, soft ambient occlusion, clean silhouette, game item icon, 1:1 --ar 1:1 --style raw","photorealistic, 3d render, anime, chibi, western fantasy, neon, glossy plastic, text, watermark, signature, modern clothing, Chinese Qing costume, Manchu queue hairstyle, Japanese kimono, samurai armor, hakama, hanfu with crossed wide sleeves of Ming court, Japanese katana, multiple objects, hands, cluttered background",Hanging Scroll Travelogue,Hanji Scroll with Wooden Rollers
her_n227,res://assets/icons/heritage/her_n227.png,icon,양양 낙산사 해수관음상 및 칠층석탑,,"museum-quality illustration of 양양 낙산사 해수관음상 및 칠층석탑 (Hanging Scroll Travelogue), made of Hanji Scroll with Wooden Rollers, Mid Joseon period, Joseon-era Korean ink-and-wash painting (sumukchaesaek) on aged hanji mulberry paper, muted mineral pigments (malachite green, azurite blue, ochre, cinnabar red, ink black), confident brush strokes with dry-brush texture, soft paper grain, restrained palette, in the manner of Kim Hong-do and Jeong Seon, single object centered, plain warm hanji background, soft ambient occlusion, clean silhouette, game item icon, 1:1 --ar 1:1 --style raw","photorealistic, 3d render, anime, chibi, western fantasy, neon, glossy plastic, text, watermark, signature, modern clothing, Chinese Qing costume, Manchu queue hairstyle, Japanese kimono, samurai armor, hakama, hanfu with crossed wide sleeves of Ming court, Japanese katana, multiple objects, hands, cluttered background",Hanging Scroll Travelogue,Hanji Scroll with Wooden Rollers
her_n228,res://assets/icons/heritage/her_n228.png,icon,양양 진전사지 삼층석탑,,"museum-quality illustration of 양양 진전사지 삼층석탑 (Hanging Scroll Travelogue), made of Hanji Scroll with Wooden Rollers, Early Joseon period, Joseon-era Korean ink-and-wash painting (sumukchaesaek) on aged hanji mulberry paper, muted mineral pigments (malachite green, azurite blue, ochre, cinnabar red, ink black), confident brush strokes with dry-brush texture, soft paper grain, restrained palette, in the manner of Kim Hong-do and Jeong Seon, single object centered, plain warm hanji background, soft ambient occlusion, clean silhouette, game item icon, 1:1 --ar 1:1 --style raw","photorealistic, 3d render, anime, chibi, western fantasy, neon, glossy plastic, text, watermark, signature, modern clothing, Chinese Qing costume, Manchu queue hairstyle, Japanese kimono, samurai armor, hakama, hanfu with crossed wide sleeves of Ming court, Japanese katana, multiple objects, hands, cluttered background",Hanging Scroll Travelogue,Hanji Scroll with Wooden Rollers
her_n230,res://assets/icons/heritage/her_n230.png,icon,연천 전곡리 아슐리안형 주먹도끼,,"museum-quality illustration of 연천 전곡리 아슐리안형 주먹도끼 (Hanging Scroll Travelogue), made of Hanji Scroll with Wooden Rollers, Mid Joseon period, Joseon-era Korean ink-and-wash painting (sumukchaesaek) on aged hanji mulberry paper, muted mineral pigments (malachite green, azurite blue, ochre, cinnabar red, ink black), confident brush strokes with dry-brush texture, soft paper grain, restrained palette, in the manner of Kim Hong-do and Jeong Seon, single object centered, plain warm hanji background, soft ambient occlusion, clean silhouette, game item icon, 1:1 --ar 1:1 --style raw","photorealistic, 3d render, anime, chibi, western fantasy, neon, glossy plastic, text, watermark, signature, modern clothing, Chinese Qing costume, Manchu queue hairstyle, Japanese kimono, samurai armor, hakama, hanfu with crossed wide sleeves of Ming court, Japanese katana, multiple objects, hands, cluttered background",Hanging Scroll Travelogue,Hanji Scroll with Wooden Rollers
her_n231,res://assets/icons/heritage/her_n231.png,icon,파주 혜음원지 고려 행궁 석조,,"museum-quality illustration of 파주 혜음원지 고려 행궁 석조 (Hanging Scroll Travelogue), made of Hanji Scroll with Wooden Rollers, Late Joseon period, Joseon-era Korean ink-and-wash painting (sumukchaesaek) on aged hanji mulberry paper, muted mineral pigments (malachite green, azurite blue, ochre, cinnabar red, ink black), confident brush strokes with dry-brush texture, soft paper grain, restrained palette, in the manner of Kim Hong-do and Jeong Seon, single object centered, plain warm hanji background, soft ambient occlusion, clean silhouette, game item icon, 1:1 --ar 1:1 --style raw","photorealistic, 3d render, anime, chibi, western fantasy, neon, glossy plastic, text, watermark, signature, modern clothing, Chinese Qing costume, Manchu queue hairstyle, Japanese kimono, samurai armor, hakama, hanfu with crossed wide sleeves of Ming court, Japanese katana, multiple objects, hands, cluttered background",Hanging Scroll Travelogue,Hanji Scroll with Wooden Rollers
her_n233,res://assets/icons/heritage/her_n233.png,icon,고성 건봉사 치아사리탑,,"museum-quality illustration of 고성 건봉사 치아사리탑 (Hanging Scroll Travelogue), made of Hanji Scroll with Wooden Rollers, Late Joseon period, Joseon-era Korean ink-and-wash painting (sumukchaesaek) on aged hanji mulberry paper, muted mineral pigments (malachite green, azurite blue, ochre, cinnabar red, ink black), confident brush strokes with dry-brush texture, soft paper grain, restrained palette, in the manner of Kim Hong-do and Jeong Seon, single object centered, plain warm hanji background, soft ambient occlusion, clean silhouette, game item icon, 1:1 --ar 1:1 --style raw","photorealistic, 3d render, anime, chibi, western fantasy, neon, glossy plastic, text, watermark, signature, modern clothing, Chinese Qing costume, Manchu queue hairstyle, Japanese kimono, samurai armor, hakama, hanfu with crossed wide sleeves of Ming court, Japanese katana, multiple objects, hands, cluttered background",Hanging Scroll Travelogue,Hanji Scroll with Wooden Rollers
her_n236,res://assets/icons/heritage/her_n236.png,icon,철원 주성 삼층석탑,,"museum-quality illustration of 철원 주성 삼층석탑 (Hanging Scroll Travelogue), made of Hanji Scroll with Wooden Rollers, Late Joseon period, Joseon-era Korean ink-and-wash painting (sumukchaesaek) on aged hanji mulberry paper, muted mineral pigments (malachite green, azurite blue, ochre, cinnabar red, ink black), confident brush strokes with dry-brush texture, soft paper grain, restrained palette, in the manner of Kim Hong-do and Jeong Seon, single object centered, plain warm hanji background, soft ambient occlusion, clean silhouette, game item icon, 1:1 --ar 1:1 --style raw","photorealistic, 3d render, anime, chibi, western fantasy, neon, glossy plastic, text, watermark, signature, modern clothing, Chinese Qing costume, Manchu queue hairstyle, Japanese kimono, samurai armor, hakama, hanfu with crossed wide sleeves of Ming court, Japanese katana, multiple objects, hands, cluttered background",Hanging Scroll Travelogue,Hanji Scroll with Wooden Rollers
her_n242,res://assets/icons/heritage/her_n242.png,icon,양양 방어 성곽 진호비,,"museum-quality illustration of 양양 방어 성곽 진호비 (Hanging Scroll Travelogue), made of Hanji Scroll with Wooden Rollers, Late Joseon period, Joseon-era Korean ink-and-wash painting (sumukchaesaek) on aged hanji mulberry paper, muted mineral pigments (malachite green, azurite blue, ochre, cinnabar red, ink black), confident brush strokes with dry-brush texture, soft paper grain, restrained palette, in the manner of Kim Hong-do and Jeong Seon, single object centered, plain warm hanji background, soft ambient occlusion, clean silhouette, game item icon, 1:1 --ar 1:1 --style raw","photorealistic, 3d render, anime, chibi, western fantasy, neon, glossy plastic, text, watermark, signature, modern clothing, Chinese Qing costume, Manchu queue hairstyle, Japanese kimono, samurai armor, hakama, hanfu with crossed wide sleeves of Ming court, Japanese katana, multiple objects, hands, cluttered background",Hanging Scroll Travelogue,Hanji Scroll with Wooden Rollers
her_n245,res://assets/icons/heritage/her_n245.png,icon,개성 경천사지 십층석탑 원터 비,,"museum-quality illustration of 개성 경천사지 십층석탑 원터 비 (Hanging Scroll Travelogue), made of Hanji Scroll with Wooden Rollers, Mid Joseon period, Joseon-era Korean ink-and-wash painting (sumukchaesaek) on aged hanji mulberry paper, muted mineral pigments (malachite green, azurite blue, ochre, cinnabar red, ink black), confident brush strokes with dry-brush texture, soft paper grain, restrained palette, in the manner of Kim Hong-do and Jeong Seon, single object centered, plain warm hanji background, soft ambient occlusion, clean silhouette, game item icon, 1:1 --ar 1:1 --style raw","photorealistic, 3d render, anime, chibi, western fantasy, neon, glossy plastic, text, watermark, signature, modern clothing, Chinese Qing costume, Manchu queue hairstyle, Japanese kimono, samurai armor, hakama, hanfu with crossed wide sleeves of Ming court, Japanese katana, multiple objects, hands, cluttered background",Hanging Scroll Travelogue,Hanji Scroll with Wooden Rollers
her_n246,res://assets/icons/heritage/her_n246.png,icon,연안 읍성 대첩비,,"museum-quality illustration of 연안 읍성 대첩비 (Hanging Scroll Travelogue), made of Hanji Scroll with Wooden Rollers, Mid Joseon period, Joseon-era Korean ink-and-wash painting (sumukchaesaek) on aged hanji mulberry paper, muted mineral pigments (malachite green, azurite blue, ochre, cinnabar red, ink black), confident brush strokes with dry-brush texture, soft paper grain, restrained palette, in the manner of Kim Hong-do and Jeong Seon, single object centered, plain warm hanji background, soft ambient occlusion, clean silhouette, game item icon, 1:1 --ar 1:1 --style raw","photorealistic, 3d render, anime, chibi, western fantasy, neon, glossy plastic, text, watermark, signature, modern clothing, Chinese Qing costume, Manchu queue hairstyle, Japanese kimono, samurai armor, hakama, hanfu with crossed wide sleeves of Ming court, Japanese katana, multiple objects, hands, cluttered background",Hanging Scroll Travelogue,Hanji Scroll with Wooden Rollers
her_n247,res://assets/icons/heritage/her_n247.png,icon,배천 강태공 사당 주초석,,"museum-quality illustration of 배천 강태공 사당 주초석 (Hanging Scroll Travelogue), made of Hanji Scroll with Wooden Rollers, Late Joseon period, Joseon-era Korean ink-and-wash painting (sumukchaesaek) on aged hanji mulberry paper, muted mineral pigments (malachite green, azurite blue, ochre, cinnabar red, ink black), confident brush strokes with dry-brush texture, soft paper grain, restrained palette, in the manner of Kim Hong-do and Jeong Seon, single object centered, plain warm hanji background, soft ambient occlusion, clean silhouette, game item icon, 1:1 --ar 1:1 --style raw","photorealistic, 3d render, anime, chibi, western fantasy, neon, glossy plastic, text, watermark, signature, modern clothing, Chinese Qing costume, Manchu queue hairstyle, Japanese kimono, samurai armor, hakama, hanfu with crossed wide sleeves of Ming court, Japanese katana, multiple objects, hands, cluttered background",Hanging Scroll Travelogue,Hanji Scroll with Wooden Rollers
her_n248,res://assets/icons/heritage/her_n248.png,icon,김화 백현원 승도 석비,,"museum-quality illustration of 김화 백현원 승도 석비 (Hanging Scroll Travelogue), made of Hanji Scroll with Wooden Rollers, Mid Joseon period, Joseon-era Korean ink-and-wash painting (sumukchaesaek) on aged hanji mulberry paper, muted mineral pigments (malachite green, azurite blue, ochre, cinnabar red, ink black), confident brush strokes with dry-brush texture, soft paper grain, restrained palette, in the manner of Kim Hong-do and Jeong Seon, single object centered, plain warm hanji background, soft ambient occlusion, clean silhouette, game item icon, 1:1 --ar 1:1 --style raw","photorealistic, 3d render, anime, chibi, western fantasy, neon, glossy plastic, text, watermark, signature, modern clothing, Chinese Qing costume, Manchu queue hairstyle, Japanese kimono, samurai armor, hakama, hanfu with crossed wide sleeves of Ming court, Japanese katana, multiple objects, hands, cluttered background",Hanging Scroll Travelogue,Hanji Scroll with Wooden Rollers
her_n249,res://assets/icons/heritage/her_n249.png,icon,평강 삼방폭포 마애신선명,,"museum-quality illustration of 평강 삼방폭포 마애신선명 (Hanging Scroll Travelogue), made of Hanji Scroll with Wooden Rollers, Late Joseon period, Joseon-era Korean ink-and-wash painting (sumukchaesaek) on aged hanji mulberry paper, muted mineral pigments (malachite green, azurite blue, ochre, cinnabar red, ink black), confident brush strokes with dry-brush texture, soft paper grain, restrained palette, in the manner of Kim Hong-do and Jeong Seon, single object centered, plain warm hanji background, soft ambient occlusion, clean silhouette, game item icon, 1:1 --ar 1:1 --style raw","photorealistic, 3d render, anime, chibi, western fantasy, neon, glossy plastic, text, watermark, signature, modern clothing, Chinese Qing costume, Manchu queue hairstyle, Japanese kimono, samurai armor, hakama, hanfu with crossed wide sleeves of Ming court, Japanese katana, multiple objects, hands, cluttered background",Hanging Scroll Travelogue,Hanji Scroll with Wooden Rollers
her_n250,res://assets/icons/heritage/her_n250.png,icon,통천 총석정 사선봉 주상절리 각석,,"museum-quality illustration of 통천 총석정 사선봉 주상절리 각석 (Hanging Scroll Travelogue), made of Hanji Scroll with Wooden Rollers, Late Joseon period, Joseon-era Korean ink-and-wash painting (sumukchaesaek) on aged hanji mulberry paper, muted mineral pigments (malachite green, azurite blue, ochre, cinnabar red, ink black), confident brush strokes with dry-brush texture, soft paper grain, restrained palette, in the manner of Kim Hong-do and Jeong Seon, single object centered, plain warm hanji background, soft ambient occlusion, clean silhouette, game item icon, 1:1 --ar 1:1 --style raw","photorealistic, 3d render, anime, chibi, western fantasy, neon, glossy plastic, text, watermark, signature, modern clothing, Chinese Qing costume, Manchu queue hairstyle, Japanese kimono, samurai armor, hakama, hanfu with crossed wide sleeves of Ming court, Japanese katana, multiple objects, hands, cluttered background",Hanging Scroll Travelogue,Hanji Scroll with Wooden Rollers
her_n253,res://assets/icons/heritage/her_n253.png,icon,연안 연릉군 묘역 석인상,,"museum-quality illustration of 연안 연릉군 묘역 석인상 (Hanging Scroll Travelogue), made of Hanji Scroll with Wooden Rollers, Mid Joseon period, Joseon-era Korean ink-and-wash painting (sumukchaesaek) on aged hanji mulberry paper, muted mineral pigments (malachite green, azurite blue, ochre, cinnabar red, ink black), confident brush strokes with dry-brush texture, soft paper grain, restrained palette, in the manner of Kim Hong-do and Jeong Seon, single object centered, plain warm hanji background, soft ambient occlusion, clean silhouette, game item icon, 1:1 --ar 1:1 --style raw","photorealistic, 3d render, anime, chibi, western fantasy, neon, glossy plastic, text, watermark, signature, modern clothing, Chinese Qing costume, Manchu queue hairstyle, Japanese kimono, samurai armor, hakama, hanfu with crossed wide sleeves of Ming court, Japanese katana, multiple objects, hands, cluttered background",Hanging Scroll Travelogue,Hanji Scroll with Wooden Rollers
her_n254,res://assets/icons/heritage/her_n254.png,icon,통천 금란굴 관음보살 석각,,"museum-quality illustration of 통천 금란굴 관음보살 석각 (Hanging Scroll Travelogue), made of Hanji Scroll with Wooden Rollers, Late Joseon period, Joseon-era Korean ink-and-wash painting (sumukchaesaek) on aged hanji mulberry paper, muted mineral pigments (malachite green, azurite blue, ochre, cinnabar red, ink black), confident brush strokes with dry-brush texture, soft paper grain, restrained palette, in the manner of Kim Hong-do and Jeong Seon, single object centered, plain warm hanji background, soft ambient occlusion, clean silhouette, game item icon, 1:1 --ar 1:1 --style raw","photorealistic, 3d render, anime, chibi, western fantasy, neon, glossy plastic, text, watermark, signature, modern clothing, Chinese Qing costume, Manchu queue hairstyle, Japanese kimono, samurai armor, hakama, hanfu with crossed wide sleeves of Ming court, Japanese katana, multiple objects, hands, cluttered background",Hanging Scroll Travelogue,Hanji Scroll with Wooden Rollers
her_n256,res://assets/icons/heritage/her_n256.png,icon,연안 주성 삼층석탑,,"museum-quality illustration of 연안 주성 삼층석탑 (Hanging Scroll Travelogue), made of Hanji Scroll with Wooden Rollers, Late Joseon period, Joseon-era Korean ink-and-wash painting (sumukchaesaek) on aged hanji mulberry paper, muted mineral pigments (malachite green, azurite blue, ochre, cinnabar red, ink black), confident brush strokes with dry-brush texture, soft paper grain, restrained palette, in the manner of Kim Hong-do and Jeong Seon, single object centered, plain warm hanji background, soft ambient occlusion, clean silhouette, game item icon, 1:1 --ar 1:1 --style raw","photorealistic, 3d render, anime, chibi, western fantasy, neon, glossy plastic, text, watermark, signature, modern clothing, Chinese Qing costume, Manchu queue hairstyle, Japanese kimono, samurai armor, hakama, hanfu with crossed wide sleeves of Ming court, Japanese katana, multiple objects, hands, cluttered background",Hanging Scroll Travelogue,Hanji Scroll with Wooden Rollers
her_n262,res://assets/icons/heritage/her_n262.png,icon,평강 방어 성곽 진호비,,"museum-quality illustration of 평강 방어 성곽 진호비 (Hanging Scroll Travelogue), made of Hanji Scroll with Wooden Rollers, Late Joseon period, Joseon-era Korean ink-and-wash painting (sumukchaesaek) on aged hanji mulberry paper, muted mineral pigments (malachite green, azurite blue, ochre, cinnabar red, ink black), confident brush strokes with dry-brush texture, soft paper grain, restrained palette, in the manner of Kim Hong-do and Jeong Seon, single object centered, plain warm hanji background, soft ambient occlusion, clean silhouette, game item icon, 1:1 --ar 1:1 --style raw","photorealistic, 3d render, anime, chibi, western fantasy, neon, glossy plastic, text, watermark, signature, modern clothing, Chinese Qing costume, Manchu queue hairstyle, Japanese kimono, samurai armor, hakama, hanfu with crossed wide sleeves of Ming court, Japanese katana, multiple objects, hands, cluttered background",Hanging Scroll Travelogue,Hanji Scroll with Wooden Rollers
her_n265,res://assets/icons/heritage/her_n265.png,icon,해주 다라니석당,,"museum-quality illustration of 해주 다라니석당 (Hanging Scroll Travelogue), made of Hanji Scroll with Wooden Rollers, Mid Joseon period, Joseon-era Korean ink-and-wash painting (sumukchaesaek) on aged hanji mulberry paper, muted mineral pigments (malachite green, azurite blue, ochre, cinnabar red, ink black), confident brush strokes with dry-brush texture, soft paper grain, restrained palette, in the manner of Kim Hong-do and Jeong Seon, single object centered, plain warm hanji background, soft ambient occlusion, clean silhouette, game item icon, 1:1 --ar 1:1 --style raw","photorealistic, 3d render, anime, chibi, western fantasy, neon, glossy plastic, text, watermark, signature, modern clothing, Chinese Qing costume, Manchu queue hairstyle, Japanese kimono, samurai armor, hakama, hanfu with crossed wide sleeves of Ming court, Japanese katana, multiple objects, hands, cluttered background",Hanging Scroll Travelogue,Hanji Scroll with Wooden Rollers
her_n267,res://assets/icons/heritage/her_n267.png,icon,재령 장수산성 현무문,,"museum-quality illustration of 재령 장수산성 현무문 (Hanging Scroll Travelogue), made of Hanji Scroll with Wooden Rollers, Mid Joseon period, Joseon-era Korean ink-and-wash painting (sumukchaesaek) on aged hanji mulberry paper, muted mineral pigments (malachite green, azurite blue, ochre, cinnabar red, ink black), confident brush strokes with dry-brush texture, soft paper grain, restrained palette, in the manner of Kim Hong-do and Jeong Seon, single object centered, plain warm hanji background, soft ambient occlusion, clean silhouette, game item icon, 1:1 --ar 1:1 --style raw","photorealistic, 3d render, anime, chibi, western fantasy, neon, glossy plastic, text, watermark, signature, modern clothing, Chinese Qing costume, Manchu queue hairstyle, Japanese kimono, samurai armor, hakama, hanfu with crossed wide sleeves of Ming court, Japanese katana, multiple objects, hands, cluttered background",Hanging Scroll Travelogue,Hanji Scroll with Wooden Rollers
her_n268,res://assets/icons/heritage/her_n268.png,icon,해주 신광사 승탑,,"museum-quality illustration of 해주 신광사 승탑 (Hanging Scroll Travelogue), made of Hanji Scroll with Wooden Rollers, Mid Joseon period, Joseon-era Korean ink-and-wash painting (sumukchaesaek) on aged hanji mulberry paper, muted mineral pigments (malachite green, azurite blue, ochre, cinnabar red, ink black), confident brush strokes with dry-brush texture, soft paper grain, restrained palette, in the manner of Kim Hong-do and Jeong Seon, single object centered, plain warm hanji background, soft ambient occlusion, clean silhouette, game item icon, 1:1 --ar 1:1 --style raw","photorealistic, 3d render, anime, chibi, western fantasy, neon, glossy plastic, text, watermark, signature, modern clothing, Chinese Qing costume, Manchu queue hairstyle, Japanese kimono, samurai armor, hakama, hanfu with crossed wide sleeves of Ming court, Japanese katana, multiple objects, hands, cluttered background",Hanging Scroll Travelogue,Hanji Scroll with Wooden Rollers
her_n270,res://assets/icons/heritage/her_n270.png,icon,해주 수양산성 이이 문묘비,,"museum-quality illustration of 해주 수양산성 이이 문묘비 (Hanging Scroll Travelogue), made of Hanji Scroll with Wooden Rollers, Mid Joseon period, Joseon-era Korean ink-and-wash painting (sumukchaesaek) on aged hanji mulberry paper, muted mineral pigments (malachite green, azurite blue, ochre, cinnabar red, ink black), confident brush strokes with dry-brush texture, soft paper grain, restrained palette, in the manner of Kim Hong-do and Jeong Seon, single object centered, plain warm hanji background, soft ambient occlusion, clean silhouette, game item icon, 1:1 --ar 1:1 --style raw","photorealistic, 3d render, anime, chibi, western fantasy, neon, glossy plastic, text, watermark, signature, modern clothing, Chinese Qing costume, Manchu queue hairstyle, Japanese kimono, samurai armor, hakama, hanfu with crossed wide sleeves of Ming court, Japanese katana, multiple objects, hands, cluttered background",Hanging Scroll Travelogue,Hanji Scroll with Wooden Rollers
her_n272,res://assets/icons/heritage/her_n272.png,icon,신계 백련산 관음암 감로수 석조,,"museum-quality illustration of 신계 백련산 관음암 감로수 석조 (Hanging Scroll Travelogue), made of Hanji Scroll with Wooden Rollers, Late Joseon period, Joseon-era Korean ink-and-wash painting (sumukchaesaek) on aged hanji mulberry paper, muted mineral pigments (malachite green, azurite blue, ochre, cinnabar red, ink black), confident brush strokes with dry-brush texture, soft paper grain, restrained palette, in the manner of Kim Hong-do and Jeong Seon, single object centered, plain warm hanji background, soft ambient occlusion, clean silhouette, game item icon, 1:1 --ar 1:1 --style raw","photorealistic, 3d render, anime, chibi, western fantasy, neon, glossy plastic, text, watermark, signature, modern clothing, Chinese Qing costume, Manchu queue hairstyle, Japanese kimono, samurai armor, hakama, hanfu with crossed wide sleeves of Ming court, Japanese katana, multiple objects, hands, cluttered background",Hanging Scroll Travelogue,Hanji Scroll with Wooden Rollers
her_n274,res://assets/icons/heritage/her_n274.png,icon,황주 정방산성 성문,,"museum-quality illustration of 황주 정방산성 성문 (Hanging Scroll Travelogue), made of Hanji Scroll with Wooden Rollers, Mid Joseon period, Joseon-era Korean ink-and-wash painting (sumukchaesaek) on aged hanji mulberry paper, muted mineral pigments (malachite green, azurite blue, ochre, cinnabar red, ink black), confident brush strokes with dry-brush texture, soft paper grain, restrained palette, in the manner of Kim Hong-do and Jeong Seon, single object centered, plain warm hanji background, soft ambient occlusion, clean silhouette, game item icon, 1:1 --ar 1:1 --style raw","photorealistic, 3d render, anime, chibi, western fantasy, neon, glossy plastic, text, watermark, signature, modern clothing, Chinese Qing costume, Manchu queue hairstyle, Japanese kimono, samurai armor, hakama, hanfu with crossed wide sleeves of Ming court, Japanese katana, multiple objects, hands, cluttered background",Hanging Scroll Travelogue,Hanji Scroll with Wooden Rollers
her_n276,res://assets/icons/heritage/her_n276.png,icon,옹진 주성 삼층석탑,,"museum-quality illustration of 옹진 주성 삼층석탑 (Hanging Scroll Travelogue), made of Hanji Scroll with Wooden Rollers, Late Joseon period, Joseon-era Korean ink-and-wash painting (sumukchaesaek) on aged hanji mulberry paper, muted mineral pigments (malachite green, azurite blue, ochre, cinnabar red, ink black), confident brush strokes with dry-brush texture, soft paper grain, restrained palette, in the manner of Kim Hong-do and Jeong Seon, single object centered, plain warm hanji background, soft ambient occlusion, clean silhouette, game item icon, 1:1 --ar 1:1 --style raw","photorealistic, 3d render, anime, chibi, western fantasy, neon, glossy plastic, text, watermark, signature, modern clothing, Chinese Qing costume, Manchu queue hairstyle, Japanese kimono, samurai armor, hakama, hanfu with crossed wide sleeves of Ming court, Japanese katana, multiple objects, hands, cluttered background",Hanging Scroll Travelogue,Hanji Scroll with Wooden Rollers
her_n282,res://assets/icons/heritage/her_n282.png,icon,재령 방어 성곽 진호비,,"museum-quality illustration of 재령 방어 성곽 진호비 (Hanging Scroll Travelogue), made of Hanji Scroll with Wooden Rollers, Late Joseon period, Joseon-era Korean ink-and-wash painting (sumukchaesaek) on aged hanji mulberry paper, muted mineral pigments (malachite green, azurite blue, ochre, cinnabar red, ink black), confident brush strokes with dry-brush texture, soft paper grain, restrained palette, in the manner of Kim Hong-do and Jeong Seon, single object centered, plain warm hanji background, soft ambient occlusion, clean silhouette, game item icon, 1:1 --ar 1:1 --style raw","photorealistic, 3d render, anime, chibi, western fantasy, neon, glossy plastic, text, watermark, signature, modern clothing, Chinese Qing costume, Manchu queue hairstyle, Japanese kimono, samurai armor, hakama, hanfu with crossed wide sleeves of Ming court, Japanese katana, multiple objects, hands, cluttered background",Hanging Scroll Travelogue,Hanji Scroll with Wooden Rollers
her_n286,res://assets/icons/heritage/her_n286.png,icon,평양 연광정,,"museum-quality illustration of 평양 연광정 (Hanging Scroll Travelogue), made of Hanji Scroll with Wooden Rollers, Mid Joseon period, Joseon-era Korean ink-and-wash painting (sumukchaesaek) on aged hanji mulberry paper, muted mineral pigments (malachite green, azurite blue, ochre, cinnabar red, ink black), confident brush strokes with dry-brush texture, soft paper grain, restrained palette, in the manner of Kim Hong-do and Jeong Seon, single object centered, plain warm hanji background, soft ambient occlusion, clean silhouette, game item icon, 1:1 --ar 1:1 --style raw","photorealistic, 3d render, anime, chibi, western fantasy, neon, glossy plastic, text, watermark, signature, modern clothing, Chinese Qing costume, Manchu queue hairstyle, Japanese kimono, samurai armor, hakama, hanfu with crossed wide sleeves of Ming court, Japanese katana, multiple objects, hands, cluttered background",Hanging Scroll Travelogue,Hanji Scroll with Wooden Rollers
her_n287,res://assets/icons/heritage/her_n287.png,icon,평양 을밀대,,"museum-quality illustration of 평양 을밀대 (Hanging Scroll Travelogue), made of Hanji Scroll with Wooden Rollers, Mid Joseon period, Joseon-era Korean ink-and-wash painting (sumukchaesaek) on aged hanji mulberry paper, muted mineral pigments (malachite green, azurite blue, ochre, cinnabar red, ink black), confident brush strokes with dry-brush texture, soft paper grain, restrained palette, in the manner of Kim Hong-do and Jeong Seon, single object centered, plain warm hanji background, soft ambient occlusion, clean silhouette, game item icon, 1:1 --ar 1:1 --style raw","photorealistic, 3d render, anime, chibi, western fantasy, neon, glossy plastic, text, watermark, signature, modern clothing, Chinese Qing costume, Manchu queue hairstyle, Japanese kimono, samurai armor, hakama, hanfu with crossed wide sleeves of Ming court, Japanese katana, multiple objects, hands, cluttered background",Hanging Scroll Travelogue,Hanji Scroll with Wooden Rollers
her_n289,res://assets/icons/heritage/her_n289.png,icon,평양 보통문,,"museum-quality illustration of 평양 보통문 (Hanging Scroll Travelogue), made of Hanji Scroll with Wooden Rollers, Mid Joseon period, Joseon-era Korean ink-and-wash painting (sumukchaesaek) on aged hanji mulberry paper, muted mineral pigments (malachite green, azurite blue, ochre, cinnabar red, ink black), confident brush strokes with dry-brush texture, soft paper grain, restrained palette, in the manner of Kim Hong-do and Jeong Seon, single object centered, plain warm hanji background, soft ambient occlusion, clean silhouette, game item icon, 1:1 --ar 1:1 --style raw","photorealistic, 3d render, anime, chibi, western fantasy, neon, glossy plastic, text, watermark, signature, modern clothing, Chinese Qing costume, Manchu queue hairstyle, Japanese kimono, samurai armor, hakama, hanfu with crossed wide sleeves of Ming court, Japanese katana, multiple objects, hands, cluttered background",Hanging Scroll Travelogue,Hanji Scroll with Wooden Rollers
her_n290,res://assets/icons/heritage/her_n290.png,icon,덕원 명사십리 해신비,,"museum-quality illustration of 덕원 명사십리 해신비 (Hanging Scroll Travelogue), made of Hanji Scroll with Wooden Rollers, Late Joseon period, Joseon-era Korean ink-and-wash painting (sumukchaesaek) on aged hanji mulberry paper, muted mineral pigments (malachite green, azurite blue, ochre, cinnabar red, ink black), confident brush strokes with dry-brush texture, soft paper grain, restrained palette, in the manner of Kim Hong-do and Jeong Seon, single object centered, plain warm hanji background, soft ambient occlusion, clean silhouette, game item icon, 1:1 --ar 1:1 --style raw","photorealistic, 3d render, anime, chibi, western fantasy, neon, glossy plastic, text, watermark, signature, modern clothing, Chinese Qing costume, Manchu queue hairstyle, Japanese kimono, samurai armor, hakama, hanfu with crossed wide sleeves of Ming court, Japanese katana, multiple objects, hands, cluttered background",Hanging Scroll Travelogue,Hanji Scroll with Wooden Rollers
her_n291,res://assets/icons/heritage/her_n291.png,icon,안변 석왕사 호지문 및 응진전,,"museum-quality illustration of 안변 석왕사 호지문 및 응진전 (Hanging Scroll Travelogue), made of Hanji Scroll with Wooden Rollers, Mid Joseon period, Joseon-era Korean ink-and-wash painting (sumukchaesaek) on aged hanji mulberry paper, muted mineral pigments (malachite green, azurite blue, ochre, cinnabar red, ink black), confident brush strokes with dry-brush texture, soft paper grain, restrained palette, in the manner of Kim Hong-do and Jeong Seon, single object centered, plain warm hanji background, soft ambient occlusion, clean silhouette, game item icon, 1:1 --ar 1:1 --style raw","photorealistic, 3d render, anime, chibi, western fantasy, neon, glossy plastic, text, watermark, signature, modern clothing, Chinese Qing costume, Manchu queue hairstyle, Japanese kimono, samurai armor, hakama, hanfu with crossed wide sleeves of Ming court, Japanese katana, multiple objects, hands, cluttered background",Hanging Scroll Travelogue,Hanji Scroll with Wooden Rollers
her_n293,res://assets/icons/heritage/her_n293.png,icon,평양 평양성 외성 각자석,,"museum-quality illustration of 평양 평양성 외성 각자석 (Hanging Scroll Travelogue), made of Hanji Scroll with Wooden Rollers, Mid Joseon period, Joseon-era Korean ink-and-wash painting (sumukchaesaek) on aged hanji mulberry paper, muted mineral pigments (malachite green, azurite blue, ochre, cinnabar red, ink black), confident brush strokes with dry-brush texture, soft paper grain, restrained palette, in the manner of Kim Hong-do and Jeong Seon, single object centered, plain warm hanji background, soft ambient occlusion, clean silhouette, game item icon, 1:1 --ar 1:1 --style raw","photorealistic, 3d render, anime, chibi, western fantasy, neon, glossy plastic, text, watermark, signature, modern clothing, Chinese Qing costume, Manchu queue hairstyle, Japanese kimono, samurai armor, hakama, hanfu with crossed wide sleeves of Ming court, Japanese katana, multiple objects, hands, cluttered background",Hanging Scroll Travelogue,Hanji Scroll with Wooden Rollers
her_n294,res://assets/icons/heritage/her_n294.png,icon,덕원 원산항 개항 조약비,,"museum-quality illustration of 덕원 원산항 개항 조약비 (Hanging Scroll Travelogue), made of Hanji Scroll with Wooden Rollers, Mid Joseon period, Joseon-era Korean ink-and-wash painting (sumukchaesaek) on aged hanji mulberry paper, muted mineral pigments (malachite green, azurite blue, ochre, cinnabar red, ink black), confident brush strokes with dry-brush texture, soft paper grain, restrained palette, in the manner of Kim Hong-do and Jeong Seon, single object centered, plain warm hanji background, soft ambient occlusion, clean silhouette, game item icon, 1:1 --ar 1:1 --style raw","photorealistic, 3d render, anime, chibi, western fantasy, neon, glossy plastic, text, watermark, signature, modern clothing, Chinese Qing costume, Manchu queue hairstyle, Japanese kimono, samurai armor, hakama, hanfu with crossed wide sleeves of Ming court, Japanese katana, multiple objects, hands, cluttered background",Hanging Scroll Travelogue,Hanji Scroll with Wooden Rollers
her_n296,res://assets/icons/heritage/her_n296.png,icon,덕원 주성 삼층석탑,,"museum-quality illustration of 덕원 주성 삼층석탑 (Hanging Scroll Travelogue), made of Hanji Scroll with Wooden Rollers, Late Joseon period, Joseon-era Korean ink-and-wash painting (sumukchaesaek) on aged hanji mulberry paper, muted mineral pigments (malachite green, azurite blue, ochre, cinnabar red, ink black), confident brush strokes with dry-brush texture, soft paper grain, restrained palette, in the manner of Kim Hong-do and Jeong Seon, single object centered, plain warm hanji background, soft ambient occlusion, clean silhouette, game item icon, 1:1 --ar 1:1 --style raw","photorealistic, 3d render, anime, chibi, western fantasy, neon, glossy plastic, text, watermark, signature, modern clothing, Chinese Qing costume, Manchu queue hairstyle, Japanese kimono, samurai armor, hakama, hanfu with crossed wide sleeves of Ming court, Japanese katana, multiple objects, hands, cluttered background",Hanging Scroll Travelogue,Hanji Scroll with Wooden Rollers
her_n302,res://assets/icons/heritage/her_n302.png,icon,강서 방어 성곽 진호비,,"museum-quality illustration of 강서 방어 성곽 진호비 (Hanging Scroll Travelogue), made of Hanji Scroll with Wooden Rollers, Late Joseon period, Joseon-era Korean ink-and-wash painting (sumukchaesaek) on aged hanji mulberry paper, muted mineral pigments (malachite green, azurite blue, ochre, cinnabar red, ink black), confident brush strokes with dry-brush texture, soft paper grain, restrained palette, in the manner of Kim Hong-do and Jeong Seon, single object centered, plain warm hanji background, soft ambient occlusion, clean silhouette, game item icon, 1:1 --ar 1:1 --style raw","photorealistic, 3d render, anime, chibi, western fantasy, neon, glossy plastic, text, watermark, signature, modern clothing, Chinese Qing costume, Manchu queue hairstyle, Japanese kimono, samurai armor, hakama, hanfu with crossed wide sleeves of Ming court, Japanese katana, multiple objects, hands, cluttered background",Hanging Scroll Travelogue,Hanji Scroll with Wooden Rollers
her_n306,res://assets/icons/heritage/her_n306.png,icon,안주 백상루(관서제일루),,"museum-quality illustration of 안주 백상루(관서제일루) (Hanging Scroll Travelogue), made of Hanji Scroll with Wooden Rollers, Mid Joseon period, Joseon-era Korean ink-and-wash painting (sumukchaesaek) on aged hanji mulberry paper, muted mineral pigments (malachite green, azurite blue, ochre, cinnabar red, ink black), confident brush strokes with dry-brush texture, soft paper grain, restrained palette, in the manner of Kim Hong-do and Jeong Seon, single object centered, plain warm hanji background, soft ambient occlusion, clean silhouette, game item icon, 1:1 --ar 1:1 --style raw","photorealistic, 3d render, anime, chibi, western fantasy, neon, glossy plastic, text, watermark, signature, modern clothing, Chinese Qing costume, Manchu queue hairstyle, Japanese kimono, samurai armor, hakama, hanfu with crossed wide sleeves of Ming court, Japanese katana, multiple objects, hands, cluttered background",Hanging Scroll Travelogue,Hanji Scroll with Wooden Rollers
her_n307,res://assets/icons/heritage/her_n307.png,icon,함흥 본궁(이성계 조상 사당),,"museum-quality illustration of 함흥 본궁(이성계 조상 사당) (Hanging Scroll Travelogue), made of Hanji Scroll with Wooden Rollers, Mid Joseon period, Joseon-era Korean ink-and-wash painting (sumukchaesaek) on aged hanji mulberry paper, muted mineral pigments (malachite green, azurite blue, ochre, cinnabar red, ink black), confident brush strokes with dry-brush texture, soft paper grain, restrained palette, in the manner of Kim Hong-do and Jeong Seon, single object centered, plain warm hanji background, soft ambient occlusion, clean silhouette, game item icon, 1:1 --ar 1:1 --style raw","photorealistic, 3d render, anime, chibi, western fantasy, neon, glossy plastic, text, watermark, signature, modern clothing, Chinese Qing costume, Manchu queue hairstyle, Japanese kimono, samurai armor, hakama, hanfu with crossed wide sleeves of Ming court, Japanese katana, multiple objects, hands, cluttered background",Hanging Scroll Travelogue,Hanji Scroll with Wooden Rollers
her_n309,res://assets/icons/heritage/her_n309.png,icon,함흥 만세교 목조교각비,,"museum-quality illustration of 함흥 만세교 목조교각비 (Hanging Scroll Travelogue), made of Hanji Scroll with Wooden Rollers, Late Joseon period, Joseon-era Korean ink-and-wash painting (sumukchaesaek) on aged hanji mulberry paper, muted mineral pigments (malachite green, azurite blue, ochre, cinnabar red, ink black), confident brush strokes with dry-brush texture, soft paper grain, restrained palette, in the manner of Kim Hong-do and Jeong Seon, single object centered, plain warm hanji background, soft ambient occlusion, clean silhouette, game item icon, 1:1 --ar 1:1 --style raw","photorealistic, 3d render, anime, chibi, western fantasy, neon, glossy plastic, text, watermark, signature, modern clothing, Chinese Qing costume, Manchu queue hairstyle, Japanese kimono, samurai armor, hakama, hanfu with crossed wide sleeves of Ming court, Japanese katana, multiple objects, hands, cluttered background",Hanging Scroll Travelogue,Hanji Scroll with Wooden Rollers
her_n310,res://assets/icons/heritage/her_n310.png,icon,순천 자산산성 고려 마애불,,"museum-quality illustration of 순천 자산산성 고려 마애불 (Hanging Scroll Travelogue), made of Hanji Scroll with Wooden Rollers, Late Joseon period, Joseon-era Korean ink-and-wash painting (sumukchaesaek) on aged hanji mulberry paper, muted mineral pigments (malachite green, azurite blue, ochre, cinnabar red, ink black), confident brush strokes with dry-brush texture, soft paper grain, restrained palette, in the manner of Kim Hong-do and Jeong Seon, single object centered, plain warm hanji background, soft ambient occlusion, clean silhouette, game item icon, 1:1 --ar 1:1 --style raw","photorealistic, 3d render, anime, chibi, western fantasy, neon, glossy plastic, text, watermark, signature, modern clothing, Chinese Qing costume, Manchu queue hairstyle, Japanese kimono, samurai armor, hakama, hanfu with crossed wide sleeves of Ming court, Japanese katana, multiple objects, hands, cluttered background",Hanging Scroll Travelogue,Hanji Scroll with Wooden Rollers
her_n311,res://assets/icons/heritage/her_n311.png,icon,정평 관평루,,"museum-quality illustration of 정평 관평루 (Hanging Scroll Travelogue), made of Hanji Scroll with Wooden Rollers, Late Joseon period, Joseon-era Korean ink-and-wash painting (sumukchaesaek) on aged hanji mulberry paper, muted mineral pigments (malachite green, azurite blue, ochre, cinnabar red, ink black), confident brush strokes with dry-brush texture, soft paper grain, restrained palette, in the manner of Kim Hong-do and Jeong Seon, single object centered, plain warm hanji background, soft ambient occlusion, clean silhouette, game item icon, 1:1 --ar 1:1 --style raw","photorealistic, 3d render, anime, chibi, western fantasy, neon, glossy plastic, text, watermark, signature, modern clothing, Chinese Qing costume, Manchu queue hairstyle, Japanese kimono, samurai armor, hakama, hanfu with crossed wide sleeves of Ming court, Japanese katana, multiple objects, hands, cluttered background",Hanging Scroll Travelogue,Hanji Scroll with Wooden Rollers
her_n314,res://assets/icons/heritage/her_n314.png,icon,영흥 용흥각 태조 개국비,,"museum-quality illustration of 영흥 용흥각 태조 개국비 (Hanging Scroll Travelogue), made of Hanji Scroll with Wooden Rollers, Mid Joseon period, Joseon-era Korean ink-and-wash painting (sumukchaesaek) on aged hanji mulberry paper, muted mineral pigments (malachite green, azurite blue, ochre, cinnabar red, ink black), confident brush strokes with dry-brush texture, soft paper grain, restrained palette, in the manner of Kim Hong-do and Jeong Seon, single object centered, plain warm hanji background, soft ambient occlusion, clean silhouette, game item icon, 1:1 --ar 1:1 --style raw","photorealistic, 3d render, anime, chibi, western fantasy, neon, glossy plastic, text, watermark, signature, modern clothing, Chinese Qing costume, Manchu queue hairstyle, Japanese kimono, samurai armor, hakama, hanfu with crossed wide sleeves of Ming court, Japanese katana, multiple objects, hands, cluttered background",Hanging Scroll Travelogue,Hanji Scroll with Wooden Rollers
her_n315,res://assets/icons/heritage/her_n315.png,icon,안주 살수대첩 을지문덕 장군 비,,"museum-quality illustration of 안주 살수대첩 을지문덕 장군 비 (Hanging Scroll Travelogue), made of Hanji Scroll with Wooden Rollers, Mid Joseon period, Joseon-era Korean ink-and-wash painting (sumukchaesaek) on aged hanji mulberry paper, muted mineral pigments (malachite green, azurite blue, ochre, cinnabar red, ink black), confident brush strokes with dry-brush texture, soft paper grain, restrained palette, in the manner of Kim Hong-do and Jeong Seon, single object centered, plain warm hanji background, soft ambient occlusion, clean silhouette, game item icon, 1:1 --ar 1:1 --style raw","photorealistic, 3d render, anime, chibi, western fantasy, neon, glossy plastic, text, watermark, signature, modern clothing, Chinese Qing costume, Manchu queue hairstyle, Japanese kimono, samurai armor, hakama, hanfu with crossed wide sleeves of Ming court, Japanese katana, multiple objects, hands, cluttered background",Hanging Scroll Travelogue,Hanji Scroll with Wooden Rollers
her_n317,res://assets/icons/heritage/her_n317.png,icon,순천 주성 삼층석탑,,"museum-quality illustration of 순천 주성 삼층석탑 (Hanging Scroll Travelogue), made of Hanji Scroll with Wooden Rollers, Late Joseon period, Joseon-era Korean ink-and-wash painting (sumukchaesaek) on aged hanji mulberry paper, muted mineral pigments (malachite green, azurite blue, ochre, cinnabar red, ink black), confident brush strokes with dry-brush texture, soft paper grain, restrained palette, in the manner of Kim Hong-do and Jeong Seon, single object centered, plain warm hanji background, soft ambient occlusion, clean silhouette, game item icon, 1:1 --ar 1:1 --style raw","photorealistic, 3d render, anime, chibi, western fantasy, neon, glossy plastic, text, watermark, signature, modern clothing, Chinese Qing costume, Manchu queue hairstyle, Japanese kimono, samurai armor, hakama, hanfu with crossed wide sleeves of Ming court, Japanese katana, multiple objects, hands, cluttered background",Hanging Scroll Travelogue,Hanji Scroll with Wooden Rollers
her_n323,res://assets/icons/heritage/her_n323.png,icon,영흥 방어 성곽 진호비,,"museum-quality illustration of 영흥 방어 성곽 진호비 (Hanging Scroll Travelogue), made of Hanji Scroll with Wooden Rollers, Late Joseon period, Joseon-era Korean ink-and-wash painting (sumukchaesaek) on aged hanji mulberry paper, muted mineral pigments (malachite green, azurite blue, ochre, cinnabar red, ink black), confident brush strokes with dry-brush texture, soft paper grain, restrained palette, in the manner of Kim Hong-do and Jeong Seon, single object centered, plain warm hanji background, soft ambient occlusion, clean silhouette, game item icon, 1:1 --ar 1:1 --style raw","photorealistic, 3d render, anime, chibi, western fantasy, neon, glossy plastic, text, watermark, signature, modern clothing, Chinese Qing costume, Manchu queue hairstyle, Japanese kimono, samurai armor, hakama, hanfu with crossed wide sleeves of Ming court, Japanese katana, multiple objects, hands, cluttered background",Hanging Scroll Travelogue,Hanji Scroll with Wooden Rollers
her_n326,res://assets/icons/heritage/her_n326.png,icon,영변 묘향산 보현사 대웅전,,"museum-quality illustration of 영변 묘향산 보현사 대웅전 (Hanging Scroll Travelogue), made of Hanji Scroll with Wooden Rollers, Mid Joseon period, Joseon-era Korean ink-and-wash painting (sumukchaesaek) on aged hanji mulberry paper, muted mineral pigments (malachite green, azurite blue, ochre, cinnabar red, ink black), confident brush strokes with dry-brush texture, soft paper grain, restrained palette, in the manner of Kim Hong-do and Jeong Seon, single object centered, plain warm hanji background, soft ambient occlusion, clean silhouette, game item icon, 1:1 --ar 1:1 --style raw","photorealistic, 3d render, anime, chibi, western fantasy, neon, glossy plastic, text, watermark, signature, modern clothing, Chinese Qing costume, Manchu queue hairstyle, Japanese kimono, samurai armor, hakama, hanfu with crossed wide sleeves of Ming court, Japanese katana, multiple objects, hands, cluttered background",Hanging Scroll Travelogue,Hanji Scroll with Wooden Rollers
her_n328,res://assets/icons/heritage/her_n328.png,icon,영변 철옹산성 십자각,,"museum-quality illustration of 영변 철옹산성 십자각 (Hanging Scroll Travelogue), made of Hanji Scroll with Wooden Rollers, Mid Joseon period, Joseon-era Korean ink-and-wash painting (sumukchaesaek) on aged hanji mulberry paper, muted mineral pigments (malachite green, azurite blue, ochre, cinnabar red, ink black), confident brush strokes with dry-brush texture, soft paper grain, restrained palette, in the manner of Kim Hong-do and Jeong Seon, single object centered, plain warm hanji background, soft ambient occlusion, clean silhouette, game item icon, 1:1 --ar 1:1 --style raw","photorealistic, 3d render, anime, chibi, western fantasy, neon, glossy plastic, text, watermark, signature, modern clothing, Chinese Qing costume, Manchu queue hairstyle, Japanese kimono, samurai armor, hakama, hanfu with crossed wide sleeves of Ming court, Japanese katana, multiple objects, hands, cluttered background",Hanging Scroll Travelogue,Hanji Scroll with Wooden Rollers
her_n329,res://assets/icons/heritage/her_n329.png,icon,희천 읍성 진남루,,"museum-quality illustration of 희천 읍성 진남루 (Hanging Scroll Travelogue), made of Hanji Scroll with Wooden Rollers, Mid Joseon period, Joseon-era Korean ink-and-wash painting (sumukchaesaek) on aged hanji mulberry paper, muted mineral pigments (malachite green, azurite blue, ochre, cinnabar red, ink black), confident brush strokes with dry-brush texture, soft paper grain, restrained palette, in the manner of Kim Hong-do and Jeong Seon, single object centered, plain warm hanji background, soft ambient occlusion, clean silhouette, game item icon, 1:1 --ar 1:1 --style raw","photorealistic, 3d render, anime, chibi, western fantasy, neon, glossy plastic, text, watermark, signature, modern clothing, Chinese Qing costume, Manchu queue hairstyle, Japanese kimono, samurai armor, hakama, hanfu with crossed wide sleeves of Ming court, Japanese katana, multiple objects, hands, cluttered background",Hanging Scroll Travelogue,Hanji Scroll with Wooden Rollers
her_n331,res://assets/icons/heritage/her_n331.png,icon,태천 능한산성 봉수대,,"museum-quality illustration of 태천 능한산성 봉수대 (Hanging Scroll Travelogue), made of Hanji Scroll with Wooden Rollers, Late Joseon period, Joseon-era Korean ink-and-wash painting (sumukchaesaek) on aged hanji mulberry paper, muted mineral pigments (malachite green, azurite blue, ochre, cinnabar red, ink black), confident brush strokes with dry-brush texture, soft paper grain, restrained palette, in the manner of Kim Hong-do and Jeong Seon, single object centered, plain warm hanji background, soft ambient occlusion, clean silhouette, game item icon, 1:1 --ar 1:1 --style raw","photorealistic, 3d render, anime, chibi, western fantasy, neon, glossy plastic, text, watermark, signature, modern clothing, Chinese Qing costume, Manchu queue hairstyle, Japanese kimono, samurai armor, hakama, hanfu with crossed wide sleeves of Ming court, Japanese katana, multiple objects, hands, cluttered background",Hanging Scroll Travelogue,Hanji Scroll with Wooden Rollers
her_n334,res://assets/icons/heritage/her_n334.png,icon,묘향산 상원암 노적봉 마애비,,"museum-quality illustration of 묘향산 상원암 노적봉 마애비 (Hanging Scroll Travelogue), made of Hanji Scroll with Wooden Rollers, Late Joseon period, Joseon-era Korean ink-and-wash painting (sumukchaesaek) on aged hanji mulberry paper, muted mineral pigments (malachite green, azurite blue, ochre, cinnabar red, ink black), confident brush strokes with dry-brush texture, soft paper grain, restrained palette, in the manner of Kim Hong-do and Jeong Seon, single object centered, plain warm hanji background, soft ambient occlusion, clean silhouette, game item icon, 1:1 --ar 1:1 --style raw","photorealistic, 3d render, anime, chibi, western fantasy, neon, glossy plastic, text, watermark, signature, modern clothing, Chinese Qing costume, Manchu queue hairstyle, Japanese kimono, samurai armor, hakama, hanfu with crossed wide sleeves of Ming court, Japanese katana, multiple objects, hands, cluttered background",Hanging Scroll Travelogue,Hanji Scroll with Wooden Rollers
her_n337,res://assets/icons/heritage/her_n337.png,icon,희천 주성 삼층석탑,,"museum-quality illustration of 희천 주성 삼층석탑 (Hanging Scroll Travelogue), made of Hanji Scroll with Wooden Rollers, Late Joseon period, Joseon-era Korean ink-and-wash painting (sumukchaesaek) on aged hanji mulberry paper, muted mineral pigments (malachite green, azurite blue, ochre, cinnabar red, ink black), confident brush strokes with dry-brush texture, soft paper grain, restrained palette, in the manner of Kim Hong-do and Jeong Seon, single object centered, plain warm hanji background, soft ambient occlusion, clean silhouette, game item icon, 1:1 --ar 1:1 --style raw","photorealistic, 3d render, anime, chibi, western fantasy, neon, glossy plastic, text, watermark, signature, modern clothing, Chinese Qing costume, Manchu queue hairstyle, Japanese kimono, samurai armor, hakama, hanfu with crossed wide sleeves of Ming court, Japanese katana, multiple objects, hands, cluttered background",Hanging Scroll Travelogue,Hanji Scroll with Wooden Rollers
her_n343,res://assets/icons/heritage/her_n343.png,icon,홍원 방어 성곽 진호비,,"museum-quality illustration of 홍원 방어 성곽 진호비 (Hanging Scroll Travelogue), made of Hanji Scroll with Wooden Rollers, Late Joseon period, Joseon-era Korean ink-and-wash painting (sumukchaesaek) on aged hanji mulberry paper, muted mineral pigments (malachite green, azurite blue, ochre, cinnabar red, ink black), confident brush strokes with dry-brush texture, soft paper grain, restrained palette, in the manner of Kim Hong-do and Jeong Seon, single object centered, plain warm hanji background, soft ambient occlusion, clean silhouette, game item icon, 1:1 --ar 1:1 --style raw","photorealistic, 3d render, anime, chibi, western fantasy, neon, glossy plastic, text, watermark, signature, modern clothing, Chinese Qing costume, Manchu queue hairstyle, Japanese kimono, samurai armor, hakama, hanfu with crossed wide sleeves of Ming court, Japanese katana, multiple objects, hands, cluttered background",Hanging Scroll Travelogue,Hanji Scroll with Wooden Rollers
her_n346,res://assets/icons/heritage/her_n346.png,icon,의주 통군정(압록강 망루),,"museum-quality illustration of 의주 통군정(압록강 망루) (Hanging Scroll Travelogue), made of Hanji Scroll with Wooden Rollers, Mid Joseon period, Joseon-era Korean ink-and-wash painting (sumukchaesaek) on aged hanji mulberry paper, muted mineral pigments (malachite green, azurite blue, ochre, cinnabar red, ink black), confident brush strokes with dry-brush texture, soft paper grain, restrained palette, in the manner of Kim Hong-do and Jeong Seon, single object centered, plain warm hanji background, soft ambient occlusion, clean silhouette, game item icon, 1:1 --ar 1:1 --style raw","photorealistic, 3d render, anime, chibi, western fantasy, neon, glossy plastic, text, watermark, signature, modern clothing, Chinese Qing costume, Manchu queue hairstyle, Japanese kimono, samurai armor, hakama, hanfu with crossed wide sleeves of Ming court, Japanese katana, multiple objects, hands, cluttered background",Hanging Scroll Travelogue,Hanji Scroll with Wooden Rollers
her_n347,res://assets/icons/heritage/her_n347.png,icon,의주 백마산성 성벽 및 무기고,,"museum-quality illustration of 의주 백마산성 성벽 및 무기고 (Hanging Scroll Travelogue), made of Hanji Scroll with Wooden Rollers, Mid Joseon period, Joseon-era Korean ink-and-wash painting (sumukchaesaek) on aged hanji mulberry paper, muted mineral pigments (malachite green, azurite blue, ochre, cinnabar red, ink black), confident brush strokes with dry-brush texture, soft paper grain, restrained palette, in the manner of Kim Hong-do and Jeong Seon, single object centered, plain warm hanji background, soft ambient occlusion, clean silhouette, game item icon, 1:1 --ar 1:1 --style raw","photorealistic, 3d render, anime, chibi, western fantasy, neon, glossy plastic, text, watermark, signature, modern clothing, Chinese Qing costume, Manchu queue hairstyle, Japanese kimono, samurai armor, hakama, hanfu with crossed wide sleeves of Ming court, Japanese katana, multiple objects, hands, cluttered background",Hanging Scroll Travelogue,Hanji Scroll with Wooden Rollers
her_n348,res://assets/icons/heritage/her_n348.png,icon,선천 동림산성 철옹문,,"museum-quality illustration of 선천 동림산성 철옹문 (Hanging Scroll Travelogue), made of Hanji Scroll with Wooden Rollers, Mid Joseon period, Joseon-era Korean ink-and-wash painting (sumukchaesaek) on aged hanji mulberry paper, muted mineral pigments (malachite green, azurite blue, ochre, cinnabar red, ink black), confident brush strokes with dry-brush texture, soft paper grain, restrained palette, in the manner of Kim Hong-do and Jeong Seon, single object centered, plain warm hanji background, soft ambient occlusion, clean silhouette, game item icon, 1:1 --ar 1:1 --style raw","photorealistic, 3d render, anime, chibi, western fantasy, neon, glossy plastic, text, watermark, signature, modern clothing, Chinese Qing costume, Manchu queue hairstyle, Japanese kimono, samurai armor, hakama, hanfu with crossed wide sleeves of Ming court, Japanese katana, multiple objects, hands, cluttered background",Hanging Scroll Travelogue,Hanji Scroll with Wooden Rollers
her_n349,res://assets/icons/heritage/her_n349.png,icon,북청 북관대첩비 원터,,"museum-quality illustration of 북청 북관대첩비 원터 (Hanging Scroll Travelogue), made of Hanji Scroll with Wooden Rollers, Mid Joseon period, Joseon-era Korean ink-and-wash painting (sumukchaesaek) on aged hanji mulberry paper, muted mineral pigments (malachite green, azurite blue, ochre, cinnabar red, ink black), confident brush strokes with dry-brush texture, soft paper grain, restrained palette, in the manner of Kim Hong-do and Jeong Seon, single object centered, plain warm hanji background, soft ambient occlusion, clean silhouette, game item icon, 1:1 --ar 1:1 --style raw","photorealistic, 3d render, anime, chibi, western fantasy, neon, glossy plastic, text, watermark, signature, modern clothing, Chinese Qing costume, Manchu queue hairstyle, Japanese kimono, samurai armor, hakama, hanfu with crossed wide sleeves of Ming court, Japanese katana, multiple objects, hands, cluttered background",Hanging Scroll Travelogue,Hanji Scroll with Wooden Rollers
her_n351,res://assets/icons/heritage/her_n351.png,icon,용천 용골산성 봉화대,,"museum-quality illustration of 용천 용골산성 봉화대 (Hanging Scroll Travelogue), made of Hanji Scroll with Wooden Rollers, Mid Joseon period, Joseon-era Korean ink-and-wash painting (sumukchaesaek) on aged hanji mulberry paper, muted mineral pigments (malachite green, azurite blue, ochre, cinnabar red, ink black), confident brush strokes with dry-brush texture, soft paper grain, restrained palette, in the manner of Kim Hong-do and Jeong Seon, single object centered, plain warm hanji background, soft ambient occlusion, clean silhouette, game item icon, 1:1 --ar 1:1 --style raw","photorealistic, 3d render, anime, chibi, western fantasy, neon, glossy plastic, text, watermark, signature, modern clothing, Chinese Qing costume, Manchu queue hairstyle, Japanese kimono, samurai armor, hakama, hanfu with crossed wide sleeves of Ming court, Japanese katana, multiple objects, hands, cluttered background",Hanging Scroll Travelogue,Hanji Scroll with Wooden Rollers
her_n353,res://assets/icons/heritage/her_n353.png,icon,이원 마운령 진흥왕 순수비 원터,,"museum-quality illustration of 이원 마운령 진흥왕 순수비 원터 (Hanging Scroll Travelogue), made of Hanji Scroll with Wooden Rollers, Mid Joseon period, Joseon-era Korean ink-and-wash painting (sumukchaesaek) on aged hanji mulberry paper, muted mineral pigments (malachite green, azurite blue, ochre, cinnabar red, ink black), confident brush strokes with dry-brush texture, soft paper grain, restrained palette, in the manner of Kim Hong-do and Jeong Seon, single object centered, plain warm hanji background, soft ambient occlusion, clean silhouette, game item icon, 1:1 --ar 1:1 --style raw","photorealistic, 3d render, anime, chibi, western fantasy, neon, glossy plastic, text, watermark, signature, modern clothing, Chinese Qing costume, Manchu queue hairstyle, Japanese kimono, samurai armor, hakama, hanfu with crossed wide sleeves of Ming court, Japanese katana, multiple objects, hands, cluttered background",Hanging Scroll Travelogue,Hanji Scroll with Wooden Rollers
her_n354,res://assets/icons/heritage/her_n354.png,icon,철산 차련관 사신 접대 영빈각,,"museum-quality illustration of 철산 차련관 사신 접대 영빈각 (Hanging Scroll Travelogue), made of Hanji Scroll with Wooden Rollers, Mid Joseon period, Joseon-era Korean ink-and-wash painting (sumukchaesaek) on aged hanji mulberry paper, muted mineral pigments (malachite green, azurite blue, ochre, cinnabar red, ink black), confident brush strokes with dry-brush texture, soft paper grain, restrained palette, in the manner of Kim Hong-do and Jeong Seon, single object centered, plain warm hanji background, soft ambient occlusion, clean silhouette, game item icon, 1:1 --ar 1:1 --style raw","photorealistic, 3d render, anime, chibi, western fantasy, neon, glossy plastic, text, watermark, signature, modern clothing, Chinese Qing costume, Manchu queue hairstyle, Japanese kimono, samurai armor, hakama, hanfu with crossed wide sleeves of Ming court, Japanese katana, multiple objects, hands, cluttered background",Hanging Scroll Travelogue,Hanji Scroll with Wooden Rollers
her_n357,res://assets/icons/heritage/her_n357.png,icon,선천 주성 삼층석탑,,"museum-quality illustration of 선천 주성 삼층석탑 (Hanging Scroll Travelogue), made of Hanji Scroll with Wooden Rollers, Late Joseon period, Joseon-era Korean ink-and-wash painting (sumukchaesaek) on aged hanji mulberry paper, muted mineral pigments (malachite green, azurite blue, ochre, cinnabar red, ink black), confident brush strokes with dry-brush texture, soft paper grain, restrained palette, in the manner of Kim Hong-do and Jeong Seon, single object centered, plain warm hanji background, soft ambient occlusion, clean silhouette, game item icon, 1:1 --ar 1:1 --style raw","photorealistic, 3d render, anime, chibi, western fantasy, neon, glossy plastic, text, watermark, signature, modern clothing, Chinese Qing costume, Manchu queue hairstyle, Japanese kimono, samurai armor, hakama, hanfu with crossed wide sleeves of Ming court, Japanese katana, multiple objects, hands, cluttered background",Hanging Scroll Travelogue,Hanji Scroll with Wooden Rollers
her_n363,res://assets/icons/heritage/her_n363.png,icon,이원 방어 성곽 진호비,,"museum-quality illustration of 이원 방어 성곽 진호비 (Hanging Scroll Travelogue), made of Hanji Scroll with Wooden Rollers, Late Joseon period, Joseon-era Korean ink-and-wash painting (sumukchaesaek) on aged hanji mulberry paper, muted mineral pigments (malachite green, azurite blue, ochre, cinnabar red, ink black), confident brush strokes with dry-brush texture, soft paper grain, restrained palette, in the manner of Kim Hong-do and Jeong Seon, single object centered, plain warm hanji background, soft ambient occlusion, clean silhouette, game item icon, 1:1 --ar 1:1 --style raw","photorealistic, 3d render, anime, chibi, western fantasy, neon, glossy plastic, text, watermark, signature, modern clothing, Chinese Qing costume, Manchu queue hairstyle, Japanese kimono, samurai armor, hakama, hanfu with crossed wide sleeves of Ming court, Japanese katana, multiple objects, hands, cluttered background",Hanging Scroll Travelogue,Hanji Scroll with Wooden Rollers
her_n366,res://assets/icons/heritage/her_n366.png,icon,강계 인풍루,,"museum-quality illustration of 강계 인풍루 (Hanging Scroll Travelogue), made of Hanji Scroll with Wooden Rollers, Mid Joseon period, Joseon-era Korean ink-and-wash painting (sumukchaesaek) on aged hanji mulberry paper, muted mineral pigments (malachite green, azurite blue, ochre, cinnabar red, ink black), confident brush strokes with dry-brush texture, soft paper grain, restrained palette, in the manner of Kim Hong-do and Jeong Seon, single object centered, plain warm hanji background, soft ambient occlusion, clean silhouette, game item icon, 1:1 --ar 1:1 --style raw","photorealistic, 3d render, anime, chibi, western fantasy, neon, glossy plastic, text, watermark, signature, modern clothing, Chinese Qing costume, Manchu queue hairstyle, Japanese kimono, samurai armor, hakama, hanfu with crossed wide sleeves of Ming court, Japanese katana, multiple objects, hands, cluttered background",Hanging Scroll Travelogue,Hanji Scroll with Wooden Rollers
her_n367,res://assets/icons/heritage/her_n367.png,icon,강계 아사 관아 동헌,,"museum-quality illustration of 강계 아사 관아 동헌 (Hanging Scroll Travelogue), made of Hanji Scroll with Wooden Rollers, Mid Joseon period, Joseon-era Korean ink-and-wash painting (sumukchaesaek) on aged hanji mulberry paper, muted mineral pigments (malachite green, azurite blue, ochre, cinnabar red, ink black), confident brush strokes with dry-brush texture, soft paper grain, restrained palette, in the manner of Kim Hong-do and Jeong Seon, single object centered, plain warm hanji background, soft ambient occlusion, clean silhouette, game item icon, 1:1 --ar 1:1 --style raw","photorealistic, 3d render, anime, chibi, western fantasy, neon, glossy plastic, text, watermark, signature, modern clothing, Chinese Qing costume, Manchu queue hairstyle, Japanese kimono, samurai armor, hakama, hanfu with crossed wide sleeves of Ming court, Japanese katana, multiple objects, hands, cluttered background",Hanging Scroll Travelogue,Hanji Scroll with Wooden Rollers
her_n369,res://assets/icons/heritage/her_n369.png,icon,길주 목성리 고인돌군,,"museum-quality illustration of 길주 목성리 고인돌군 (Hanging Scroll Travelogue), made of Hanji Scroll with Wooden Rollers, Mid Joseon period, Joseon-era Korean ink-and-wash painting (sumukchaesaek) on aged hanji mulberry paper, muted mineral pigments (malachite green, azurite blue, ochre, cinnabar red, ink black), confident brush strokes with dry-brush texture, soft paper grain, restrained palette, in the manner of Kim Hong-do and Jeong Seon, single object centered, plain warm hanji background, soft ambient occlusion, clean silhouette, game item icon, 1:1 --ar 1:1 --style raw","photorealistic, 3d render, anime, chibi, western fantasy, neon, glossy plastic, text, watermark, signature, modern clothing, Chinese Qing costume, Manchu queue hairstyle, Japanese kimono, samurai armor, hakama, hanfu with crossed wide sleeves of Ming court, Japanese katana, multiple objects, hands, cluttered background",Hanging Scroll Travelogue,Hanji Scroll with Wooden Rollers
her_n370,res://assets/icons/heritage/her_n370.png,icon,초산 압록강 국경 수비 망대,,"museum-quality illustration of 초산 압록강 국경 수비 망대 (Hanging Scroll Travelogue), made of Hanji Scroll with Wooden Rollers, Late Joseon period, Joseon-era Korean ink-and-wash painting (sumukchaesaek) on aged hanji mulberry paper, muted mineral pigments (malachite green, azurite blue, ochre, cinnabar red, ink black), confident brush strokes with dry-brush texture, soft paper grain, restrained palette, in the manner of Kim Hong-do and Jeong Seon, single object centered, plain warm hanji background, soft ambient occlusion, clean silhouette, game item icon, 1:1 --ar 1:1 --style raw","photorealistic, 3d render, anime, chibi, western fantasy, neon, glossy plastic, text, watermark, signature, modern clothing, Chinese Qing costume, Manchu queue hairstyle, Japanese kimono, samurai armor, hakama, hanfu with crossed wide sleeves of Ming court, Japanese katana, multiple objects, hands, cluttered background",Hanging Scroll Travelogue,Hanji Scroll with Wooden Rollers
her_n371,res://assets/icons/heritage/her_n371.png,icon,벽동 읍성 서문 남벽,,"museum-quality illustration of 벽동 읍성 서문 남벽 (Hanging Scroll Travelogue), made of Hanji Scroll with Wooden Rollers, Mid Joseon period, Joseon-era Korean ink-and-wash painting (sumukchaesaek) on aged hanji mulberry paper, muted mineral pigments (malachite green, azurite blue, ochre, cinnabar red, ink black), confident brush strokes with dry-brush texture, soft paper grain, restrained palette, in the manner of Kim Hong-do and Jeong Seon, single object centered, plain warm hanji background, soft ambient occlusion, clean silhouette, game item icon, 1:1 --ar 1:1 --style raw","photorealistic, 3d render, anime, chibi, western fantasy, neon, glossy plastic, text, watermark, signature, modern clothing, Chinese Qing costume, Manchu queue hairstyle, Japanese kimono, samurai armor, hakama, hanfu with crossed wide sleeves of Ming court, Japanese katana, multiple objects, hands, cluttered background",Hanging Scroll Travelogue,Hanji Scroll with Wooden Rollers
her_n372,res://assets/icons/heritage/her_n372.png,icon,단천 백운산 만덕사지 삼층석탑,,"museum-quality illustration of 단천 백운산 만덕사지 삼층석탑 (Hanging Scroll Travelogue), made of Hanji Scroll with Wooden Rollers, Late Joseon period, Joseon-era Korean ink-and-wash painting (sumukchaesaek) on aged hanji mulberry paper, muted mineral pigments (malachite green, azurite blue, ochre, cinnabar red, ink black), confident brush strokes with dry-brush texture, soft paper grain, restrained palette, in the manner of Kim Hong-do and Jeong Seon, single object centered, plain warm hanji background, soft ambient occlusion, clean silhouette, game item icon, 1:1 --ar 1:1 --style raw","photorealistic, 3d render, anime, chibi, western fantasy, neon, glossy plastic, text, watermark, signature, modern clothing, Chinese Qing costume, Manchu queue hairstyle, Japanese kimono, samurai armor, hakama, hanfu with crossed wide sleeves of Ming court, Japanese katana, multiple objects, hands, cluttered background",Hanging Scroll Travelogue,Hanji Scroll with Wooden Rollers
her_n373,res://assets/icons/heritage/her_n373.png,icon,명천 칠보산 개심사 대웅전,,"museum-quality illustration of 명천 칠보산 개심사 대웅전 (Hanging Scroll Travelogue), made of Hanji Scroll with Wooden Rollers, Mid Joseon period, Joseon-era Korean ink-and-wash painting (sumukchaesaek) on aged hanji mulberry paper, muted mineral pigments (malachite green, azurite blue, ochre, cinnabar red, ink black), confident brush strokes with dry-brush texture, soft paper grain, restrained palette, in the manner of Kim Hong-do and Jeong Seon, single object centered, plain warm hanji background, soft ambient occlusion, clean silhouette, game item icon, 1:1 --ar 1:1 --style raw","photorealistic, 3d render, anime, chibi, western fantasy, neon, glossy plastic, text, watermark, signature, modern clothing, Chinese Qing costume, Manchu queue hairstyle, Japanese kimono, samurai armor, hakama, hanfu with crossed wide sleeves of Ming court, Japanese katana, multiple objects, hands, cluttered background",Hanging Scroll Travelogue,Hanji Scroll with Wooden Rollers
her_n374,res://assets/icons/heritage/her_n374.png,icon,길주 영동관 왜란 승첩비,,"museum-quality illustration of 길주 영동관 왜란 승첩비 (Hanging Scroll Travelogue), made of Hanji Scroll with Wooden Rollers, Mid Joseon period, Joseon-era Korean ink-and-wash painting (sumukchaesaek) on aged hanji mulberry paper, muted mineral pigments (malachite green, azurite blue, ochre, cinnabar red, ink black), confident brush strokes with dry-brush texture, soft paper grain, restrained palette, in the manner of Kim Hong-do and Jeong Seon, single object centered, plain warm hanji background, soft ambient occlusion, clean silhouette, game item icon, 1:1 --ar 1:1 --style raw","photorealistic, 3d render, anime, chibi, western fantasy, neon, glossy plastic, text, watermark, signature, modern clothing, Chinese Qing costume, Manchu queue hairstyle, Japanese kimono, samurai armor, hakama, hanfu with crossed wide sleeves of Ming court, Japanese katana, multiple objects, hands, cluttered background",Hanging Scroll Travelogue,Hanji Scroll with Wooden Rollers
her_n377,res://assets/icons/heritage/her_n377.png,icon,초산 주성 삼층석탑,,"museum-quality illustration of 초산 주성 삼층석탑 (Hanging Scroll Travelogue), made of Hanji Scroll with Wooden Rollers, Late Joseon period, Joseon-era Korean ink-and-wash painting (sumukchaesaek) on aged hanji mulberry paper, muted mineral pigments (malachite green, azurite blue, ochre, cinnabar red, ink black), confident brush strokes with dry-brush texture, soft paper grain, restrained palette, in the manner of Kim Hong-do and Jeong Seon, single object centered, plain warm hanji background, soft ambient occlusion, clean silhouette, game item icon, 1:1 --ar 1:1 --style raw","photorealistic, 3d render, anime, chibi, western fantasy, neon, glossy plastic, text, watermark, signature, modern clothing, Chinese Qing costume, Manchu queue hairstyle, Japanese kimono, samurai armor, hakama, hanfu with crossed wide sleeves of Ming court, Japanese katana, multiple objects, hands, cluttered background",Hanging Scroll Travelogue,Hanji Scroll with Wooden Rollers
her_n383,res://assets/icons/heritage/her_n383.png,icon,단천 방어 성곽 진호비,,"museum-quality illustration of 단천 방어 성곽 진호비 (Hanging Scroll Travelogue), made of Hanji Scroll with Wooden Rollers, Late Joseon period, Joseon-era Korean ink-and-wash painting (sumukchaesaek) on aged hanji mulberry paper, muted mineral pigments (malachite green, azurite blue, ochre, cinnabar red, ink black), confident brush strokes with dry-brush texture, soft paper grain, restrained palette, in the manner of Kim Hong-do and Jeong Seon, single object centered, plain warm hanji background, soft ambient occlusion, clean silhouette, game item icon, 1:1 --ar 1:1 --style raw","photorealistic, 3d render, anime, chibi, western fantasy, neon, glossy plastic, text, watermark, signature, modern clothing, Chinese Qing costume, Manchu queue hairstyle, Japanese kimono, samurai armor, hakama, hanfu with crossed wide sleeves of Ming court, Japanese katana, multiple objects, hands, cluttered background",Hanging Scroll Travelogue,Hanji Scroll with Wooden Rollers
her_n387,res://assets/icons/heritage/her_n387.png,icon,경성 읍성 남문(해청문),,"museum-quality illustration of 경성 읍성 남문(해청문) (Hanging Scroll Travelogue), made of Hanji Scroll with Wooden Rollers, Mid Joseon period, Joseon-era Korean ink-and-wash painting (sumukchaesaek) on aged hanji mulberry paper, muted mineral pigments (malachite green, azurite blue, ochre, cinnabar red, ink black), confident brush strokes with dry-brush texture, soft paper grain, restrained palette, in the manner of Kim Hong-do and Jeong Seon, single object centered, plain warm hanji background, soft ambient occlusion, clean silhouette, game item icon, 1:1 --ar 1:1 --style raw","photorealistic, 3d render, anime, chibi, western fantasy, neon, glossy plastic, text, watermark, signature, modern clothing, Chinese Qing costume, Manchu queue hairstyle, Japanese kimono, samurai armor, hakama, hanfu with crossed wide sleeves of Ming court, Japanese katana, multiple objects, hands, cluttered background",Hanging Scroll Travelogue,Hanji Scroll with Wooden Rollers
her_n388,res://assets/icons/heritage/her_n388.png,icon,갑산 진영 척경비,,"museum-quality illustration of 갑산 진영 척경비 (Hanging Scroll Travelogue), made of Hanji Scroll with Wooden Rollers, Mid Joseon period, Joseon-era Korean ink-and-wash painting (sumukchaesaek) on aged hanji mulberry paper, muted mineral pigments (malachite green, azurite blue, ochre, cinnabar red, ink black), confident brush strokes with dry-brush texture, soft paper grain, restrained palette, in the manner of Kim Hong-do and Jeong Seon, single object centered, plain warm hanji background, soft ambient occlusion, clean silhouette, game item icon, 1:1 --ar 1:1 --style raw","photorealistic, 3d render, anime, chibi, western fantasy, neon, glossy plastic, text, watermark, signature, modern clothing, Chinese Qing costume, Manchu queue hairstyle, Japanese kimono, samurai armor, hakama, hanfu with crossed wide sleeves of Ming court, Japanese katana, multiple objects, hands, cluttered background",Hanging Scroll Travelogue,Hanji Scroll with Wooden Rollers
her_n390,res://assets/icons/heritage/her_n390.png,icon,갑산 백두산 관방 초소 망루,,"museum-quality illustration of 갑산 백두산 관방 초소 망루 (Hanging Scroll Travelogue), made of Hanji Scroll with Wooden Rollers, Mid Joseon period, Joseon-era Korean ink-and-wash painting (sumukchaesaek) on aged hanji mulberry paper, muted mineral pigments (malachite green, azurite blue, ochre, cinnabar red, ink black), confident brush strokes with dry-brush texture, soft paper grain, restrained palette, in the manner of Kim Hong-do and Jeong Seon, single object centered, plain warm hanji background, soft ambient occlusion, clean silhouette, game item icon, 1:1 --ar 1:1 --style raw","photorealistic, 3d render, anime, chibi, western fantasy, neon, glossy plastic, text, watermark, signature, modern clothing, Chinese Qing costume, Manchu queue hairstyle, Japanese kimono, samurai armor, hakama, hanfu with crossed wide sleeves of Ming court, Japanese katana, multiple objects, hands, cluttered background",Hanging Scroll Travelogue,Hanji Scroll with Wooden Rollers
her_n391,res://assets/icons/heritage/her_n391.png,icon,경성 개심사 팔각석등,,"museum-quality illustration of 경성 개심사 팔각석등 (Hanging Scroll Travelogue), made of Hanji Scroll with Wooden Rollers, Mid Joseon period, Joseon-era Korean ink-and-wash painting (sumukchaesaek) on aged hanji mulberry paper, muted mineral pigments (malachite green, azurite blue, ochre, cinnabar red, ink black), confident brush strokes with dry-brush texture, soft paper grain, restrained palette, in the manner of Kim Hong-do and Jeong Seon, single object centered, plain warm hanji background, soft ambient occlusion, clean silhouette, game item icon, 1:1 --ar 1:1 --style raw","photorealistic, 3d render, anime, chibi, western fantasy, neon, glossy plastic, text, watermark, signature, modern clothing, Chinese Qing costume, Manchu queue hairstyle, Japanese kimono, samurai armor, hakama, hanfu with crossed wide sleeves of Ming court, Japanese katana, multiple objects, hands, cluttered background",Hanging Scroll Travelogue,Hanji Scroll with Wooden Rollers
her_n393,res://assets/icons/heritage/her_n393.png,icon,갑산 만덕산 산신단 신위,,"museum-quality illustration of 갑산 만덕산 산신단 신위 (Hanging Scroll Travelogue), made of Hanji Scroll with Wooden Rollers, Late Joseon period, Joseon-era Korean ink-and-wash painting (sumukchaesaek) on aged hanji mulberry paper, muted mineral pigments (malachite green, azurite blue, ochre, cinnabar red, ink black), confident brush strokes with dry-brush texture, soft paper grain, restrained palette, in the manner of Kim Hong-do and Jeong Seon, single object centered, plain warm hanji background, soft ambient occlusion, clean silhouette, game item icon, 1:1 --ar 1:1 --style raw","photorealistic, 3d render, anime, chibi, western fantasy, neon, glossy plastic, text, watermark, signature, modern clothing, Chinese Qing costume, Manchu queue hairstyle, Japanese kimono, samurai armor, hakama, hanfu with crossed wide sleeves of Ming court, Japanese katana, multiple objects, hands, cluttered background",Hanging Scroll Travelogue,Hanji Scroll with Wooden Rollers
her_n396,res://assets/icons/heritage/her_n396.png,icon,백두산 천지 제천단 석단터,,"museum-quality illustration of 백두산 천지 제천단 석단터 (Hanging Scroll Travelogue), made of Hanji Scroll with Wooden Rollers, Late Joseon period, Joseon-era Korean ink-and-wash painting (sumukchaesaek) on aged hanji mulberry paper, muted mineral pigments (malachite green, azurite blue, ochre, cinnabar red, ink black), confident brush strokes with dry-brush texture, soft paper grain, restrained palette, in the manner of Kim Hong-do and Jeong Seon, single object centered, plain warm hanji background, soft ambient occlusion, clean silhouette, game item icon, 1:1 --ar 1:1 --style raw","photorealistic, 3d render, anime, chibi, western fantasy, neon, glossy plastic, text, watermark, signature, modern clothing, Chinese Qing costume, Manchu queue hairstyle, Japanese kimono, samurai armor, hakama, hanfu with crossed wide sleeves of Ming court, Japanese katana, multiple objects, hands, cluttered background",Hanging Scroll Travelogue,Hanji Scroll with Wooden Rollers
her_n398,res://assets/icons/heritage/her_n398.png,icon,삼수 주성 삼층석탑,,"museum-quality illustration of 삼수 주성 삼층석탑 (Hanging Scroll Travelogue), made of Hanji Scroll with Wooden Rollers, Late Joseon period, Joseon-era Korean ink-and-wash painting (sumukchaesaek) on aged hanji mulberry paper, muted mineral pigments (malachite green, azurite blue, ochre, cinnabar red, ink black), confident brush strokes with dry-brush texture, soft paper grain, restrained palette, in the manner of Kim Hong-do and Jeong Seon, single object centered, plain warm hanji background, soft ambient occlusion, clean silhouette, game item icon, 1:1 --ar 1:1 --style raw","photorealistic, 3d render, anime, chibi, western fantasy, neon, glossy plastic, text, watermark, signature, modern clothing, Chinese Qing costume, Manchu queue hairstyle, Japanese kimono, samurai armor, hakama, hanfu with crossed wide sleeves of Ming court, Japanese katana, multiple objects, hands, cluttered background",Hanging Scroll Travelogue,Hanji Scroll with Wooden Rollers
her_n404,res://assets/icons/heritage/her_n404.png,icon,경성 방어 성곽 진호비,,"museum-quality illustration of 경성 방어 성곽 진호비 (Hanging Scroll Travelogue), made of Hanji Scroll with Wooden Rollers, Late Joseon period, Joseon-era Korean ink-and-wash painting (sumukchaesaek) on aged hanji mulberry paper, muted mineral pigments (malachite green, azurite blue, ochre, cinnabar red, ink black), confident brush strokes with dry-brush texture, soft paper grain, restrained palette, in the manner of Kim Hong-do and Jeong Seon, single object centered, plain warm hanji background, soft ambient occlusion, clean silhouette, game item icon, 1:1 --ar 1:1 --style raw","photorealistic, 3d render, anime, chibi, western fantasy, neon, glossy plastic, text, watermark, signature, modern clothing, Chinese Qing costume, Manchu queue hairstyle, Japanese kimono, samurai armor, hakama, hanfu with crossed wide sleeves of Ming court, Japanese katana, multiple objects, hands, cluttered background",Hanging Scroll Travelogue,Hanji Scroll with Wooden Rollers
her_n407,res://assets/icons/heritage/her_n407.png,icon,회령 읍성 오순문,,"museum-quality illustration of 회령 읍성 오순문 (Hanging Scroll Travelogue), made of Hanji Scroll with Wooden Rollers, Mid Joseon period, Joseon-era Korean ink-and-wash painting (sumukchaesaek) on aged hanji mulberry paper, muted mineral pigments (malachite green, azurite blue, ochre, cinnabar red, ink black), confident brush strokes with dry-brush texture, soft paper grain, restrained palette, in the manner of Kim Hong-do and Jeong Seon, single object centered, plain warm hanji background, soft ambient occlusion, clean silhouette, game item icon, 1:1 --ar 1:1 --style raw","photorealistic, 3d render, anime, chibi, western fantasy, neon, glossy plastic, text, watermark, signature, modern clothing, Chinese Qing costume, Manchu queue hairstyle, Japanese kimono, samurai armor, hakama, hanfu with crossed wide sleeves of Ming court, Japanese katana, multiple objects, hands, cluttered background",Hanging Scroll Travelogue,Hanji Scroll with Wooden Rollers
her_n409,res://assets/icons/heritage/her_n409.png,icon,청진 만덕산 봉수대,,"museum-quality illustration of 청진 만덕산 봉수대 (Hanging Scroll Travelogue), made of Hanji Scroll with Wooden Rollers, Mid Joseon period, Joseon-era Korean ink-and-wash painting (sumukchaesaek) on aged hanji mulberry paper, muted mineral pigments (malachite green, azurite blue, ochre, cinnabar red, ink black), confident brush strokes with dry-brush texture, soft paper grain, restrained palette, in the manner of Kim Hong-do and Jeong Seon, single object centered, plain warm hanji background, soft ambient occlusion, clean silhouette, game item icon, 1:1 --ar 1:1 --style raw","photorealistic, 3d render, anime, chibi, western fantasy, neon, glossy plastic, text, watermark, signature, modern clothing, Chinese Qing costume, Manchu queue hairstyle, Japanese kimono, samurai armor, hakama, hanfu with crossed wide sleeves of Ming court, Japanese katana, multiple objects, hands, cluttered background",Hanging Scroll Travelogue,Hanji Scroll with Wooden Rollers
her_n413,res://assets/icons/heritage/her_n413.png,icon,무산 쇠돌 광산 고대 제철로터,,"museum-quality illustration of 무산 쇠돌 광산 고대 제철로터 (Hanging Scroll Travelogue), made of Hanji Scroll with Wooden Rollers, Mid Joseon period, Joseon-era Korean ink-and-wash painting (sumukchaesaek) on aged hanji mulberry paper, muted mineral pigments (malachite green, azurite blue, ochre, cinnabar red, ink black), confident brush strokes with dry-brush texture, soft paper grain, restrained palette, in the manner of Kim Hong-do and Jeong Seon, single object centered, plain warm hanji background, soft ambient occlusion, clean silhouette, game item icon, 1:1 --ar 1:1 --style raw","photorealistic, 3d render, anime, chibi, western fantasy, neon, glossy plastic, text, watermark, signature, modern clothing, Chinese Qing costume, Manchu queue hairstyle, Japanese kimono, samurai armor, hakama, hanfu with crossed wide sleeves of Ming court, Japanese katana, multiple objects, hands, cluttered background",Hanging Scroll Travelogue,Hanji Scroll with Wooden Rollers
her_n414,res://assets/icons/heritage/her_n414.png,icon,회령 김종서 6진 개척 기념 송덕비,,"museum-quality illustration of 회령 김종서 6진 개척 기념 송덕비 (Hanging Scroll Travelogue), made of Hanji Scroll with Wooden Rollers, Mid Joseon period, Joseon-era Korean ink-and-wash painting (sumukchaesaek) on aged hanji mulberry paper, muted mineral pigments (malachite green, azurite blue, ochre, cinnabar red, ink black), confident brush strokes with dry-brush texture, soft paper grain, restrained palette, in the manner of Kim Hong-do and Jeong Seon, single object centered, plain warm hanji background, soft ambient occlusion, clean silhouette, game item icon, 1:1 --ar 1:1 --style raw","photorealistic, 3d render, anime, chibi, western fantasy, neon, glossy plastic, text, watermark, signature, modern clothing, Chinese Qing costume, Manchu queue hairstyle, Japanese kimono, samurai armor, hakama, hanfu with crossed wide sleeves of Ming court, Japanese katana, multiple objects, hands, cluttered background",Hanging Scroll Travelogue,Hanji Scroll with Wooden Rollers
her_n416,res://assets/icons/heritage/her_n416.png,icon,부령 한천사 석조여래입상,,"museum-quality illustration of 부령 한천사 석조여래입상 (Hanging Scroll Travelogue), made of Hanji Scroll with Wooden Rollers, Late Joseon period, Joseon-era Korean ink-and-wash painting (sumukchaesaek) on aged hanji mulberry paper, muted mineral pigments (malachite green, azurite blue, ochre, cinnabar red, ink black), confident brush strokes with dry-brush texture, soft paper grain, restrained palette, in the manner of Kim Hong-do and Jeong Seon, single object centered, plain warm hanji background, soft ambient occlusion, clean silhouette, game item icon, 1:1 --ar 1:1 --style raw","photorealistic, 3d render, anime, chibi, western fantasy, neon, glossy plastic, text, watermark, signature, modern clothing, Chinese Qing costume, Manchu queue hairstyle, Japanese kimono, samurai armor, hakama, hanfu with crossed wide sleeves of Ming court, Japanese katana, multiple objects, hands, cluttered background",Hanging Scroll Travelogue,Hanji Scroll with Wooden Rollers
her_n418,res://assets/icons/heritage/her_n418.png,icon,무산 주성 삼층석탑,,"museum-quality illustration of 무산 주성 삼층석탑 (Hanging Scroll Travelogue), made of Hanji Scroll with Wooden Rollers, Late Joseon period, Joseon-era Korean ink-and-wash painting (sumukchaesaek) on aged hanji mulberry paper, muted mineral pigments (malachite green, azurite blue, ochre, cinnabar red, ink black), confident brush strokes with dry-brush texture, soft paper grain, restrained palette, in the manner of Kim Hong-do and Jeong Seon, single object centered, plain warm hanji background, soft ambient occlusion, clean silhouette, game item icon, 1:1 --ar 1:1 --style raw","photorealistic, 3d render, anime, chibi, western fantasy, neon, glossy plastic, text, watermark, signature, modern clothing, Chinese Qing costume, Manchu queue hairstyle, Japanese kimono, samurai armor, hakama, hanfu with crossed wide sleeves of Ming court, Japanese katana, multiple objects, hands, cluttered background",Hanging Scroll Travelogue,Hanji Scroll with Wooden Rollers
her_n424,res://assets/icons/heritage/her_n424.png,icon,경흥 방어 성곽 진호비,,"museum-quality illustration of 경흥 방어 성곽 진호비 (Hanging Scroll Travelogue), made of Hanji Scroll with Wooden Rollers, Late Joseon period, Joseon-era Korean ink-and-wash painting (sumukchaesaek) on aged hanji mulberry paper, muted mineral pigments (malachite green, azurite blue, ochre, cinnabar red, ink black), confident brush strokes with dry-brush texture, soft paper grain, restrained palette, in the manner of Kim Hong-do and Jeong Seon, single object centered, plain warm hanji background, soft ambient occlusion, clean silhouette, game item icon, 1:1 --ar 1:1 --style raw","photorealistic, 3d render, anime, chibi, western fantasy, neon, glossy plastic, text, watermark, signature, modern clothing, Chinese Qing costume, Manchu queue hairstyle, Japanese kimono, samurai armor, hakama, hanfu with crossed wide sleeves of Ming court, Japanese katana, multiple objects, hands, cluttered background",Hanging Scroll Travelogue,Hanji Scroll with Wooden Rollers
her_n427,res://assets/icons/heritage/her_n427.png,icon,온성 두만강 수구진 초소,,"museum-quality illustration of 온성 두만강 수구진 초소 (Hanging Scroll Travelogue), made of Hanji Scroll with Wooden Rollers, Mid Joseon period, Joseon-era Korean ink-and-wash painting (sumukchaesaek) on aged hanji mulberry paper, muted mineral pigments (malachite green, azurite blue, ochre, cinnabar red, ink black), confident brush strokes with dry-brush texture, soft paper grain, restrained palette, in the manner of Kim Hong-do and Jeong Seon, single object centered, plain warm hanji background, soft ambient occlusion, clean silhouette, game item icon, 1:1 --ar 1:1 --style raw","photorealistic, 3d render, anime, chibi, western fantasy, neon, glossy plastic, text, watermark, signature, modern clothing, Chinese Qing costume, Manchu queue hairstyle, Japanese kimono, samurai armor, hakama, hanfu with crossed wide sleeves of Ming court, Japanese katana, multiple objects, hands, cluttered background",Hanging Scroll Travelogue,Hanji Scroll with Wooden Rollers
her_n429,res://assets/icons/heritage/her_n429.png,icon,경원 아산보 이순신 조산보 만호터,,"museum-quality illustration of 경원 아산보 이순신 조산보 만호터 (Hanging Scroll Travelogue), made of Hanji Scroll with Wooden Rollers, Mid Joseon period, Joseon-era Korean ink-and-wash painting (sumukchaesaek) on aged hanji mulberry paper, muted mineral pigments (malachite green, azurite blue, ochre, cinnabar red, ink black), confident brush strokes with dry-brush texture, soft paper grain, restrained palette, in the manner of Kim Hong-do and Jeong Seon, single object centered, plain warm hanji background, soft ambient occlusion, clean silhouette, game item icon, 1:1 --ar 1:1 --style raw","photorealistic, 3d render, anime, chibi, western fantasy, neon, glossy plastic, text, watermark, signature, modern clothing, Chinese Qing costume, Manchu queue hairstyle, Japanese kimono, samurai armor, hakama, hanfu with crossed wide sleeves of Ming court, Japanese katana, multiple objects, hands, cluttered background",Hanging Scroll Travelogue,Hanji Scroll with Wooden Rollers
her_n430,res://assets/icons/heritage/her_n430.png,icon,경흥 조산진 흑요석 촉,,"museum-quality illustration of 경흥 조산진 흑요석 촉 (Hanging Scroll Travelogue), made of Hanji Scroll with Wooden Rollers, Mid Joseon period, Joseon-era Korean ink-and-wash painting (sumukchaesaek) on aged hanji mulberry paper, muted mineral pigments (malachite green, azurite blue, ochre, cinnabar red, ink black), confident brush strokes with dry-brush texture, soft paper grain, restrained palette, in the manner of Kim Hong-do and Jeong Seon, single object centered, plain warm hanji background, soft ambient occlusion, clean silhouette, game item icon, 1:1 --ar 1:1 --style raw","photorealistic, 3d render, anime, chibi, western fantasy, neon, glossy plastic, text, watermark, signature, modern clothing, Chinese Qing costume, Manchu queue hairstyle, Japanese kimono, samurai armor, hakama, hanfu with crossed wide sleeves of Ming court, Japanese katana, multiple objects, hands, cluttered background",Hanging Scroll Travelogue,Hanji Scroll with Wooden Rollers
her_n431,res://assets/icons/heritage/her_n431.png,icon,온성 세종 6진 척경 기념비,,"museum-quality illustration of 온성 세종 6진 척경 기념비 (Hanging Scroll Travelogue), made of Hanji Scroll with Wooden Rollers, Mid Joseon period, Joseon-era Korean ink-and-wash painting (sumukchaesaek) on aged hanji mulberry paper, muted mineral pigments (malachite green, azurite blue, ochre, cinnabar red, ink black), confident brush strokes with dry-brush texture, soft paper grain, restrained palette, in the manner of Kim Hong-do and Jeong Seon, single object centered, plain warm hanji background, soft ambient occlusion, clean silhouette, game item icon, 1:1 --ar 1:1 --style raw","photorealistic, 3d render, anime, chibi, western fantasy, neon, glossy plastic, text, watermark, signature, modern clothing, Chinese Qing costume, Manchu queue hairstyle, Japanese kimono, samurai armor, hakama, hanfu with crossed wide sleeves of Ming court, Japanese katana, multiple objects, hands, cluttered background",Hanging Scroll Travelogue,Hanji Scroll with Wooden Rollers
her_n434,res://assets/icons/heritage/her_n434.png,icon,경흥 녹둔도 둔전 경작 개척비,,"museum-quality illustration of 경흥 녹둔도 둔전 경작 개척비 (Hanging Scroll Travelogue), made of Hanji Scroll with Wooden Rollers, Mid Joseon period, Joseon-era Korean ink-and-wash painting (sumukchaesaek) on aged hanji mulberry paper, muted mineral pigments (malachite green, azurite blue, ochre, cinnabar red, ink black), confident brush strokes with dry-brush texture, soft paper grain, restrained palette, in the manner of Kim Hong-do and Jeong Seon, single object centered, plain warm hanji background, soft ambient occlusion, clean silhouette, game item icon, 1:1 --ar 1:1 --style raw","photorealistic, 3d render, anime, chibi, western fantasy, neon, glossy plastic, text, watermark, signature, modern clothing, Chinese Qing costume, Manchu queue hairstyle, Japanese kimono, samurai armor, hakama, hanfu with crossed wide sleeves of Ming court, Japanese katana, multiple objects, hands, cluttered background",Hanging Scroll Travelogue,Hanji Scroll with Wooden Rollers
her_n435,res://assets/icons/heritage/her_n435.png,icon,두만강 하구 해신 제천암,,"museum-quality illustration of 두만강 하구 해신 제천암 (Hanging Scroll Travelogue), made of Hanji Scroll with Wooden Rollers, Late Joseon period, Joseon-era Korean ink-and-wash painting (sumukchaesaek) on aged hanji mulberry paper, muted mineral pigments (malachite green, azurite blue, ochre, cinnabar red, ink black), confident brush strokes with dry-brush texture, soft paper grain, restrained palette, in the manner of Kim Hong-do and Jeong Seon, single object centered, plain warm hanji background, soft ambient occlusion, clean silhouette, game item icon, 1:1 --ar 1:1 --style raw","photorealistic, 3d render, anime, chibi, western fantasy, neon, glossy plastic, text, watermark, signature, modern clothing, Chinese Qing costume, Manchu queue hairstyle, Japanese kimono, samurai armor, hakama, hanfu with crossed wide sleeves of Ming court, Japanese katana, multiple objects, hands, cluttered background",Hanging Scroll Travelogue,Hanji Scroll with Wooden Rollers
her_n438,res://assets/icons/heritage/her_n438.png,icon,종성 주성 삼층석탑,,"museum-quality illustration of 종성 주성 삼층석탑 (Hanging Scroll Travelogue), made of Hanji Scroll with Wooden Rollers, Late Joseon period, Joseon-era Korean ink-and-wash painting (sumukchaesaek) on aged hanji mulberry paper, muted mineral pigments (malachite green, azurite blue, ochre, cinnabar red, ink black), confident brush strokes with dry-brush texture, soft paper grain, restrained palette, in the manner of Kim Hong-do and Jeong Seon, single object centered, plain warm hanji background, soft ambient occlusion, clean silhouette, game item icon, 1:1 --ar 1:1 --style raw","photorealistic, 3d render, anime, chibi, western fantasy, neon, glossy plastic, text, watermark, signature, modern clothing, Chinese Qing costume, Manchu queue hairstyle, Japanese kimono, samurai armor, hakama, hanfu with crossed wide sleeves of Ming court, Japanese katana, multiple objects, hands, cluttered background",Hanging Scroll Travelogue,Hanji Scroll with Wooden Rollers
her_n444,res://assets/icons/heritage/her_n444.png,icon,온성 방어 성곽 진호비,,"museum-quality illustration of 온성 방어 성곽 진호비 (Hanging Scroll Travelogue), made of Hanji Scroll with Wooden Rollers, Late Joseon period, Joseon-era Korean ink-and-wash painting (sumukchaesaek) on aged hanji mulberry paper, muted mineral pigments (malachite green, azurite blue, ochre, cinnabar red, ink black), confident brush strokes with dry-brush texture, soft paper grain, restrained palette, in the manner of Kim Hong-do and Jeong Seon, single object centered, plain warm hanji background, soft ambient occlusion, clean silhouette, game item icon, 1:1 --ar 1:1 --style raw","photorealistic, 3d render, anime, chibi, western fantasy, neon, glossy plastic, text, watermark, signature, modern clothing, Chinese Qing costume, Manchu queue hairstyle, Japanese kimono, samurai armor, hakama, hanfu with crossed wide sleeves of Ming court, Japanese katana, multiple objects, hands, cluttered background",Hanging Scroll Travelogue,Hanji Scroll with Wooden Rollers
lg_yundo,res://assets/icons/items/lg_yundo.png,icon,윤도(지남침),,"museum-quality illustration of 윤도(지남침) (Hanging Scroll Travelogue), made of Hanji Scroll with Wooden Rollers, Late Joseon period, Joseon-era Korean ink-and-wash painting (sumukchaesaek) on aged hanji mulberry paper, muted mineral pigments (malachite green, azurite blue, ochre, cinnabar red, ink black), confident brush strokes with dry-brush texture, soft paper grain, restrained palette, in the manner of Kim Hong-do and Jeong Seon, single object centered, plain warm hanji background, soft ambient occlusion, clean silhouette, game item icon, 1:1 --ar 1:1 --style raw","photorealistic, 3d render, anime, chibi, western fantasy, neon, glossy plastic, text, watermark, signature, modern clothing, Chinese Qing costume, Manchu queue hairstyle, Japanese kimono, samurai armor, hakama, hanfu with crossed wide sleeves of Ming court, Japanese katana, multiple objects, hands, cluttered background",Hanging Scroll Travelogue,Hanji Scroll with Wooden Rollers
lg_daedong_cheop,res://assets/icons/items/lg_daedong_cheop.png,icon,대동여지도 분첩,,"museum-quality illustration of 대동여지도 분첩 (Hanging Scroll Travelogue), made of Hanji Scroll with Wooden Rollers, Mid Joseon period, Joseon-era Korean ink-and-wash painting (sumukchaesaek) on aged hanji mulberry paper, muted mineral pigments (malachite green, azurite blue, ochre, cinnabar red, ink black), confident brush strokes with dry-brush texture, soft paper grain, restrained palette, in the manner of Kim Hong-do and Jeong Seon, single object centered, plain warm hanji background, soft ambient occlusion, clean silhouette, game item icon, 1:1 --ar 1:1 --style raw","photorealistic, 3d render, anime, chibi, western fantasy, neon, glossy plastic, text, watermark, signature, modern clothing, Chinese Qing costume, Manchu queue hairstyle, Japanese kimono, samurai armor, hakama, hanfu with crossed wide sleeves of Ming court, Japanese katana, multiple objects, hands, cluttered background",Hanging Scroll Travelogue,Hanji Scroll with Wooden Rollers
lg_botjim,res://assets/icons/items/lg_botjim.png,icon,봇짐,,"museum-quality illustration of 봇짐 (Hanging Scroll Travelogue), made of Hanji Scroll with Wooden Rollers, Late Joseon period, Joseon-era Korean ink-and-wash painting (sumukchaesaek) on aged hanji mulberry paper, muted mineral pigments (malachite green, azurite blue, ochre, cinnabar red, ink black), confident brush strokes with dry-brush texture, soft paper grain, restrained palette, in the manner of Kim Hong-do and Jeong Seon, single object centered, plain warm hanji background, soft ambient occlusion, clean silhouette, game item icon, 1:1 --ar 1:1 --style raw","photorealistic, 3d render, anime, chibi, western fantasy, neon, glossy plastic, text, watermark, signature, modern clothing, Chinese Qing costume, Manchu queue hairstyle, Japanese kimono, samurai armor, hakama, hanfu with crossed wide sleeves of Ming court, Japanese katana, multiple objects, hands, cluttered background",Hanging Scroll Travelogue,Hanji Scroll with Wooden Rollers
lg_jige,res://assets/icons/items/lg_jige.png,icon,지게,,"museum-quality illustration of 지게 (Hanging Scroll Travelogue), made of Hanji Scroll with Wooden Rollers, Mid Joseon period, Joseon-era Korean ink-and-wash painting (sumukchaesaek) on aged hanji mulberry paper, muted mineral pigments (malachite green, azurite blue, ochre, cinnabar red, ink black), confident brush strokes with dry-brush texture, soft paper grain, restrained palette, in the manner of Kim Hong-do and Jeong Seon, single object centered, plain warm hanji background, soft ambient occlusion, clean silhouette, game item icon, 1:1 --ar 1:1 --style raw","photorealistic, 3d render, anime, chibi, western fantasy, neon, glossy plastic, text, watermark, signature, modern clothing, Chinese Qing costume, Manchu queue hairstyle, Japanese kimono, samurai armor, hakama, hanfu with crossed wide sleeves of Ming court, Japanese katana, multiple objects, hands, cluttered background",Hanging Scroll Travelogue,Hanji Scroll with Wooden Rollers
lg_chanhap,res://assets/icons/items/lg_chanhap.png,icon,옻칠 찬합,,"museum-quality illustration of 옻칠 찬합 (Hanging Scroll Travelogue), made of Hanji Scroll with Wooden Rollers, Mid Joseon period, Joseon-era Korean ink-and-wash painting (sumukchaesaek) on aged hanji mulberry paper, muted mineral pigments (malachite green, azurite blue, ochre, cinnabar red, ink black), confident brush strokes with dry-brush texture, soft paper grain, restrained palette, in the manner of Kim Hong-do and Jeong Seon, single object centered, plain warm hanji background, soft ambient occlusion, clean silhouette, game item icon, 1:1 --ar 1:1 --style raw","photorealistic, 3d render, anime, chibi, western fantasy, neon, glossy plastic, text, watermark, signature, modern clothing, Chinese Qing costume, Manchu queue hairstyle, Japanese kimono, samurai armor, hakama, hanfu with crossed wide sleeves of Ming court, Japanese katana, multiple objects, hands, cluttered background",Hanging Scroll Travelogue,Hanji Scroll with Wooden Rollers
lg_musoe_sot,res://assets/icons/items/lg_musoe_sot.png,icon,무쇠 노구솥,,"museum-quality illustration of 무쇠 노구솥 (Hanging Scroll Travelogue), made of Hanji Scroll with Wooden Rollers, Late Joseon period, Joseon-era Korean ink-and-wash painting (sumukchaesaek) on aged hanji mulberry paper, muted mineral pigments (malachite green, azurite blue, ochre, cinnabar red, ink black), confident brush strokes with dry-brush texture, soft paper grain, restrained palette, in the manner of Kim Hong-do and Jeong Seon, single object centered, plain warm hanji background, soft ambient occlusion, clean silhouette, game item icon, 1:1 --ar 1:1 --style raw","photorealistic, 3d render, anime, chibi, western fantasy, neon, glossy plastic, text, watermark, signature, modern clothing, Chinese Qing costume, Manchu queue hairstyle, Japanese kimono, samurai armor, hakama, hanfu with crossed wide sleeves of Ming court, Japanese katana, multiple objects, hands, cluttered background",Hanging Scroll Travelogue,Hanji Scroll with Wooden Rollers
