id,path,name_kr,category_sub,material,era,prompt
her_001,res://assets/icons/heritage/her_001.png,경주 불국사,Hanging Scroll Travelogue,Hanji Scroll with Wooden Rollers,Early,"A museum-quality historical artifact illustration of 경주 불국사 (Hanging Scroll Travelogue), crafted from Hanji Scroll with Wooden Rollers, dating back to Early Joseon Dynasty. Joseon-era Korean ink-and-wash painting (sumukchaesaek) on aged hanji mulberry paper, muted mineral pigments (malachite green, azurite blue, ochre, cinnabar red, ink black), confident brush strokes with dry-brush texture, soft paper grain, restrained palette, in the manner of Kim Hong-do and Jeong Seon, single object centered, plain warm hanji background, soft ambient occlusion, clean silhouette, game item icon, 1:1 --ar 1:1 --style raw"
her_002,res://assets/icons/heritage/her_002.png,경주 석굴암 석굴,Hanging Scroll Travelogue,Hanji Scroll with Wooden Rollers,Early,"A museum-quality historical artifact illustration of 경주 석굴암 석굴 (Hanging Scroll Travelogue), crafted from Hanji Scroll with Wooden Rollers, dating back to Early Joseon Dynasty. Joseon-era Korean ink-and-wash painting (sumukchaesaek) on aged hanji mulberry paper, muted mineral pigments (malachite green, azurite blue, ochre, cinnabar red, ink black), confident brush strokes with dry-brush texture, soft paper grain, restrained palette, in the manner of Kim Hong-do and Jeong Seon, single object centered, plain warm hanji background, soft ambient occlusion, clean silhouette, game item icon, 1:1 --ar 1:1 --style raw"
her_003,res://assets/icons/heritage/her_003.png,서울 숭례문,Hanging Scroll Travelogue,Hanji Scroll with Wooden Rollers,Mid,"A museum-quality historical artifact illustration of 서울 숭례문 (Hanging Scroll Travelogue), crafted from Hanji Scroll with Wooden Rollers, dating back to Mid Joseon Dynasty. Joseon-era Korean ink-and-wash painting (sumukchaesaek) on aged hanji mulberry paper, muted mineral pigments (malachite green, azurite blue, ochre, cinnabar red, ink black), confident brush strokes with dry-brush texture, soft paper grain, restrained palette, in the manner of Kim Hong-do and Jeong Seon, single object centered, plain warm hanji background, soft ambient occlusion, clean silhouette, game item icon, 1:1 --ar 1:1 --style raw"
her_004,res://assets/icons/heritage/her_004.png,수원 화성,Hanging Scroll Travelogue,Hanji Scroll with Wooden Rollers,Mid,"A museum-quality historical artifact illustration of 수원 화성 (Hanging Scroll Travelogue), crafted from Hanji Scroll with Wooden Rollers, dating back to Mid Joseon Dynasty. Joseon-era Korean ink-and-wash painting (sumukchaesaek) on aged hanji mulberry paper, muted mineral pigments (malachite green, azurite blue, ochre, cinnabar red, ink black), confident brush strokes with dry-brush texture, soft paper grain, restrained palette, in the manner of Kim Hong-do and Jeong Seon, single object centered, plain warm hanji background, soft ambient occlusion, clean silhouette, game item icon, 1:1 --ar 1:1 --style raw"
her_005,res://assets/icons/heritage/her_005.png,합천 해인사 장경판전,Hanging Scroll Travelogue,Hanji Scroll with Wooden Rollers,Early,"A museum-quality historical artifact illustration of 합천 해인사 장경판전 (Hanging Scroll Travelogue), crafted from Hanji Scroll with Wooden Rollers, dating back to Early Joseon Dynasty. Joseon-era Korean ink-and-wash painting (sumukchaesaek) on aged hanji mulberry paper, muted mineral pigments (malachite green, azurite blue, ochre, cinnabar red, ink black), confident brush strokes with dry-brush texture, soft paper grain, restrained palette, in the manner of Kim Hong-do and Jeong Seon, single object centered, plain warm hanji background, soft ambient occlusion, clean silhouette, game item icon, 1:1 --ar 1:1 --style raw"
her_006,res://assets/icons/heritage/her_006.png,강진 청자 요지,Crafted Specialty Goods,Traditional Handcraft Materials,Mid,"A museum-quality historical artifact illustration of 강진 청자 요지 (Crafted Specialty Goods), crafted from Traditional Handcraft Materials, dating back to Mid Joseon Dynasty. Joseon-era Korean ink-and-wash painting (sumukchaesaek) on aged hanji mulberry paper, muted mineral pigments (malachite green, azurite blue, ochre, cinnabar red, ink black), confident brush strokes with dry-brush texture, soft paper grain, restrained palette, in the manner of Kim Hong-do and Jeong Seon, single object centered, plain warm hanji background, soft ambient occlusion, clean silhouette, game item icon, 1:1 --ar 1:1 --style raw"
her_007,res://assets/icons/heritage/her_007.png,광주 분원 백자 가마터,Crafted Specialty Goods,Traditional Handcraft Materials,Mid,"A museum-quality historical artifact illustration of 광주 분원 백자 가마터 (Crafted Specialty Goods), crafted from Traditional Handcraft Materials, dating back to Mid Joseon Dynasty. Joseon-era Korean ink-and-wash painting (sumukchaesaek) on aged hanji mulberry paper, muted mineral pigments (malachite green, azurite blue, ochre, cinnabar red, ink black), confident brush strokes with dry-brush texture, soft paper grain, restrained palette, in the manner of Kim Hong-do and Jeong Seon, single object centered, plain warm hanji background, soft ambient occlusion, clean silhouette, game item icon, 1:1 --ar 1:1 --style raw"
her_008,res://assets/icons/heritage/her_008.png,통영 나전칠기 공방,Crafted Specialty Goods,Traditional Handcraft Materials,Mid,"A museum-quality historical artifact illustration of 통영 나전칠기 공방 (Crafted Specialty Goods), crafted from Traditional Handcraft Materials, dating back to Mid Joseon Dynasty. Joseon-era Korean ink-and-wash painting (sumukchaesaek) on aged hanji mulberry paper, muted mineral pigments (malachite green, azurite blue, ochre, cinnabar red, ink black), confident brush strokes with dry-brush texture, soft paper grain, restrained palette, in the manner of Kim Hong-do and Jeong Seon, single object centered, plain warm hanji background, soft ambient occlusion, clean silhouette, game item icon, 1:1 --ar 1:1 --style raw"
her_009,res://assets/icons/heritage/her_009.png,제주 칠머리당 영등굿,Talisman Ornament,Gilt Bronze and Silk Tassel,Late,"A museum-quality historical artifact illustration of 제주 칠머리당 영등굿 (Talisman Ornament), crafted from Gilt Bronze and Silk Tassel, dating back to Late Joseon Dynasty. Joseon-era Korean ink-and-wash painting (sumukchaesaek) on aged hanji mulberry paper, muted mineral pigments (malachite green, azurite blue, ochre, cinnabar red, ink black), confident brush strokes with dry-brush texture, soft paper grain, restrained palette, in the manner of Kim Hong-do and Jeong Seon, single object centered, plain warm hanji background, soft ambient occlusion, clean silhouette, game item icon, 1:1 --ar 1:1 --style raw"
her_010,res://assets/icons/heritage/her_010.png,진도 씻김굿,Talisman Ornament,Gilt Bronze and Silk Tassel,Late,"A museum-quality historical artifact illustration of 진도 씻김굿 (Talisman Ornament), crafted from Gilt Bronze and Silk Tassel, dating back to Late Joseon Dynasty. Joseon-era Korean ink-and-wash painting (sumukchaesaek) on aged hanji mulberry paper, muted mineral pigments (malachite green, azurite blue, ochre, cinnabar red, ink black), confident brush strokes with dry-brush texture, soft paper grain, restrained palette, in the manner of Kim Hong-do and Jeong Seon, single object centered, plain warm hanji background, soft ambient occlusion, clean silhouette, game item icon, 1:1 --ar 1:1 --style raw"
her_011,res://assets/icons/heritage/her_011.png,사인참사검,Ceremonial Sword,Forged Steel with Gold Inlay,Mid,"A museum-quality historical artifact illustration of 사인참사검 (Ceremonial Sword), crafted from Forged Steel with Gold Inlay, dating back to Mid Joseon Dynasty. Joseon-era Korean ink-and-wash painting (sumukchaesaek) on aged hanji mulberry paper, muted mineral pigments (malachite green, azurite blue, ochre, cinnabar red, ink black), confident brush strokes with dry-brush texture, soft paper grain, restrained palette, in the manner of Kim Hong-do and Jeong Seon, single object centered, plain warm hanji background, soft ambient occlusion, clean silhouette, game item icon, 1:1 --ar 1:1 --style raw"
her_012,res://assets/icons/heritage/her_012.png,고령 지산동 가야 금동관,Ceremonial Sword,Forged Steel with Gold Inlay,Mid,"A museum-quality historical artifact illustration of 고령 지산동 가야 금동관 (Ceremonial Sword), crafted from Forged Steel with Gold Inlay, dating back to Mid Joseon Dynasty. Joseon-era Korean ink-and-wash painting (sumukchaesaek) on aged hanji mulberry paper, muted mineral pigments (malachite green, azurite blue, ochre, cinnabar red, ink black), confident brush strokes with dry-brush texture, soft paper grain, restrained palette, in the manner of Kim Hong-do and Jeong Seon, single object centered, plain warm hanji background, soft ambient occlusion, clean silhouette, game item icon, 1:1 --ar 1:1 --style raw"
her_013,res://assets/icons/heritage/her_013.png,훈민정음 해례본,Ancient Historical Manuscript,Mulberry Hanji Paper & Ink,Early,"A museum-quality historical artifact illustration of 훈민정음 해례본 (Ancient Historical Manuscript), crafted from Mulberry Hanji Paper & Ink, dating back to Early Joseon Dynasty. Joseon-era Korean ink-and-wash painting (sumukchaesaek) on aged hanji mulberry paper, muted mineral pigments (malachite green, azurite blue, ochre, cinnabar red, ink black), confident brush strokes with dry-brush texture, soft paper grain, restrained palette, in the manner of Kim Hong-do and Jeong Seon, single object centered, plain warm hanji background, soft ambient occlusion, clean silhouette, game item icon, 1:1 --ar 1:1 --style raw"
her_014,res://assets/icons/heritage/her_014.png,조선경국전,Ancient Historical Manuscript,Mulberry Hanji Paper & Ink,Mid,"A museum-quality historical artifact illustration of 조선경국전 (Ancient Historical Manuscript), crafted from Mulberry Hanji Paper & Ink, dating back to Mid Joseon Dynasty. Joseon-era Korean ink-and-wash painting (sumukchaesaek) on aged hanji mulberry paper, muted mineral pigments (malachite green, azurite blue, ochre, cinnabar red, ink black), confident brush strokes with dry-brush texture, soft paper grain, restrained palette, in the manner of Kim Hong-do and Jeong Seon, single object centered, plain warm hanji background, soft ambient occlusion, clean silhouette, game item icon, 1:1 --ar 1:1 --style raw"
her_015,res://assets/icons/heritage/her_015.png,개성 만월대,Hanging Scroll Travelogue,Hanji Scroll with Wooden Rollers,Mid,"A museum-quality historical artifact illustration of 개성 만월대 (Hanging Scroll Travelogue), crafted from Hanji Scroll with Wooden Rollers, dating back to Mid Joseon Dynasty. Joseon-era Korean ink-and-wash painting (sumukchaesaek) on aged hanji mulberry paper, muted mineral pigments (malachite green, azurite blue, ochre, cinnabar red, ink black), confident brush strokes with dry-brush texture, soft paper grain, restrained palette, in the manner of Kim Hong-do and Jeong Seon, single object centered, plain warm hanji background, soft ambient occlusion, clean silhouette, game item icon, 1:1 --ar 1:1 --style raw"
her_016,res://assets/icons/heritage/her_016.png,묘향산 보현사,Hanging Scroll Travelogue,Hanji Scroll with Wooden Rollers,Mid,"A museum-quality historical artifact illustration of 묘향산 보현사 (Hanging Scroll Travelogue), crafted from Hanji Scroll with Wooden Rollers, dating back to Mid Joseon Dynasty. Joseon-era Korean ink-and-wash painting (sumukchaesaek) on aged hanji mulberry paper, muted mineral pigments (malachite green, azurite blue, ochre, cinnabar red, ink black), confident brush strokes with dry-brush texture, soft paper grain, restrained palette, in the manner of Kim Hong-do and Jeong Seon, single object centered, plain warm hanji background, soft ambient occlusion, clean silhouette, game item icon, 1:1 --ar 1:1 --style raw"
her_017,res://assets/icons/heritage/her_017.png,백두산 정계비 터,Hanging Scroll Travelogue,Hanji Scroll with Wooden Rollers,Mid,"A museum-quality historical artifact illustration of 백두산 정계비 터 (Hanging Scroll Travelogue), crafted from Hanji Scroll with Wooden Rollers, dating back to Mid Joseon Dynasty. Joseon-era Korean ink-and-wash painting (sumukchaesaek) on aged hanji mulberry paper, muted mineral pigments (malachite green, azurite blue, ochre, cinnabar red, ink black), confident brush strokes with dry-brush texture, soft paper grain, restrained palette, in the manner of Kim Hong-do and Jeong Seon, single object centered, plain warm hanji background, soft ambient occlusion, clean silhouette, game item icon, 1:1 --ar 1:1 --style raw"
her_018,res://assets/icons/heritage/her_018.png,밀양 영남루,Hanging Scroll Travelogue,Hanji Scroll with Wooden Rollers,Late,"A museum-quality historical artifact illustration of 밀양 영남루 (Hanging Scroll Travelogue), crafted from Hanji Scroll with Wooden Rollers, dating back to Late Joseon Dynasty. Joseon-era Korean ink-and-wash painting (sumukchaesaek) on aged hanji mulberry paper, muted mineral pigments (malachite green, azurite blue, ochre, cinnabar red, ink black), confident brush strokes with dry-brush texture, soft paper grain, restrained palette, in the manner of Kim Hong-do and Jeong Seon, single object centered, plain warm hanji background, soft ambient occlusion, clean silhouette, game item icon, 1:1 --ar 1:1 --style raw"
her_019,res://assets/icons/heritage/her_019.png,문경 조령관문,Hanging Scroll Travelogue,Hanji Scroll with Wooden Rollers,Late,"A museum-quality historical artifact illustration of 문경 조령관문 (Hanging Scroll Travelogue), crafted from Hanji Scroll with Wooden Rollers, dating back to Late Joseon Dynasty. Joseon-era Korean ink-and-wash painting (sumukchaesaek) on aged hanji mulberry paper, muted mineral pigments (malachite green, azurite blue, ochre, cinnabar red, ink black), confident brush strokes with dry-brush texture, soft paper grain, restrained palette, in the manner of Kim Hong-do and Jeong Seon, single object centered, plain warm hanji background, soft ambient occlusion, clean silhouette, game item icon, 1:1 --ar 1:1 --style raw"
her_020,res://assets/icons/heritage/her_020.png,삼척 죽서루,Hanging Scroll Travelogue,Hanji Scroll with Wooden Rollers,Late,"A museum-quality historical artifact illustration of 삼척 죽서루 (Hanging Scroll Travelogue), crafted from Hanji Scroll with Wooden Rollers, dating back to Late Joseon Dynasty. Joseon-era Korean ink-and-wash painting (sumukchaesaek) on aged hanji mulberry paper, muted mineral pigments (malachite green, azurite blue, ochre, cinnabar red, ink black), confident brush strokes with dry-brush texture, soft paper grain, restrained palette, in the manner of Kim Hong-do and Jeong Seon, single object centered, plain warm hanji background, soft ambient occlusion, clean silhouette, game item icon, 1:1 --ar 1:1 --style raw"
her_021,res://assets/icons/heritage/her_021.png,평양 대동문,Hanging Scroll Travelogue,Hanji Scroll with Wooden Rollers,Late,"A museum-quality historical artifact illustration of 평양 대동문 (Hanging Scroll Travelogue), crafted from Hanji Scroll with Wooden Rollers, dating back to Late Joseon Dynasty. Joseon-era Korean ink-and-wash painting (sumukchaesaek) on aged hanji mulberry paper, muted mineral pigments (malachite green, azurite blue, ochre, cinnabar red, ink black), confident brush strokes with dry-brush texture, soft paper grain, restrained palette, in the manner of Kim Hong-do and Jeong Seon, single object centered, plain warm hanji background, soft ambient occlusion, clean silhouette, game item icon, 1:1 --ar 1:1 --style raw"
her_022,res://assets/icons/heritage/her_022.png,함흥 본궁,Hanging Scroll Travelogue,Hanji Scroll with Wooden Rollers,Mid,"A museum-quality historical artifact illustration of 함흥 본궁 (Hanging Scroll Travelogue), crafted from Hanji Scroll with Wooden Rollers, dating back to Mid Joseon Dynasty. Joseon-era Korean ink-and-wash painting (sumukchaesaek) on aged hanji mulberry paper, muted mineral pigments (malachite green, azurite blue, ochre, cinnabar red, ink black), confident brush strokes with dry-brush texture, soft paper grain, restrained palette, in the manner of Kim Hong-do and Jeong Seon, single object centered, plain warm hanji background, soft ambient occlusion, clean silhouette, game item icon, 1:1 --ar 1:1 --style raw"
her_023,res://assets/icons/heritage/her_023.png,개성부,Hanging Scroll Travelogue,Hanji Scroll with Wooden Rollers,Mid,"A museum-quality historical artifact illustration of 개성부 (Hanging Scroll Travelogue), crafted from Hanji Scroll with Wooden Rollers, dating back to Mid Joseon Dynasty. Joseon-era Korean ink-and-wash painting (sumukchaesaek) on aged hanji mulberry paper, muted mineral pigments (malachite green, azurite blue, ochre, cinnabar red, ink black), confident brush strokes with dry-brush texture, soft paper grain, restrained palette, in the manner of Kim Hong-do and Jeong Seon, single object centered, plain warm hanji background, soft ambient occlusion, clean silhouette, game item icon, 1:1 --ar 1:1 --style raw"
her_024,res://assets/icons/heritage/her_024.png,강화유수부,Hanging Scroll Travelogue,Hanji Scroll with Wooden Rollers,Mid,"A museum-quality historical artifact illustration of 강화유수부 (Hanging Scroll Travelogue), crafted from Hanji Scroll with Wooden Rollers, dating back to Mid Joseon Dynasty. Joseon-era Korean ink-and-wash painting (sumukchaesaek) on aged hanji mulberry paper, muted mineral pigments (malachite green, azurite blue, ochre, cinnabar red, ink black), confident brush strokes with dry-brush texture, soft paper grain, restrained palette, in the manner of Kim Hong-do and Jeong Seon, single object centered, plain warm hanji background, soft ambient occlusion, clean silhouette, game item icon, 1:1 --ar 1:1 --style raw"
her_025,res://assets/icons/heritage/her_025.png,전등사,Hanging Scroll Travelogue,Hanji Scroll with Wooden Rollers,Mid,"A museum-quality historical artifact illustration of 전등사 (Hanging Scroll Travelogue), crafted from Hanji Scroll with Wooden Rollers, dating back to Mid Joseon Dynasty. Joseon-era Korean ink-and-wash painting (sumukchaesaek) on aged hanji mulberry paper, muted mineral pigments (malachite green, azurite blue, ochre, cinnabar red, ink black), confident brush strokes with dry-brush texture, soft paper grain, restrained palette, in the manner of Kim Hong-do and Jeong Seon, single object centered, plain warm hanji background, soft ambient occlusion, clean silhouette, game item icon, 1:1 --ar 1:1 --style raw"
her_026,res://assets/icons/heritage/her_026.png,보광사,Hanging Scroll Travelogue,Hanji Scroll with Wooden Rollers,Late,"A museum-quality historical artifact illustration of 보광사 (Hanging Scroll Travelogue), crafted from Hanji Scroll with Wooden Rollers, dating back to Late Joseon Dynasty. Joseon-era Korean ink-and-wash painting (sumukchaesaek) on aged hanji mulberry paper, muted mineral pigments (malachite green, azurite blue, ochre, cinnabar red, ink black), confident brush strokes with dry-brush texture, soft paper grain, restrained palette, in the manner of Kim Hong-do and Jeong Seon, single object centered, plain warm hanji background, soft ambient occlusion, clean silhouette, game item icon, 1:1 --ar 1:1 --style raw"
her_027,res://assets/icons/heritage/her_027.png,덕진진,Hanging Scroll Travelogue,Hanji Scroll with Wooden Rollers,Mid,"A museum-quality historical artifact illustration of 덕진진 (Hanging Scroll Travelogue), crafted from Hanji Scroll with Wooden Rollers, dating back to Mid Joseon Dynasty. Joseon-era Korean ink-and-wash painting (sumukchaesaek) on aged hanji mulberry paper, muted mineral pigments (malachite green, azurite blue, ochre, cinnabar red, ink black), confident brush strokes with dry-brush texture, soft paper grain, restrained palette, in the manner of Kim Hong-do and Jeong Seon, single object centered, plain warm hanji background, soft ambient occlusion, clean silhouette, game item icon, 1:1 --ar 1:1 --style raw"
her_028,res://assets/icons/heritage/her_028.png,광주유수부,Hanging Scroll Travelogue,Hanji Scroll with Wooden Rollers,Late,"A museum-quality historical artifact illustration of 광주유수부 (Hanging Scroll Travelogue), crafted from Hanji Scroll with Wooden Rollers, dating back to Late Joseon Dynasty. Joseon-era Korean ink-and-wash painting (sumukchaesaek) on aged hanji mulberry paper, muted mineral pigments (malachite green, azurite blue, ochre, cinnabar red, ink black), confident brush strokes with dry-brush texture, soft paper grain, restrained palette, in the manner of Kim Hong-do and Jeong Seon, single object centered, plain warm hanji background, soft ambient occlusion, clean silhouette, game item icon, 1:1 --ar 1:1 --style raw"
her_029,res://assets/icons/heritage/her_029.png,조계사,Hanging Scroll Travelogue,Hanji Scroll with Wooden Rollers,Late,"A museum-quality historical artifact illustration of 조계사 (Hanging Scroll Travelogue), crafted from Hanji Scroll with Wooden Rollers, dating back to Late Joseon Dynasty. Joseon-era Korean ink-and-wash painting (sumukchaesaek) on aged hanji mulberry paper, muted mineral pigments (malachite green, azurite blue, ochre, cinnabar red, ink black), confident brush strokes with dry-brush texture, soft paper grain, restrained palette, in the manner of Kim Hong-do and Jeong Seon, single object centered, plain warm hanji background, soft ambient occlusion, clean silhouette, game item icon, 1:1 --ar 1:1 --style raw"
her_030,res://assets/icons/heritage/her_030.png,용주사,Hanging Scroll Travelogue,Hanji Scroll with Wooden Rollers,Mid,"A museum-quality historical artifact illustration of 용주사 (Hanging Scroll Travelogue), crafted from Hanji Scroll with Wooden Rollers, dating back to Mid Joseon Dynasty. Joseon-era Korean ink-and-wash painting (sumukchaesaek) on aged hanji mulberry paper, muted mineral pigments (malachite green, azurite blue, ochre, cinnabar red, ink black), confident brush strokes with dry-brush texture, soft paper grain, restrained palette, in the manner of Kim Hong-do and Jeong Seon, single object centered, plain warm hanji background, soft ambient occlusion, clean silhouette, game item icon, 1:1 --ar 1:1 --style raw"
her_031,res://assets/icons/heritage/her_031.png,신륵사,Hanging Scroll Travelogue,Hanji Scroll with Wooden Rollers,Mid,"A museum-quality historical artifact illustration of 신륵사 (Hanging Scroll Travelogue), crafted from Hanji Scroll with Wooden Rollers, dating back to Mid Joseon Dynasty. Joseon-era Korean ink-and-wash painting (sumukchaesaek) on aged hanji mulberry paper, muted mineral pigments (malachite green, azurite blue, ochre, cinnabar red, ink black), confident brush strokes with dry-brush texture, soft paper grain, restrained palette, in the manner of Kim Hong-do and Jeong Seon, single object centered, plain warm hanji background, soft ambient occlusion, clean silhouette, game item icon, 1:1 --ar 1:1 --style raw"
her_032,res://assets/icons/heritage/her_032.png,남한산성,Hanging Scroll Travelogue,Hanji Scroll with Wooden Rollers,Mid,"A museum-quality historical artifact illustration of 남한산성 (Hanging Scroll Travelogue), crafted from Hanji Scroll with Wooden Rollers, dating back to Mid Joseon Dynasty. Joseon-era Korean ink-and-wash painting (sumukchaesaek) on aged hanji mulberry paper, muted mineral pigments (malachite green, azurite blue, ochre, cinnabar red, ink black), confident brush strokes with dry-brush texture, soft paper grain, restrained palette, in the manner of Kim Hong-do and Jeong Seon, single object centered, plain warm hanji background, soft ambient occlusion, clean silhouette, game item icon, 1:1 --ar 1:1 --style raw"
her_033,res://assets/icons/heritage/her_033.png,철원도호부,Hanging Scroll Travelogue,Hanji Scroll with Wooden Rollers,Late,"A museum-quality historical artifact illustration of 철원도호부 (Hanging Scroll Travelogue), crafted from Hanji Scroll with Wooden Rollers, dating back to Late Joseon Dynasty. Joseon-era Korean ink-and-wash painting (sumukchaesaek) on aged hanji mulberry paper, muted mineral pigments (malachite green, azurite blue, ochre, cinnabar red, ink black), confident brush strokes with dry-brush texture, soft paper grain, restrained palette, in the manner of Kim Hong-do and Jeong Seon, single object centered, plain warm hanji background, soft ambient occlusion, clean silhouette, game item icon, 1:1 --ar 1:1 --style raw"
her_034,res://assets/icons/heritage/her_034.png,춘천부,Hanging Scroll Travelogue,Hanji Scroll with Wooden Rollers,Late,"A museum-quality historical artifact illustration of 춘천부 (Hanging Scroll Travelogue), crafted from Hanji Scroll with Wooden Rollers, dating back to Late Joseon Dynasty. Joseon-era Korean ink-and-wash painting (sumukchaesaek) on aged hanji mulberry paper, muted mineral pigments (malachite green, azurite blue, ochre, cinnabar red, ink black), confident brush strokes with dry-brush texture, soft paper grain, restrained palette, in the manner of Kim Hong-do and Jeong Seon, single object centered, plain warm hanji background, soft ambient occlusion, clean silhouette, game item icon, 1:1 --ar 1:1 --style raw"
her_035,res://assets/icons/heritage/her_035.png,건봉사,Hanging Scroll Travelogue,Hanji Scroll with Wooden Rollers,Mid,"A museum-quality historical artifact illustration of 건봉사 (Hanging Scroll Travelogue), crafted from Hanji Scroll with Wooden Rollers, dating back to Mid Joseon Dynasty. Joseon-era Korean ink-and-wash painting (sumukchaesaek) on aged hanji mulberry paper, muted mineral pigments (malachite green, azurite blue, ochre, cinnabar red, ink black), confident brush strokes with dry-brush texture, soft paper grain, restrained palette, in the manner of Kim Hong-do and Jeong Seon, single object centered, plain warm hanji background, soft ambient occlusion, clean silhouette, game item icon, 1:1 --ar 1:1 --style raw"
her_036,res://assets/icons/heritage/her_036.png,백담사,Hanging Scroll Travelogue,Hanji Scroll with Wooden Rollers,Mid,"A museum-quality historical artifact illustration of 백담사 (Hanging Scroll Travelogue), crafted from Hanji Scroll with Wooden Rollers, dating back to Mid Joseon Dynasty. Joseon-era Korean ink-and-wash painting (sumukchaesaek) on aged hanji mulberry paper, muted mineral pigments (malachite green, azurite blue, ochre, cinnabar red, ink black), confident brush strokes with dry-brush texture, soft paper grain, restrained palette, in the manner of Kim Hong-do and Jeong Seon, single object centered, plain warm hanji background, soft ambient occlusion, clean silhouette, game item icon, 1:1 --ar 1:1 --style raw"
her_037,res://assets/icons/heritage/her_037.png,금강산 구룡폭,Hanging Scroll Travelogue,Hanji Scroll with Wooden Rollers,Mid,"A museum-quality historical artifact illustration of 금강산 구룡폭 (Hanging Scroll Travelogue), crafted from Hanji Scroll with Wooden Rollers, dating back to Mid Joseon Dynasty. Joseon-era Korean ink-and-wash painting (sumukchaesaek) on aged hanji mulberry paper, muted mineral pigments (malachite green, azurite blue, ochre, cinnabar red, ink black), confident brush strokes with dry-brush texture, soft paper grain, restrained palette, in the manner of Kim Hong-do and Jeong Seon, single object centered, plain warm hanji background, soft ambient occlusion, clean silhouette, game item icon, 1:1 --ar 1:1 --style raw"
her_038,res://assets/icons/heritage/her_038.png,철원 삼부연,Hanging Scroll Travelogue,Hanji Scroll with Wooden Rollers,Late,"A museum-quality historical artifact illustration of 철원 삼부연 (Hanging Scroll Travelogue), crafted from Hanji Scroll with Wooden Rollers, dating back to Late Joseon Dynasty. Joseon-era Korean ink-and-wash painting (sumukchaesaek) on aged hanji mulberry paper, muted mineral pigments (malachite green, azurite blue, ochre, cinnabar red, ink black), confident brush strokes with dry-brush texture, soft paper grain, restrained palette, in the manner of Kim Hong-do and Jeong Seon, single object centered, plain warm hanji background, soft ambient occlusion, clean silhouette, game item icon, 1:1 --ar 1:1 --style raw"
her_039,res://assets/icons/heritage/her_039.png,원주 강원감영,Hanging Scroll Travelogue,Hanji Scroll with Wooden Rollers,Late,"A museum-quality historical artifact illustration of 원주 강원감영 (Hanging Scroll Travelogue), crafted from Hanji Scroll with Wooden Rollers, dating back to Late Joseon Dynasty. Joseon-era Korean ink-and-wash painting (sumukchaesaek) on aged hanji mulberry paper, muted mineral pigments (malachite green, azurite blue, ochre, cinnabar red, ink black), confident brush strokes with dry-brush texture, soft paper grain, restrained palette, in the manner of Kim Hong-do and Jeong Seon, single object centered, plain warm hanji background, soft ambient occlusion, clean silhouette, game item icon, 1:1 --ar 1:1 --style raw"
her_040,res://assets/icons/heritage/her_040.png,강릉대도호부,Hanging Scroll Travelogue,Hanji Scroll with Wooden Rollers,Late,"A museum-quality historical artifact illustration of 강릉대도호부 (Hanging Scroll Travelogue), crafted from Hanji Scroll with Wooden Rollers, dating back to Late Joseon Dynasty. Joseon-era Korean ink-and-wash painting (sumukchaesaek) on aged hanji mulberry paper, muted mineral pigments (malachite green, azurite blue, ochre, cinnabar red, ink black), confident brush strokes with dry-brush texture, soft paper grain, restrained palette, in the manner of Kim Hong-do and Jeong Seon, single object centered, plain warm hanji background, soft ambient occlusion, clean silhouette, game item icon, 1:1 --ar 1:1 --style raw"
her_041,res://assets/icons/heritage/her_041.png,월정사,Hanging Scroll Travelogue,Hanji Scroll with Wooden Rollers,Mid,"A museum-quality historical artifact illustration of 월정사 (Hanging Scroll Travelogue), crafted from Hanji Scroll with Wooden Rollers, dating back to Mid Joseon Dynasty. Joseon-era Korean ink-and-wash painting (sumukchaesaek) on aged hanji mulberry paper, muted mineral pigments (malachite green, azurite blue, ochre, cinnabar red, ink black), confident brush strokes with dry-brush texture, soft paper grain, restrained palette, in the manner of Kim Hong-do and Jeong Seon, single object centered, plain warm hanji background, soft ambient occlusion, clean silhouette, game item icon, 1:1 --ar 1:1 --style raw"
her_042,res://assets/icons/heritage/her_042.png,삼척 신흥사,Hanging Scroll Travelogue,Hanji Scroll with Wooden Rollers,Late,"A museum-quality historical artifact illustration of 삼척 신흥사 (Hanging Scroll Travelogue), crafted from Hanji Scroll with Wooden Rollers, dating back to Late Joseon Dynasty. Joseon-era Korean ink-and-wash painting (sumukchaesaek) on aged hanji mulberry paper, muted mineral pigments (malachite green, azurite blue, ochre, cinnabar red, ink black), confident brush strokes with dry-brush texture, soft paper grain, restrained palette, in the manner of Kim Hong-do and Jeong Seon, single object centered, plain warm hanji background, soft ambient occlusion, clean silhouette, game item icon, 1:1 --ar 1:1 --style raw"
her_043,res://assets/icons/heritage/her_043.png,충주목,Hanging Scroll Travelogue,Hanji Scroll with Wooden Rollers,Late,"A museum-quality historical artifact illustration of 충주목 (Hanging Scroll Travelogue), crafted from Hanji Scroll with Wooden Rollers, dating back to Late Joseon Dynasty. Joseon-era Korean ink-and-wash painting (sumukchaesaek) on aged hanji mulberry paper, muted mineral pigments (malachite green, azurite blue, ochre, cinnabar red, ink black), confident brush strokes with dry-brush texture, soft paper grain, restrained palette, in the manner of Kim Hong-do and Jeong Seon, single object centered, plain warm hanji background, soft ambient occlusion, clean silhouette, game item icon, 1:1 --ar 1:1 --style raw"
her_044,res://assets/icons/heritage/her_044.png,청주목,Hanging Scroll Travelogue,Hanji Scroll with Wooden Rollers,Late,"A museum-quality historical artifact illustration of 청주목 (Hanging Scroll Travelogue), crafted from Hanji Scroll with Wooden Rollers, dating back to Late Joseon Dynasty. Joseon-era Korean ink-and-wash painting (sumukchaesaek) on aged hanji mulberry paper, muted mineral pigments (malachite green, azurite blue, ochre, cinnabar red, ink black), confident brush strokes with dry-brush texture, soft paper grain, restrained palette, in the manner of Kim Hong-do and Jeong Seon, single object centered, plain warm hanji background, soft ambient occlusion, clean silhouette, game item icon, 1:1 --ar 1:1 --style raw"
her_045,res://assets/icons/heritage/her_045.png,속리산 법주사,Hanging Scroll Travelogue,Hanji Scroll with Wooden Rollers,Mid,"A museum-quality historical artifact illustration of 속리산 법주사 (Hanging Scroll Travelogue), crafted from Hanji Scroll with Wooden Rollers, dating back to Mid Joseon Dynasty. Joseon-era Korean ink-and-wash painting (sumukchaesaek) on aged hanji mulberry paper, muted mineral pigments (malachite green, azurite blue, ochre, cinnabar red, ink black), confident brush strokes with dry-brush texture, soft paper grain, restrained palette, in the manner of Kim Hong-do and Jeong Seon, single object centered, plain warm hanji background, soft ambient occlusion, clean silhouette, game item icon, 1:1 --ar 1:1 --style raw"
her_046,res://assets/icons/heritage/her_046.png,구인사,Hanging Scroll Travelogue,Hanji Scroll with Wooden Rollers,Late,"A museum-quality historical artifact illustration of 구인사 (Hanging Scroll Travelogue), crafted from Hanji Scroll with Wooden Rollers, dating back to Late Joseon Dynasty. Joseon-era Korean ink-and-wash painting (sumukchaesaek) on aged hanji mulberry paper, muted mineral pigments (malachite green, azurite blue, ochre, cinnabar red, ink black), confident brush strokes with dry-brush texture, soft paper grain, restrained palette, in the manner of Kim Hong-do and Jeong Seon, single object centered, plain warm hanji background, soft ambient occlusion, clean silhouette, game item icon, 1:1 --ar 1:1 --style raw"
her_047,res://assets/icons/heritage/her_047.png,공주 충청감영,Hanging Scroll Travelogue,Hanji Scroll with Wooden Rollers,Late,"A museum-quality historical artifact illustration of 공주 충청감영 (Hanging Scroll Travelogue), crafted from Hanji Scroll with Wooden Rollers, dating back to Late Joseon Dynasty. Joseon-era Korean ink-and-wash painting (sumukchaesaek) on aged hanji mulberry paper, muted mineral pigments (malachite green, azurite blue, ochre, cinnabar red, ink black), confident brush strokes with dry-brush texture, soft paper grain, restrained palette, in the manner of Kim Hong-do and Jeong Seon, single object centered, plain warm hanji background, soft ambient occlusion, clean silhouette, game item icon, 1:1 --ar 1:1 --style raw"
her_048,res://assets/icons/heritage/her_048.png,홍주목,Hanging Scroll Travelogue,Hanji Scroll with Wooden Rollers,Late,"A museum-quality historical artifact illustration of 홍주목 (Hanging Scroll Travelogue), crafted from Hanji Scroll with Wooden Rollers, dating back to Late Joseon Dynasty. Joseon-era Korean ink-and-wash painting (sumukchaesaek) on aged hanji mulberry paper, muted mineral pigments (malachite green, azurite blue, ochre, cinnabar red, ink black), confident brush strokes with dry-brush texture, soft paper grain, restrained palette, in the manner of Kim Hong-do and Jeong Seon, single object centered, plain warm hanji background, soft ambient occlusion, clean silhouette, game item icon, 1:1 --ar 1:1 --style raw"
her_049,res://assets/icons/heritage/her_049.png,마곡사,Hanging Scroll Travelogue,Hanji Scroll with Wooden Rollers,Mid,"A museum-quality historical artifact illustration of 마곡사 (Hanging Scroll Travelogue), crafted from Hanji Scroll with Wooden Rollers, dating back to Mid Joseon Dynasty. Joseon-era Korean ink-and-wash painting (sumukchaesaek) on aged hanji mulberry paper, muted mineral pigments (malachite green, azurite blue, ochre, cinnabar red, ink black), confident brush strokes with dry-brush texture, soft paper grain, restrained palette, in the manner of Kim Hong-do and Jeong Seon, single object centered, plain warm hanji background, soft ambient occlusion, clean silhouette, game item icon, 1:1 --ar 1:1 --style raw"
her_050,res://assets/icons/heritage/her_050.png,갑사,Hanging Scroll Travelogue,Hanji Scroll with Wooden Rollers,Mid,"A museum-quality historical artifact illustration of 갑사 (Hanging Scroll Travelogue), crafted from Hanji Scroll with Wooden Rollers, dating back to Mid Joseon Dynasty. Joseon-era Korean ink-and-wash painting (sumukchaesaek) on aged hanji mulberry paper, muted mineral pigments (malachite green, azurite blue, ochre, cinnabar red, ink black), confident brush strokes with dry-brush texture, soft paper grain, restrained palette, in the manner of Kim Hong-do and Jeong Seon, single object centered, plain warm hanji background, soft ambient occlusion, clean silhouette, game item icon, 1:1 --ar 1:1 --style raw"
her_051,res://assets/icons/heritage/her_051.png,수덕사,Hanging Scroll Travelogue,Hanji Scroll with Wooden Rollers,Mid,"A museum-quality historical artifact illustration of 수덕사 (Hanging Scroll Travelogue), crafted from Hanji Scroll with Wooden Rollers, dating back to Mid Joseon Dynasty. Joseon-era Korean ink-and-wash painting (sumukchaesaek) on aged hanji mulberry paper, muted mineral pigments (malachite green, azurite blue, ochre, cinnabar red, ink black), confident brush strokes with dry-brush texture, soft paper grain, restrained palette, in the manner of Kim Hong-do and Jeong Seon, single object centered, plain warm hanji background, soft ambient occlusion, clean silhouette, game item icon, 1:1 --ar 1:1 --style raw"
her_052,res://assets/icons/heritage/her_052.png,전주 전라감영,Hanging Scroll Travelogue,Hanji Scroll with Wooden Rollers,Late,"A museum-quality historical artifact illustration of 전주 전라감영 (Hanging Scroll Travelogue), crafted from Hanji Scroll with Wooden Rollers, dating back to Late Joseon Dynasty. Joseon-era Korean ink-and-wash painting (sumukchaesaek) on aged hanji mulberry paper, muted mineral pigments (malachite green, azurite blue, ochre, cinnabar red, ink black), confident brush strokes with dry-brush texture, soft paper grain, restrained palette, in the manner of Kim Hong-do and Jeong Seon, single object centered, plain warm hanji background, soft ambient occlusion, clean silhouette, game item icon, 1:1 --ar 1:1 --style raw"
her_053,res://assets/icons/heritage/her_053.png,남원도호부,Hanging Scroll Travelogue,Hanji Scroll with Wooden Rollers,Late,"A museum-quality historical artifact illustration of 남원도호부 (Hanging Scroll Travelogue), crafted from Hanji Scroll with Wooden Rollers, dating back to Late Joseon Dynasty. Joseon-era Korean ink-and-wash painting (sumukchaesaek) on aged hanji mulberry paper, muted mineral pigments (malachite green, azurite blue, ochre, cinnabar red, ink black), confident brush strokes with dry-brush texture, soft paper grain, restrained palette, in the manner of Kim Hong-do and Jeong Seon, single object centered, plain warm hanji background, soft ambient occlusion, clean silhouette, game item icon, 1:1 --ar 1:1 --style raw"
her_054,res://assets/icons/heritage/her_054.png,금산사,Hanging Scroll Travelogue,Hanji Scroll with Wooden Rollers,Mid,"A museum-quality historical artifact illustration of 금산사 (Hanging Scroll Travelogue), crafted from Hanji Scroll with Wooden Rollers, dating back to Mid Joseon Dynasty. Joseon-era Korean ink-and-wash painting (sumukchaesaek) on aged hanji mulberry paper, muted mineral pigments (malachite green, azurite blue, ochre, cinnabar red, ink black), confident brush strokes with dry-brush texture, soft paper grain, restrained palette, in the manner of Kim Hong-do and Jeong Seon, single object centered, plain warm hanji background, soft ambient occlusion, clean silhouette, game item icon, 1:1 --ar 1:1 --style raw"
her_055,res://assets/icons/heritage/her_055.png,내소사,Hanging Scroll Travelogue,Hanji Scroll with Wooden Rollers,Mid,"A museum-quality historical artifact illustration of 내소사 (Hanging Scroll Travelogue), crafted from Hanji Scroll with Wooden Rollers, dating back to Mid Joseon Dynasty. Joseon-era Korean ink-and-wash painting (sumukchaesaek) on aged hanji mulberry paper, muted mineral pigments (malachite green, azurite blue, ochre, cinnabar red, ink black), confident brush strokes with dry-brush texture, soft paper grain, restrained palette, in the manner of Kim Hong-do and Jeong Seon, single object centered, plain warm hanji background, soft ambient occlusion, clean silhouette, game item icon, 1:1 --ar 1:1 --style raw"
her_056,res://assets/icons/heritage/her_056.png,실상사,Hanging Scroll Travelogue,Hanji Scroll with Wooden Rollers,Mid,"A museum-quality historical artifact illustration of 실상사 (Hanging Scroll Travelogue), crafted from Hanji Scroll with Wooden Rollers, dating back to Mid Joseon Dynasty. Joseon-era Korean ink-and-wash painting (sumukchaesaek) on aged hanji mulberry paper, muted mineral pigments (malachite green, azurite blue, ochre, cinnabar red, ink black), confident brush strokes with dry-brush texture, soft paper grain, restrained palette, in the manner of Kim Hong-do and Jeong Seon, single object centered, plain warm hanji background, soft ambient occlusion, clean silhouette, game item icon, 1:1 --ar 1:1 --style raw"
her_057,res://assets/icons/heritage/her_057.png,적상산성,Hanging Scroll Travelogue,Hanji Scroll with Wooden Rollers,Late,"A museum-quality historical artifact illustration of 적상산성 (Hanging Scroll Travelogue), crafted from Hanji Scroll with Wooden Rollers, dating back to Late Joseon Dynasty. Joseon-era Korean ink-and-wash painting (sumukchaesaek) on aged hanji mulberry paper, muted mineral pigments (malachite green, azurite blue, ochre, cinnabar red, ink black), confident brush strokes with dry-brush texture, soft paper grain, restrained palette, in the manner of Kim Hong-do and Jeong Seon, single object centered, plain warm hanji background, soft ambient occlusion, clean silhouette, game item icon, 1:1 --ar 1:1 --style raw"
her_058,res://assets/icons/heritage/her_058.png,나주목,Hanging Scroll Travelogue,Hanji Scroll with Wooden Rollers,Late,"A museum-quality historical artifact illustration of 나주목 (Hanging Scroll Travelogue), crafted from Hanji Scroll with Wooden Rollers, dating back to Late Joseon Dynasty. Joseon-era Korean ink-and-wash painting (sumukchaesaek) on aged hanji mulberry paper, muted mineral pigments (malachite green, azurite blue, ochre, cinnabar red, ink black), confident brush strokes with dry-brush texture, soft paper grain, restrained palette, in the manner of Kim Hong-do and Jeong Seon, single object centered, plain warm hanji background, soft ambient occlusion, clean silhouette, game item icon, 1:1 --ar 1:1 --style raw"
her_059,res://assets/icons/heritage/her_059.png,순천도호부,Hanging Scroll Travelogue,Hanji Scroll with Wooden Rollers,Late,"A museum-quality historical artifact illustration of 순천도호부 (Hanging Scroll Travelogue), crafted from Hanji Scroll with Wooden Rollers, dating back to Late Joseon Dynasty. Joseon-era Korean ink-and-wash painting (sumukchaesaek) on aged hanji mulberry paper, muted mineral pigments (malachite green, azurite blue, ochre, cinnabar red, ink black), confident brush strokes with dry-brush texture, soft paper grain, restrained palette, in the manner of Kim Hong-do and Jeong Seon, single object centered, plain warm hanji background, soft ambient occlusion, clean silhouette, game item icon, 1:1 --ar 1:1 --style raw"
her_060,res://assets/icons/heritage/her_060.png,광주목,Hanging Scroll Travelogue,Hanji Scroll with Wooden Rollers,Late,"A museum-quality historical artifact illustration of 광주목 (Hanging Scroll Travelogue), crafted from Hanji Scroll with Wooden Rollers, dating back to Late Joseon Dynasty. Joseon-era Korean ink-and-wash painting (sumukchaesaek) on aged hanji mulberry paper, muted mineral pigments (malachite green, azurite blue, ochre, cinnabar red, ink black), confident brush strokes with dry-brush texture, soft paper grain, restrained palette, in the manner of Kim Hong-do and Jeong Seon, single object centered, plain warm hanji background, soft ambient occlusion, clean silhouette, game item icon, 1:1 --ar 1:1 --style raw"
her_061,res://assets/icons/heritage/her_061.png,여수 좌수영,Hanging Scroll Travelogue,Hanji Scroll with Wooden Rollers,Late,"A museum-quality historical artifact illustration of 여수 좌수영 (Hanging Scroll Travelogue), crafted from Hanji Scroll with Wooden Rollers, dating back to Late Joseon Dynasty. Joseon-era Korean ink-and-wash painting (sumukchaesaek) on aged hanji mulberry paper, muted mineral pigments (malachite green, azurite blue, ochre, cinnabar red, ink black), confident brush strokes with dry-brush texture, soft paper grain, restrained palette, in the manner of Kim Hong-do and Jeong Seon, single object centered, plain warm hanji background, soft ambient occlusion, clean silhouette, game item icon, 1:1 --ar 1:1 --style raw"
her_062,res://assets/icons/heritage/her_062.png,화엄사,Hanging Scroll Travelogue,Hanji Scroll with Wooden Rollers,Mid,"A museum-quality historical artifact illustration of 화엄사 (Hanging Scroll Travelogue), crafted from Hanji Scroll with Wooden Rollers, dating back to Mid Joseon Dynasty. Joseon-era Korean ink-and-wash painting (sumukchaesaek) on aged hanji mulberry paper, muted mineral pigments (malachite green, azurite blue, ochre, cinnabar red, ink black), confident brush strokes with dry-brush texture, soft paper grain, restrained palette, in the manner of Kim Hong-do and Jeong Seon, single object centered, plain warm hanji background, soft ambient occlusion, clean silhouette, game item icon, 1:1 --ar 1:1 --style raw"
her_063,res://assets/icons/heritage/her_063.png,송광사,Hanging Scroll Travelogue,Hanji Scroll with Wooden Rollers,Early,"A museum-quality historical artifact illustration of 송광사 (Hanging Scroll Travelogue), crafted from Hanji Scroll with Wooden Rollers, dating back to Early Joseon Dynasty. Joseon-era Korean ink-and-wash painting (sumukchaesaek) on aged hanji mulberry paper, muted mineral pigments (malachite green, azurite blue, ochre, cinnabar red, ink black), confident brush strokes with dry-brush texture, soft paper grain, restrained palette, in the manner of Kim Hong-do and Jeong Seon, single object centered, plain warm hanji background, soft ambient occlusion, clean silhouette, game item icon, 1:1 --ar 1:1 --style raw"
her_064,res://assets/icons/heritage/her_064.png,대흥사,Hanging Scroll Travelogue,Hanji Scroll with Wooden Rollers,Mid,"A museum-quality historical artifact illustration of 대흥사 (Hanging Scroll Travelogue), crafted from Hanji Scroll with Wooden Rollers, dating back to Mid Joseon Dynasty. Joseon-era Korean ink-and-wash painting (sumukchaesaek) on aged hanji mulberry paper, muted mineral pigments (malachite green, azurite blue, ochre, cinnabar red, ink black), confident brush strokes with dry-brush texture, soft paper grain, restrained palette, in the manner of Kim Hong-do and Jeong Seon, single object centered, plain warm hanji background, soft ambient occlusion, clean silhouette, game item icon, 1:1 --ar 1:1 --style raw"
her_065,res://assets/icons/heritage/her_065.png,장성 백양사,Hanging Scroll Travelogue,Hanji Scroll with Wooden Rollers,Mid,"A museum-quality historical artifact illustration of 장성 백양사 (Hanging Scroll Travelogue), crafted from Hanji Scroll with Wooden Rollers, dating back to Mid Joseon Dynasty. Joseon-era Korean ink-and-wash painting (sumukchaesaek) on aged hanji mulberry paper, muted mineral pigments (malachite green, azurite blue, ochre, cinnabar red, ink black), confident brush strokes with dry-brush texture, soft paper grain, restrained palette, in the manner of Kim Hong-do and Jeong Seon, single object centered, plain warm hanji background, soft ambient occlusion, clean silhouette, game item icon, 1:1 --ar 1:1 --style raw"
her_066,res://assets/icons/heritage/her_066.png,명량 울돌목,Crafted Specialty Goods,Traditional Handcraft Materials,Early,"A museum-quality historical artifact illustration of 명량 울돌목 (Crafted Specialty Goods), crafted from Traditional Handcraft Materials, dating back to Early Joseon Dynasty. Joseon-era Korean ink-and-wash painting (sumukchaesaek) on aged hanji mulberry paper, muted mineral pigments (malachite green, azurite blue, ochre, cinnabar red, ink black), confident brush strokes with dry-brush texture, soft paper grain, restrained palette, in the manner of Kim Hong-do and Jeong Seon, single object centered, plain warm hanji background, soft ambient occlusion, clean silhouette, game item icon, 1:1 --ar 1:1 --style raw"
her_067,res://assets/icons/heritage/her_067.png,상주목,Hanging Scroll Travelogue,Hanji Scroll with Wooden Rollers,Late,"A museum-quality historical artifact illustration of 상주목 (Hanging Scroll Travelogue), crafted from Hanji Scroll with Wooden Rollers, dating back to Late Joseon Dynasty. Joseon-era Korean ink-and-wash painting (sumukchaesaek) on aged hanji mulberry paper, muted mineral pigments (malachite green, azurite blue, ochre, cinnabar red, ink black), confident brush strokes with dry-brush texture, soft paper grain, restrained palette, in the manner of Kim Hong-do and Jeong Seon, single object centered, plain warm hanji background, soft ambient occlusion, clean silhouette, game item icon, 1:1 --ar 1:1 --style raw"
her_068,res://assets/icons/heritage/her_068.png,안동대도호부,Hanging Scroll Travelogue,Hanji Scroll with Wooden Rollers,Late,"A museum-quality historical artifact illustration of 안동대도호부 (Hanging Scroll Travelogue), crafted from Hanji Scroll with Wooden Rollers, dating back to Late Joseon Dynasty. Joseon-era Korean ink-and-wash painting (sumukchaesaek) on aged hanji mulberry paper, muted mineral pigments (malachite green, azurite blue, ochre, cinnabar red, ink black), confident brush strokes with dry-brush texture, soft paper grain, restrained palette, in the manner of Kim Hong-do and Jeong Seon, single object centered, plain warm hanji background, soft ambient occlusion, clean silhouette, game item icon, 1:1 --ar 1:1 --style raw"
her_069,res://assets/icons/heritage/her_069.png,경주부,Hanging Scroll Travelogue,Hanji Scroll with Wooden Rollers,Mid,"A museum-quality historical artifact illustration of 경주부 (Hanging Scroll Travelogue), crafted from Hanji Scroll with Wooden Rollers, dating back to Mid Joseon Dynasty. Joseon-era Korean ink-and-wash painting (sumukchaesaek) on aged hanji mulberry paper, muted mineral pigments (malachite green, azurite blue, ochre, cinnabar red, ink black), confident brush strokes with dry-brush texture, soft paper grain, restrained palette, in the manner of Kim Hong-do and Jeong Seon, single object centered, plain warm hanji background, soft ambient occlusion, clean silhouette, game item icon, 1:1 --ar 1:1 --style raw"
her_070,res://assets/icons/heritage/her_070.png,부석사,Hanging Scroll Travelogue,Hanji Scroll with Wooden Rollers,Early,"A museum-quality historical artifact illustration of 부석사 (Hanging Scroll Travelogue), crafted from Hanji Scroll with Wooden Rollers, dating back to Early Joseon Dynasty. Joseon-era Korean ink-and-wash painting (sumukchaesaek) on aged hanji mulberry paper, muted mineral pigments (malachite green, azurite blue, ochre, cinnabar red, ink black), confident brush strokes with dry-brush texture, soft paper grain, restrained palette, in the manner of Kim Hong-do and Jeong Seon, single object centered, plain warm hanji background, soft ambient occlusion, clean silhouette, game item icon, 1:1 --ar 1:1 --style raw"
her_071,res://assets/icons/heritage/her_071.png,고운사,Hanging Scroll Travelogue,Hanji Scroll with Wooden Rollers,Mid,"A museum-quality historical artifact illustration of 고운사 (Hanging Scroll Travelogue), crafted from Hanji Scroll with Wooden Rollers, dating back to Mid Joseon Dynasty. Joseon-era Korean ink-and-wash painting (sumukchaesaek) on aged hanji mulberry paper, muted mineral pigments (malachite green, azurite blue, ochre, cinnabar red, ink black), confident brush strokes with dry-brush texture, soft paper grain, restrained palette, in the manner of Kim Hong-do and Jeong Seon, single object centered, plain warm hanji background, soft ambient occlusion, clean silhouette, game item icon, 1:1 --ar 1:1 --style raw"
her_072,res://assets/icons/heritage/her_072.png,대구 경상감영,Hanging Scroll Travelogue,Hanji Scroll with Wooden Rollers,Late,"A museum-quality historical artifact illustration of 대구 경상감영 (Hanging Scroll Travelogue), crafted from Hanji Scroll with Wooden Rollers, dating back to Late Joseon Dynasty. Joseon-era Korean ink-and-wash painting (sumukchaesaek) on aged hanji mulberry paper, muted mineral pigments (malachite green, azurite blue, ochre, cinnabar red, ink black), confident brush strokes with dry-brush texture, soft paper grain, restrained palette, in the manner of Kim Hong-do and Jeong Seon, single object centered, plain warm hanji background, soft ambient occlusion, clean silhouette, game item icon, 1:1 --ar 1:1 --style raw"
her_073,res://assets/icons/heritage/her_073.png,진주목,Hanging Scroll Travelogue,Hanji Scroll with Wooden Rollers,Mid,"A museum-quality historical artifact illustration of 진주목 (Hanging Scroll Travelogue), crafted from Hanji Scroll with Wooden Rollers, dating back to Mid Joseon Dynasty. Joseon-era Korean ink-and-wash painting (sumukchaesaek) on aged hanji mulberry paper, muted mineral pigments (malachite green, azurite blue, ochre, cinnabar red, ink black), confident brush strokes with dry-brush texture, soft paper grain, restrained palette, in the manner of Kim Hong-do and Jeong Seon, single object centered, plain warm hanji background, soft ambient occlusion, clean silhouette, game item icon, 1:1 --ar 1:1 --style raw"
her_074,res://assets/icons/heritage/her_074.png,동래현,Hanging Scroll Travelogue,Hanji Scroll with Wooden Rollers,Late,"A museum-quality historical artifact illustration of 동래현 (Hanging Scroll Travelogue), crafted from Hanji Scroll with Wooden Rollers, dating back to Late Joseon Dynasty. Joseon-era Korean ink-and-wash painting (sumukchaesaek) on aged hanji mulberry paper, muted mineral pigments (malachite green, azurite blue, ochre, cinnabar red, ink black), confident brush strokes with dry-brush texture, soft paper grain, restrained palette, in the manner of Kim Hong-do and Jeong Seon, single object centered, plain warm hanji background, soft ambient occlusion, clean silhouette, game item icon, 1:1 --ar 1:1 --style raw"
her_075,res://assets/icons/heritage/her_075.png,통영 통제영,Hanging Scroll Travelogue,Hanji Scroll with Wooden Rollers,Late,"A museum-quality historical artifact illustration of 통영 통제영 (Hanging Scroll Travelogue), crafted from Hanji Scroll with Wooden Rollers, dating back to Late Joseon Dynasty. Joseon-era Korean ink-and-wash painting (sumukchaesaek) on aged hanji mulberry paper, muted mineral pigments (malachite green, azurite blue, ochre, cinnabar red, ink black), confident brush strokes with dry-brush texture, soft paper grain, restrained palette, in the manner of Kim Hong-do and Jeong Seon, single object centered, plain warm hanji background, soft ambient occlusion, clean silhouette, game item icon, 1:1 --ar 1:1 --style raw"
her_076,res://assets/icons/heritage/her_076.png,통도사,Hanging Scroll Travelogue,Hanji Scroll with Wooden Rollers,Early,"A museum-quality historical artifact illustration of 통도사 (Hanging Scroll Travelogue), crafted from Hanji Scroll with Wooden Rollers, dating back to Early Joseon Dynasty. Joseon-era Korean ink-and-wash painting (sumukchaesaek) on aged hanji mulberry paper, muted mineral pigments (malachite green, azurite blue, ochre, cinnabar red, ink black), confident brush strokes with dry-brush texture, soft paper grain, restrained palette, in the manner of Kim Hong-do and Jeong Seon, single object centered, plain warm hanji background, soft ambient occlusion, clean silhouette, game item icon, 1:1 --ar 1:1 --style raw"
her_077,res://assets/icons/heritage/her_077.png,쌍계사,Hanging Scroll Travelogue,Hanji Scroll with Wooden Rollers,Mid,"A museum-quality historical artifact illustration of 쌍계사 (Hanging Scroll Travelogue), crafted from Hanji Scroll with Wooden Rollers, dating back to Mid Joseon Dynasty. Joseon-era Korean ink-and-wash painting (sumukchaesaek) on aged hanji mulberry paper, muted mineral pigments (malachite green, azurite blue, ochre, cinnabar red, ink black), confident brush strokes with dry-brush texture, soft paper grain, restrained palette, in the manner of Kim Hong-do and Jeong Seon, single object centered, plain warm hanji background, soft ambient occlusion, clean silhouette, game item icon, 1:1 --ar 1:1 --style raw"
her_078,res://assets/icons/heritage/her_078.png,황주목,Hanging Scroll Travelogue,Hanji Scroll with Wooden Rollers,Late,"A museum-quality historical artifact illustration of 황주목 (Hanging Scroll Travelogue), crafted from Hanji Scroll with Wooden Rollers, dating back to Late Joseon Dynasty. Joseon-era Korean ink-and-wash painting (sumukchaesaek) on aged hanji mulberry paper, muted mineral pigments (malachite green, azurite blue, ochre, cinnabar red, ink black), confident brush strokes with dry-brush texture, soft paper grain, restrained palette, in the manner of Kim Hong-do and Jeong Seon, single object centered, plain warm hanji background, soft ambient occlusion, clean silhouette, game item icon, 1:1 --ar 1:1 --style raw"
her_079,res://assets/icons/heritage/her_079.png,봉산군,Hanging Scroll Travelogue,Hanji Scroll with Wooden Rollers,Late,"A museum-quality historical artifact illustration of 봉산군 (Hanging Scroll Travelogue), crafted from Hanji Scroll with Wooden Rollers, dating back to Late Joseon Dynasty. Joseon-era Korean ink-and-wash painting (sumukchaesaek) on aged hanji mulberry paper, muted mineral pigments (malachite green, azurite blue, ochre, cinnabar red, ink black), confident brush strokes with dry-brush texture, soft paper grain, restrained palette, in the manner of Kim Hong-do and Jeong Seon, single object centered, plain warm hanji background, soft ambient occlusion, clean silhouette, game item icon, 1:1 --ar 1:1 --style raw"
her_080,res://assets/icons/heritage/her_080.png,성불사,Hanging Scroll Travelogue,Hanji Scroll with Wooden Rollers,Mid,"A museum-quality historical artifact illustration of 성불사 (Hanging Scroll Travelogue), crafted from Hanji Scroll with Wooden Rollers, dating back to Mid Joseon Dynasty. Joseon-era Korean ink-and-wash painting (sumukchaesaek) on aged hanji mulberry paper, muted mineral pigments (malachite green, azurite blue, ochre, cinnabar red, ink black), confident brush strokes with dry-brush texture, soft paper grain, restrained palette, in the manner of Kim Hong-do and Jeong Seon, single object centered, plain warm hanji background, soft ambient occlusion, clean silhouette, game item icon, 1:1 --ar 1:1 --style raw"
her_081,res://assets/icons/heritage/her_081.png,정방산성,Hanging Scroll Travelogue,Hanji Scroll with Wooden Rollers,Late,"A museum-quality historical artifact illustration of 정방산성 (Hanging Scroll Travelogue), crafted from Hanji Scroll with Wooden Rollers, dating back to Late Joseon Dynasty. Joseon-era Korean ink-and-wash painting (sumukchaesaek) on aged hanji mulberry paper, muted mineral pigments (malachite green, azurite blue, ochre, cinnabar red, ink black), confident brush strokes with dry-brush texture, soft paper grain, restrained palette, in the manner of Kim Hong-do and Jeong Seon, single object centered, plain warm hanji background, soft ambient occlusion, clean silhouette, game item icon, 1:1 --ar 1:1 --style raw"
her_082,res://assets/icons/heritage/her_082.png,해주목,Hanging Scroll Travelogue,Hanji Scroll with Wooden Rollers,Late,"A museum-quality historical artifact illustration of 해주목 (Hanging Scroll Travelogue), crafted from Hanji Scroll with Wooden Rollers, dating back to Late Joseon Dynasty. Joseon-era Korean ink-and-wash painting (sumukchaesaek) on aged hanji mulberry paper, muted mineral pigments (malachite green, azurite blue, ochre, cinnabar red, ink black), confident brush strokes with dry-brush texture, soft paper grain, restrained palette, in the manner of Kim Hong-do and Jeong Seon, single object centered, plain warm hanji background, soft ambient occlusion, clean silhouette, game item icon, 1:1 --ar 1:1 --style raw"
her_083,res://assets/icons/heritage/her_083.png,연안도호부,Hanging Scroll Travelogue,Hanji Scroll with Wooden Rollers,Late,"A museum-quality historical artifact illustration of 연안도호부 (Hanging Scroll Travelogue), crafted from Hanji Scroll with Wooden Rollers, dating back to Late Joseon Dynasty. Joseon-era Korean ink-and-wash painting (sumukchaesaek) on aged hanji mulberry paper, muted mineral pigments (malachite green, azurite blue, ochre, cinnabar red, ink black), confident brush strokes with dry-brush texture, soft paper grain, restrained palette, in the manner of Kim Hong-do and Jeong Seon, single object centered, plain warm hanji background, soft ambient occlusion, clean silhouette, game item icon, 1:1 --ar 1:1 --style raw"
her_084,res://assets/icons/heritage/her_084.png,신천 패엽사,Hanging Scroll Travelogue,Hanji Scroll with Wooden Rollers,Late,"A museum-quality historical artifact illustration of 신천 패엽사 (Hanging Scroll Travelogue), crafted from Hanji Scroll with Wooden Rollers, dating back to Late Joseon Dynasty. Joseon-era Korean ink-and-wash painting (sumukchaesaek) on aged hanji mulberry paper, muted mineral pigments (malachite green, azurite blue, ochre, cinnabar red, ink black), confident brush strokes with dry-brush texture, soft paper grain, restrained palette, in the manner of Kim Hong-do and Jeong Seon, single object centered, plain warm hanji background, soft ambient occlusion, clean silhouette, game item icon, 1:1 --ar 1:1 --style raw"
her_085,res://assets/icons/heritage/her_085.png,장산곶 진보,Hanging Scroll Travelogue,Hanji Scroll with Wooden Rollers,Late,"A museum-quality historical artifact illustration of 장산곶 진보 (Hanging Scroll Travelogue), crafted from Hanji Scroll with Wooden Rollers, dating back to Late Joseon Dynasty. Joseon-era Korean ink-and-wash painting (sumukchaesaek) on aged hanji mulberry paper, muted mineral pigments (malachite green, azurite blue, ochre, cinnabar red, ink black), confident brush strokes with dry-brush texture, soft paper grain, restrained palette, in the manner of Kim Hong-do and Jeong Seon, single object centered, plain warm hanji background, soft ambient occlusion, clean silhouette, game item icon, 1:1 --ar 1:1 --style raw"
her_086,res://assets/icons/heritage/her_086.png,안주목,Hanging Scroll Travelogue,Hanji Scroll with Wooden Rollers,Late,"A museum-quality historical artifact illustration of 안주목 (Hanging Scroll Travelogue), crafted from Hanji Scroll with Wooden Rollers, dating back to Late Joseon Dynasty. Joseon-era Korean ink-and-wash painting (sumukchaesaek) on aged hanji mulberry paper, muted mineral pigments (malachite green, azurite blue, ochre, cinnabar red, ink black), confident brush strokes with dry-brush texture, soft paper grain, restrained palette, in the manner of Kim Hong-do and Jeong Seon, single object centered, plain warm hanji background, soft ambient occlusion, clean silhouette, game item icon, 1:1 --ar 1:1 --style raw"
her_087,res://assets/icons/heritage/her_087.png,영명사,Hanging Scroll Travelogue,Hanji Scroll with Wooden Rollers,Late,"A museum-quality historical artifact illustration of 영명사 (Hanging Scroll Travelogue), crafted from Hanji Scroll with Wooden Rollers, dating back to Late Joseon Dynasty. Joseon-era Korean ink-and-wash painting (sumukchaesaek) on aged hanji mulberry paper, muted mineral pigments (malachite green, azurite blue, ochre, cinnabar red, ink black), confident brush strokes with dry-brush texture, soft paper grain, restrained palette, in the manner of Kim Hong-do and Jeong Seon, single object centered, plain warm hanji background, soft ambient occlusion, clean silhouette, game item icon, 1:1 --ar 1:1 --style raw"
her_088,res://assets/icons/heritage/her_088.png,을밀대,Hanging Scroll Travelogue,Hanji Scroll with Wooden Rollers,Mid,"A museum-quality historical artifact illustration of 을밀대 (Hanging Scroll Travelogue), crafted from Hanji Scroll with Wooden Rollers, dating back to Mid Joseon Dynasty. Joseon-era Korean ink-and-wash painting (sumukchaesaek) on aged hanji mulberry paper, muted mineral pigments (malachite green, azurite blue, ochre, cinnabar red, ink black), confident brush strokes with dry-brush texture, soft paper grain, restrained palette, in the manner of Kim Hong-do and Jeong Seon, single object centered, plain warm hanji background, soft ambient occlusion, clean silhouette, game item icon, 1:1 --ar 1:1 --style raw"
her_089,res://assets/icons/heritage/her_089.png,의주목,Hanging Scroll Travelogue,Hanji Scroll with Wooden Rollers,Late,"A museum-quality historical artifact illustration of 의주목 (Hanging Scroll Travelogue), crafted from Hanji Scroll with Wooden Rollers, dating back to Late Joseon Dynasty. Joseon-era Korean ink-and-wash painting (sumukchaesaek) on aged hanji mulberry paper, muted mineral pigments (malachite green, azurite blue, ochre, cinnabar red, ink black), confident brush strokes with dry-brush texture, soft paper grain, restrained palette, in the manner of Kim Hong-do and Jeong Seon, single object centered, plain warm hanji background, soft ambient occlusion, clean silhouette, game item icon, 1:1 --ar 1:1 --style raw"
her_090,res://assets/icons/heritage/her_090.png,영변대도호부,Hanging Scroll Travelogue,Hanji Scroll with Wooden Rollers,Late,"A museum-quality historical artifact illustration of 영변대도호부 (Hanging Scroll Travelogue), crafted from Hanji Scroll with Wooden Rollers, dating back to Late Joseon Dynasty. Joseon-era Korean ink-and-wash painting (sumukchaesaek) on aged hanji mulberry paper, muted mineral pigments (malachite green, azurite blue, ochre, cinnabar red, ink black), confident brush strokes with dry-brush texture, soft paper grain, restrained palette, in the manner of Kim Hong-do and Jeong Seon, single object centered, plain warm hanji background, soft ambient occlusion, clean silhouette, game item icon, 1:1 --ar 1:1 --style raw"
her_091,res://assets/icons/heritage/her_091.png,백마산사,Hanging Scroll Travelogue,Hanji Scroll with Wooden Rollers,Late,"A museum-quality historical artifact illustration of 백마산사 (Hanging Scroll Travelogue), crafted from Hanji Scroll with Wooden Rollers, dating back to Late Joseon Dynasty. Joseon-era Korean ink-and-wash painting (sumukchaesaek) on aged hanji mulberry paper, muted mineral pigments (malachite green, azurite blue, ochre, cinnabar red, ink black), confident brush strokes with dry-brush texture, soft paper grain, restrained palette, in the manner of Kim Hong-do and Jeong Seon, single object centered, plain warm hanji background, soft ambient occlusion, clean silhouette, game item icon, 1:1 --ar 1:1 --style raw"
her_092,res://assets/icons/heritage/her_092.png,의주 통군정,Hanging Scroll Travelogue,Hanji Scroll with Wooden Rollers,Mid,"A museum-quality historical artifact illustration of 의주 통군정 (Hanging Scroll Travelogue), crafted from Hanji Scroll with Wooden Rollers, dating back to Mid Joseon Dynasty. Joseon-era Korean ink-and-wash painting (sumukchaesaek) on aged hanji mulberry paper, muted mineral pigments (malachite green, azurite blue, ochre, cinnabar red, ink black), confident brush strokes with dry-brush texture, soft paper grain, restrained palette, in the manner of Kim Hong-do and Jeong Seon, single object centered, plain warm hanji background, soft ambient occlusion, clean silhouette, game item icon, 1:1 --ar 1:1 --style raw"
her_093,res://assets/icons/heritage/her_093.png,함흥부,Hanging Scroll Travelogue,Hanji Scroll with Wooden Rollers,Late,"A museum-quality historical artifact illustration of 함흥부 (Hanging Scroll Travelogue), crafted from Hanji Scroll with Wooden Rollers, dating back to Late Joseon Dynasty. Joseon-era Korean ink-and-wash painting (sumukchaesaek) on aged hanji mulberry paper, muted mineral pigments (malachite green, azurite blue, ochre, cinnabar red, ink black), confident brush strokes with dry-brush texture, soft paper grain, restrained palette, in the manner of Kim Hong-do and Jeong Seon, single object centered, plain warm hanji background, soft ambient occlusion, clean silhouette, game item icon, 1:1 --ar 1:1 --style raw"
her_094,res://assets/icons/heritage/her_094.png,북청도호부,Hanging Scroll Travelogue,Hanji Scroll with Wooden Rollers,Late,"A museum-quality historical artifact illustration of 북청도호부 (Hanging Scroll Travelogue), crafted from Hanji Scroll with Wooden Rollers, dating back to Late Joseon Dynasty. Joseon-era Korean ink-and-wash painting (sumukchaesaek) on aged hanji mulberry paper, muted mineral pigments (malachite green, azurite blue, ochre, cinnabar red, ink black), confident brush strokes with dry-brush texture, soft paper grain, restrained palette, in the manner of Kim Hong-do and Jeong Seon, single object centered, plain warm hanji background, soft ambient occlusion, clean silhouette, game item icon, 1:1 --ar 1:1 --style raw"
her_095,res://assets/icons/heritage/her_095.png,귀주사,Hanging Scroll Travelogue,Hanji Scroll with Wooden Rollers,Mid,"A museum-quality historical artifact illustration of 귀주사 (Hanging Scroll Travelogue), crafted from Hanji Scroll with Wooden Rollers, dating back to Mid Joseon Dynasty. Joseon-era Korean ink-and-wash painting (sumukchaesaek) on aged hanji mulberry paper, muted mineral pigments (malachite green, azurite blue, ochre, cinnabar red, ink black), confident brush strokes with dry-brush texture, soft paper grain, restrained palette, in the manner of Kim Hong-do and Jeong Seon, single object centered, plain warm hanji background, soft ambient occlusion, clean silhouette, game item icon, 1:1 --ar 1:1 --style raw"
her_096,res://assets/icons/heritage/her_096.png,석왕사,Hanging Scroll Travelogue,Hanji Scroll with Wooden Rollers,Mid,"A museum-quality historical artifact illustration of 석왕사 (Hanging Scroll Travelogue), crafted from Hanji Scroll with Wooden Rollers, dating back to Mid Joseon Dynasty. Joseon-era Korean ink-and-wash painting (sumukchaesaek) on aged hanji mulberry paper, muted mineral pigments (malachite green, azurite blue, ochre, cinnabar red, ink black), confident brush strokes with dry-brush texture, soft paper grain, restrained palette, in the manner of Kim Hong-do and Jeong Seon, single object centered, plain warm hanji background, soft ambient occlusion, clean silhouette, game item icon, 1:1 --ar 1:1 --style raw"
her_097,res://assets/icons/heritage/her_097.png,마운령 진흥왕 순수비,Hanging Scroll Travelogue,Hanji Scroll with Wooden Rollers,Mid,"A museum-quality historical artifact illustration of 마운령 진흥왕 순수비 (Hanging Scroll Travelogue), crafted from Hanji Scroll with Wooden Rollers, dating back to Mid Joseon Dynasty. Joseon-era Korean ink-and-wash painting (sumukchaesaek) on aged hanji mulberry paper, muted mineral pigments (malachite green, azurite blue, ochre, cinnabar red, ink black), confident brush strokes with dry-brush texture, soft paper grain, restrained palette, in the manner of Kim Hong-do and Jeong Seon, single object centered, plain warm hanji background, soft ambient occlusion, clean silhouette, game item icon, 1:1 --ar 1:1 --style raw"
her_098,res://assets/icons/heritage/her_098.png,경성도호부,Hanging Scroll Travelogue,Hanji Scroll with Wooden Rollers,Late,"A museum-quality historical artifact illustration of 경성도호부 (Hanging Scroll Travelogue), crafted from Hanji Scroll with Wooden Rollers, dating back to Late Joseon Dynasty. Joseon-era Korean ink-and-wash painting (sumukchaesaek) on aged hanji mulberry paper, muted mineral pigments (malachite green, azurite blue, ochre, cinnabar red, ink black), confident brush strokes with dry-brush texture, soft paper grain, restrained palette, in the manner of Kim Hong-do and Jeong Seon, single object centered, plain warm hanji background, soft ambient occlusion, clean silhouette, game item icon, 1:1 --ar 1:1 --style raw"
her_099,res://assets/icons/heritage/her_099.png,길주목,Hanging Scroll Travelogue,Hanji Scroll with Wooden Rollers,Late,"A museum-quality historical artifact illustration of 길주목 (Hanging Scroll Travelogue), crafted from Hanji Scroll with Wooden Rollers, dating back to Late Joseon Dynasty. Joseon-era Korean ink-and-wash painting (sumukchaesaek) on aged hanji mulberry paper, muted mineral pigments (malachite green, azurite blue, ochre, cinnabar red, ink black), confident brush strokes with dry-brush texture, soft paper grain, restrained palette, in the manner of Kim Hong-do and Jeong Seon, single object centered, plain warm hanji background, soft ambient occlusion, clean silhouette, game item icon, 1:1 --ar 1:1 --style raw"
her_100,res://assets/icons/heritage/her_100.png,개심사,Hanging Scroll Travelogue,Hanji Scroll with Wooden Rollers,Late,"A museum-quality historical artifact illustration of 개심사 (Hanging Scroll Travelogue), crafted from Hanji Scroll with Wooden Rollers, dating back to Late Joseon Dynasty. Joseon-era Korean ink-and-wash painting (sumukchaesaek) on aged hanji mulberry paper, muted mineral pigments (malachite green, azurite blue, ochre, cinnabar red, ink black), confident brush strokes with dry-brush texture, soft paper grain, restrained palette, in the manner of Kim Hong-do and Jeong Seon, single object centered, plain warm hanji background, soft ambient occlusion, clean silhouette, game item icon, 1:1 --ar 1:1 --style raw"
her_101,res://assets/icons/heritage/her_101.png,백두산 천지,Hanging Scroll Travelogue,Hanji Scroll with Wooden Rollers,Early,"A museum-quality historical artifact illustration of 백두산 천지 (Hanging Scroll Travelogue), crafted from Hanji Scroll with Wooden Rollers, dating back to Early Joseon Dynasty. Joseon-era Korean ink-and-wash painting (sumukchaesaek) on aged hanji mulberry paper, muted mineral pigments (malachite green, azurite blue, ochre, cinnabar red, ink black), confident brush strokes with dry-brush texture, soft paper grain, restrained palette, in the manner of Kim Hong-do and Jeong Seon, single object centered, plain warm hanji background, soft ambient occlusion, clean silhouette, game item icon, 1:1 --ar 1:1 --style raw"
her_102,res://assets/icons/heritage/her_102.png,제주목 제주읍성,Hanging Scroll Travelogue,Hanji Scroll with Wooden Rollers,Late,"A museum-quality historical artifact illustration of 제주목 제주읍성 (Hanging Scroll Travelogue), crafted from Hanji Scroll with Wooden Rollers, dating back to Late Joseon Dynasty. Joseon-era Korean ink-and-wash painting (sumukchaesaek) on aged hanji mulberry paper, muted mineral pigments (malachite green, azurite blue, ochre, cinnabar red, ink black), confident brush strokes with dry-brush texture, soft paper grain, restrained palette, in the manner of Kim Hong-do and Jeong Seon, single object centered, plain warm hanji background, soft ambient occlusion, clean silhouette, game item icon, 1:1 --ar 1:1 --style raw"
her_103,res://assets/icons/heritage/her_103.png,화북진,Hanging Scroll Travelogue,Hanji Scroll with Wooden Rollers,Late,"A museum-quality historical artifact illustration of 화북진 (Hanging Scroll Travelogue), crafted from Hanji Scroll with Wooden Rollers, dating back to Late Joseon Dynasty. Joseon-era Korean ink-and-wash painting (sumukchaesaek) on aged hanji mulberry paper, muted mineral pigments (malachite green, azurite blue, ochre, cinnabar red, ink black), confident brush strokes with dry-brush texture, soft paper grain, restrained palette, in the manner of Kim Hong-do and Jeong Seon, single object centered, plain warm hanji background, soft ambient occlusion, clean silhouette, game item icon, 1:1 --ar 1:1 --style raw"
her_104,res://assets/icons/heritage/her_104.png,차귀진,Hanging Scroll Travelogue,Hanji Scroll with Wooden Rollers,Late,"A museum-quality historical artifact illustration of 차귀진 (Hanging Scroll Travelogue), crafted from Hanji Scroll with Wooden Rollers, dating back to Late Joseon Dynasty. Joseon-era Korean ink-and-wash painting (sumukchaesaek) on aged hanji mulberry paper, muted mineral pigments (malachite green, azurite blue, ochre, cinnabar red, ink black), confident brush strokes with dry-brush texture, soft paper grain, restrained palette, in the manner of Kim Hong-do and Jeong Seon, single object centered, plain warm hanji background, soft ambient occlusion, clean silhouette, game item icon, 1:1 --ar 1:1 --style raw"
her_105,res://assets/icons/heritage/her_105.png,관음사,Hanging Scroll Travelogue,Hanji Scroll with Wooden Rollers,Late,"A museum-quality historical artifact illustration of 관음사 (Hanging Scroll Travelogue), crafted from Hanji Scroll with Wooden Rollers, dating back to Late Joseon Dynasty. Joseon-era Korean ink-and-wash painting (sumukchaesaek) on aged hanji mulberry paper, muted mineral pigments (malachite green, azurite blue, ochre, cinnabar red, ink black), confident brush strokes with dry-brush texture, soft paper grain, restrained palette, in the manner of Kim Hong-do and Jeong Seon, single object centered, plain warm hanji background, soft ambient occlusion, clean silhouette, game item icon, 1:1 --ar 1:1 --style raw"
her_106,res://assets/icons/heritage/her_106.png,존자암,Hanging Scroll Travelogue,Hanji Scroll with Wooden Rollers,Late,"A museum-quality historical artifact illustration of 존자암 (Hanging Scroll Travelogue), crafted from Hanji Scroll with Wooden Rollers, dating back to Late Joseon Dynasty. Joseon-era Korean ink-and-wash painting (sumukchaesaek) on aged hanji mulberry paper, muted mineral pigments (malachite green, azurite blue, ochre, cinnabar red, ink black), confident brush strokes with dry-brush texture, soft paper grain, restrained palette, in the manner of Kim Hong-do and Jeong Seon, single object centered, plain warm hanji background, soft ambient occlusion, clean silhouette, game item icon, 1:1 --ar 1:1 --style raw"
her_107,res://assets/icons/heritage/her_107.png,성산일출봉,Hanging Scroll Travelogue,Hanji Scroll with Wooden Rollers,Mid,"A museum-quality historical artifact illustration of 성산일출봉 (Hanging Scroll Travelogue), crafted from Hanji Scroll with Wooden Rollers, dating back to Mid Joseon Dynasty. Joseon-era Korean ink-and-wash painting (sumukchaesaek) on aged hanji mulberry paper, muted mineral pigments (malachite green, azurite blue, ochre, cinnabar red, ink black), confident brush strokes with dry-brush texture, soft paper grain, restrained palette, in the manner of Kim Hong-do and Jeong Seon, single object centered, plain warm hanji background, soft ambient occlusion, clean silhouette, game item icon, 1:1 --ar 1:1 --style raw"
her_108,res://assets/icons/heritage/her_108.png,강화 참성단,Talisman Ornament,Gilt Bronze and Silk Tassel,Mid,"A museum-quality historical artifact illustration of 강화 참성단 (Talisman Ornament), crafted from Gilt Bronze and Silk Tassel, dating back to Mid Joseon Dynasty. Joseon-era Korean ink-and-wash painting (sumukchaesaek) on aged hanji mulberry paper, muted mineral pigments (malachite green, azurite blue, ochre, cinnabar red, ink black), confident brush strokes with dry-brush texture, soft paper grain, restrained palette, in the manner of Kim Hong-do and Jeong Seon, single object centered, plain warm hanji background, soft ambient occlusion, clean silhouette, game item icon, 1:1 --ar 1:1 --style raw"
her_109,res://assets/icons/heritage/her_109.png,강화 부근리 고인돌,Ceremonial Sword,Forged Steel with Gold Inlay,Late,"A museum-quality historical artifact illustration of 강화 부근리 고인돌 (Ceremonial Sword), crafted from Forged Steel with Gold Inlay, dating back to Late Joseon Dynasty. Joseon-era Korean ink-and-wash painting (sumukchaesaek) on aged hanji mulberry paper, muted mineral pigments (malachite green, azurite blue, ochre, cinnabar red, ink black), confident brush strokes with dry-brush texture, soft paper grain, restrained palette, in the manner of Kim Hong-do and Jeong Seon, single object centered, plain warm hanji background, soft ambient occlusion, clean silhouette, game item icon, 1:1 --ar 1:1 --style raw"
her_110,res://assets/icons/heritage/her_110.png,금강산 유점사 옛터,Ceremonial Sword,Forged Steel with Gold Inlay,Mid,"A museum-quality historical artifact illustration of 금강산 유점사 옛터 (Ceremonial Sword), crafted from Forged Steel with Gold Inlay, dating back to Mid Joseon Dynasty. Joseon-era Korean ink-and-wash painting (sumukchaesaek) on aged hanji mulberry paper, muted mineral pigments (malachite green, azurite blue, ochre, cinnabar red, ink black), confident brush strokes with dry-brush texture, soft paper grain, restrained palette, in the manner of Kim Hong-do and Jeong Seon, single object centered, plain warm hanji background, soft ambient occlusion, clean silhouette, game item icon, 1:1 --ar 1:1 --style raw"
her_111,res://assets/icons/heritage/her_111.png,화천 성황당,Talisman Ornament,Gilt Bronze and Silk Tassel,Late,"A museum-quality historical artifact illustration of 화천 성황당 (Talisman Ornament), crafted from Gilt Bronze and Silk Tassel, dating back to Late Joseon Dynasty. Joseon-era Korean ink-and-wash painting (sumukchaesaek) on aged hanji mulberry paper, muted mineral pigments (malachite green, azurite blue, ochre, cinnabar red, ink black), confident brush strokes with dry-brush texture, soft paper grain, restrained palette, in the manner of Kim Hong-do and Jeong Seon, single object centered, plain warm hanji background, soft ambient occlusion, clean silhouette, game item icon, 1:1 --ar 1:1 --style raw"
her_112,res://assets/icons/heritage/her_112.png,삼척 안택선 침몰지,Crafted Specialty Goods,Traditional Handcraft Materials,Mid,"A museum-quality historical artifact illustration of 삼척 안택선 침몰지 (Crafted Specialty Goods), crafted from Traditional Handcraft Materials, dating back to Mid Joseon Dynasty. Joseon-era Korean ink-and-wash painting (sumukchaesaek) on aged hanji mulberry paper, muted mineral pigments (malachite green, azurite blue, ochre, cinnabar red, ink black), confident brush strokes with dry-brush texture, soft paper grain, restrained palette, in the manner of Kim Hong-do and Jeong Seon, single object centered, plain warm hanji background, soft ambient occlusion, clean silhouette, game item icon, 1:1 --ar 1:1 --style raw"
her_113,res://assets/icons/heritage/her_113.png,강릉 오죽헌,Ancient Historical Manuscript,Mulberry Hanji Paper & Ink,Mid,"A museum-quality historical artifact illustration of 강릉 오죽헌 (Ancient Historical Manuscript), crafted from Mulberry Hanji Paper & Ink, dating back to Mid Joseon Dynasty. Joseon-era Korean ink-and-wash painting (sumukchaesaek) on aged hanji mulberry paper, muted mineral pigments (malachite green, azurite blue, ochre, cinnabar red, ink black), confident brush strokes with dry-brush texture, soft paper grain, restrained palette, in the manner of Kim Hong-do and Jeong Seon, single object centered, plain warm hanji background, soft ambient occlusion, clean silhouette, game item icon, 1:1 --ar 1:1 --style raw"
her_114,res://assets/icons/heritage/her_114.png,영월 장릉,Ceremonial Sword,Forged Steel with Gold Inlay,Mid,"A museum-quality historical artifact illustration of 영월 장릉 (Ceremonial Sword), crafted from Forged Steel with Gold Inlay, dating back to Mid Joseon Dynasty. Joseon-era Korean ink-and-wash painting (sumukchaesaek) on aged hanji mulberry paper, muted mineral pigments (malachite green, azurite blue, ochre, cinnabar red, ink black), confident brush strokes with dry-brush texture, soft paper grain, restrained palette, in the manner of Kim Hong-do and Jeong Seon, single object centered, plain warm hanji background, soft ambient occlusion, clean silhouette, game item icon, 1:1 --ar 1:1 --style raw"
her_115,res://assets/icons/heritage/her_115.png,단양 수벌 고려가마터,Crafted Specialty Goods,Traditional Handcraft Materials,Mid,"A museum-quality historical artifact illustration of 단양 수벌 고려가마터 (Crafted Specialty Goods), crafted from Traditional Handcraft Materials, dating back to Mid Joseon Dynasty. Joseon-era Korean ink-and-wash painting (sumukchaesaek) on aged hanji mulberry paper, muted mineral pigments (malachite green, azurite blue, ochre, cinnabar red, ink black), confident brush strokes with dry-brush texture, soft paper grain, restrained palette, in the manner of Kim Hong-do and Jeong Seon, single object centered, plain warm hanji background, soft ambient occlusion, clean silhouette, game item icon, 1:1 --ar 1:1 --style raw"
her_116,res://assets/icons/heritage/her_116.png,충주 탑평리 칠층석탑,Ceremonial Sword,Forged Steel with Gold Inlay,Mid,"A museum-quality historical artifact illustration of 충주 탑평리 칠층석탑 (Ceremonial Sword), crafted from Forged Steel with Gold Inlay, dating back to Mid Joseon Dynasty. Joseon-era Korean ink-and-wash painting (sumukchaesaek) on aged hanji mulberry paper, muted mineral pigments (malachite green, azurite blue, ochre, cinnabar red, ink black), confident brush strokes with dry-brush texture, soft paper grain, restrained palette, in the manner of Kim Hong-do and Jeong Seon, single object centered, plain warm hanji background, soft ambient occlusion, clean silhouette, game item icon, 1:1 --ar 1:1 --style raw"
her_117,res://assets/icons/heritage/her_117.png,계룡산 신도안,Talisman Ornament,Gilt Bronze and Silk Tassel,Mid,"A museum-quality historical artifact illustration of 계룡산 신도안 (Talisman Ornament), crafted from Gilt Bronze and Silk Tassel, dating back to Mid Joseon Dynasty. Joseon-era Korean ink-and-wash painting (sumukchaesaek) on aged hanji mulberry paper, muted mineral pigments (malachite green, azurite blue, ochre, cinnabar red, ink black), confident brush strokes with dry-brush texture, soft paper grain, restrained palette, in the manner of Kim Hong-do and Jeong Seon, single object centered, plain warm hanji background, soft ambient occlusion, clean silhouette, game item icon, 1:1 --ar 1:1 --style raw"
her_118,res://assets/icons/heritage/her_118.png,계룡산 천황봉,Hanging Scroll Travelogue,Hanji Scroll with Wooden Rollers,Mid,"A museum-quality historical artifact illustration of 계룡산 천황봉 (Hanging Scroll Travelogue), crafted from Hanji Scroll with Wooden Rollers, dating back to Mid Joseon Dynasty. Joseon-era Korean ink-and-wash painting (sumukchaesaek) on aged hanji mulberry paper, muted mineral pigments (malachite green, azurite blue, ochre, cinnabar red, ink black), confident brush strokes with dry-brush texture, soft paper grain, restrained palette, in the manner of Kim Hong-do and Jeong Seon, single object centered, plain warm hanji background, soft ambient occlusion, clean silhouette, game item icon, 1:1 --ar 1:1 --style raw"
her_119,res://assets/icons/heritage/her_119.png,부여 정림사지 오층석탑,Ceremonial Sword,Forged Steel with Gold Inlay,Mid,"A museum-quality historical artifact illustration of 부여 정림사지 오층석탑 (Ceremonial Sword), crafted from Forged Steel with Gold Inlay, dating back to Mid Joseon Dynasty. Joseon-era Korean ink-and-wash painting (sumukchaesaek) on aged hanji mulberry paper, muted mineral pigments (malachite green, azurite blue, ochre, cinnabar red, ink black), confident brush strokes with dry-brush texture, soft paper grain, restrained palette, in the manner of Kim Hong-do and Jeong Seon, single object centered, plain warm hanji background, soft ambient occlusion, clean silhouette, game item icon, 1:1 --ar 1:1 --style raw"
her_120,res://assets/icons/heritage/her_120.png,공주 송산리 고분군,Ceremonial Sword,Forged Steel with Gold Inlay,Mid,"A museum-quality historical artifact illustration of 공주 송산리 고분군 (Ceremonial Sword), crafted from Forged Steel with Gold Inlay, dating back to Mid Joseon Dynasty. Joseon-era Korean ink-and-wash painting (sumukchaesaek) on aged hanji mulberry paper, muted mineral pigments (malachite green, azurite blue, ochre, cinnabar red, ink black), confident brush strokes with dry-brush texture, soft paper grain, restrained palette, in the manner of Kim Hong-do and Jeong Seon, single object centered, plain warm hanji background, soft ambient occlusion, clean silhouette, game item icon, 1:1 --ar 1:1 --style raw"
her_121,res://assets/icons/heritage/her_121.png,태안 마도 침몰선,Crafted Specialty Goods,Traditional Handcraft Materials,Mid,"A museum-quality historical artifact illustration of 태안 마도 침몰선 (Crafted Specialty Goods), crafted from Traditional Handcraft Materials, dating back to Mid Joseon Dynasty. Joseon-era Korean ink-and-wash painting (sumukchaesaek) on aged hanji mulberry paper, muted mineral pigments (malachite green, azurite blue, ochre, cinnabar red, ink black), confident brush strokes with dry-brush texture, soft paper grain, restrained palette, in the manner of Kim Hong-do and Jeong Seon, single object centered, plain warm hanji background, soft ambient occlusion, clean silhouette, game item icon, 1:1 --ar 1:1 --style raw"
her_122,res://assets/icons/heritage/her_122.png,익산 미륵사지 석탑,Ceremonial Sword,Forged Steel with Gold Inlay,Early,"A museum-quality historical artifact illustration of 익산 미륵사지 석탑 (Ceremonial Sword), crafted from Forged Steel with Gold Inlay, dating back to Early Joseon Dynasty. Joseon-era Korean ink-and-wash painting (sumukchaesaek) on aged hanji mulberry paper, muted mineral pigments (malachite green, azurite blue, ochre, cinnabar red, ink black), confident brush strokes with dry-brush texture, soft paper grain, restrained palette, in the manner of Kim Hong-do and Jeong Seon, single object centered, plain warm hanji background, soft ambient occlusion, clean silhouette, game item icon, 1:1 --ar 1:1 --style raw"
her_123,res://assets/icons/heritage/her_123.png,부안 유천리 청자 가마터,Crafted Specialty Goods,Traditional Handcraft Materials,Mid,"A museum-quality historical artifact illustration of 부안 유천리 청자 가마터 (Crafted Specialty Goods), crafted from Traditional Handcraft Materials, dating back to Mid Joseon Dynasty. Joseon-era Korean ink-and-wash painting (sumukchaesaek) on aged hanji mulberry paper, muted mineral pigments (malachite green, azurite blue, ochre, cinnabar red, ink black), confident brush strokes with dry-brush texture, soft paper grain, restrained palette, in the manner of Kim Hong-do and Jeong Seon, single object centered, plain warm hanji background, soft ambient occlusion, clean silhouette, game item icon, 1:1 --ar 1:1 --style raw"
her_124,res://assets/icons/heritage/her_124.png,전주 경기전,Ancient Historical Manuscript,Mulberry Hanji Paper & Ink,Mid,"A museum-quality historical artifact illustration of 전주 경기전 (Ancient Historical Manuscript), crafted from Mulberry Hanji Paper & Ink, dating back to Mid Joseon Dynasty. Joseon-era Korean ink-and-wash painting (sumukchaesaek) on aged hanji mulberry paper, muted mineral pigments (malachite green, azurite blue, ochre, cinnabar red, ink black), confident brush strokes with dry-brush texture, soft paper grain, restrained palette, in the manner of Kim Hong-do and Jeong Seon, single object centered, plain warm hanji background, soft ambient occlusion, clean silhouette, game item icon, 1:1 --ar 1:1 --style raw"
her_125,res://assets/icons/heritage/her_125.png,신안 해저 무역선,Crafted Specialty Goods,Traditional Handcraft Materials,Early,"A museum-quality historical artifact illustration of 신안 해저 무역선 (Crafted Specialty Goods), crafted from Traditional Handcraft Materials, dating back to Early Joseon Dynasty. Joseon-era Korean ink-and-wash painting (sumukchaesaek) on aged hanji mulberry paper, muted mineral pigments (malachite green, azurite blue, ochre, cinnabar red, ink black), confident brush strokes with dry-brush texture, soft paper grain, restrained palette, in the manner of Kim Hong-do and Jeong Seon, single object centered, plain warm hanji background, soft ambient occlusion, clean silhouette, game item icon, 1:1 --ar 1:1 --style raw"
her_126,res://assets/icons/heritage/her_126.png,담양 소쇄원,Hanging Scroll Travelogue,Hanji Scroll with Wooden Rollers,Late,"A museum-quality historical artifact illustration of 담양 소쇄원 (Hanging Scroll Travelogue), crafted from Hanji Scroll with Wooden Rollers, dating back to Late Joseon Dynasty. Joseon-era Korean ink-and-wash painting (sumukchaesaek) on aged hanji mulberry paper, muted mineral pigments (malachite green, azurite blue, ochre, cinnabar red, ink black), confident brush strokes with dry-brush texture, soft paper grain, restrained palette, in the manner of Kim Hong-do and Jeong Seon, single object centered, plain warm hanji background, soft ambient occlusion, clean silhouette, game item icon, 1:1 --ar 1:1 --style raw"
her_127,res://assets/icons/heritage/her_127.png,경주 대릉원,Ceremonial Sword,Forged Steel with Gold Inlay,Early,"A museum-quality historical artifact illustration of 경주 대릉원 (Ceremonial Sword), crafted from Forged Steel with Gold Inlay, dating back to Early Joseon Dynasty. Joseon-era Korean ink-and-wash painting (sumukchaesaek) on aged hanji mulberry paper, muted mineral pigments (malachite green, azurite blue, ochre, cinnabar red, ink black), confident brush strokes with dry-brush texture, soft paper grain, restrained palette, in the manner of Kim Hong-do and Jeong Seon, single object centered, plain warm hanji background, soft ambient occlusion, clean silhouette, game item icon, 1:1 --ar 1:1 --style raw"
her_128,res://assets/icons/heritage/her_128.png,지리산 천왕봉,Hanging Scroll Travelogue,Hanji Scroll with Wooden Rollers,Mid,"A museum-quality historical artifact illustration of 지리산 천왕봉 (Hanging Scroll Travelogue), crafted from Hanji Scroll with Wooden Rollers, dating back to Mid Joseon Dynasty. Joseon-era Korean ink-and-wash painting (sumukchaesaek) on aged hanji mulberry paper, muted mineral pigments (malachite green, azurite blue, ochre, cinnabar red, ink black), confident brush strokes with dry-brush texture, soft paper grain, restrained palette, in the manner of Kim Hong-do and Jeong Seon, single object centered, plain warm hanji background, soft ambient occlusion, clean silhouette, game item icon, 1:1 --ar 1:1 --style raw"
her_129,res://assets/icons/heritage/her_129.png,김해 수로왕릉,Ceremonial Sword,Forged Steel with Gold Inlay,Mid,"A museum-quality historical artifact illustration of 김해 수로왕릉 (Ceremonial Sword), crafted from Forged Steel with Gold Inlay, dating back to Mid Joseon Dynasty. Joseon-era Korean ink-and-wash painting (sumukchaesaek) on aged hanji mulberry paper, muted mineral pigments (malachite green, azurite blue, ochre, cinnabar red, ink black), confident brush strokes with dry-brush texture, soft paper grain, restrained palette, in the manner of Kim Hong-do and Jeong Seon, single object centered, plain warm hanji background, soft ambient occlusion, clean silhouette, game item icon, 1:1 --ar 1:1 --style raw"
her_130,res://assets/icons/heritage/her_130.png,봉산 탈춤 성황당,Talisman Ornament,Gilt Bronze and Silk Tassel,Late,"A museum-quality historical artifact illustration of 봉산 탈춤 성황당 (Talisman Ornament), crafted from Gilt Bronze and Silk Tassel, dating back to Late Joseon Dynasty. Joseon-era Korean ink-and-wash painting (sumukchaesaek) on aged hanji mulberry paper, muted mineral pigments (malachite green, azurite blue, ochre, cinnabar red, ink black), confident brush strokes with dry-brush texture, soft paper grain, restrained palette, in the manner of Kim Hong-do and Jeong Seon, single object centered, plain warm hanji background, soft ambient occlusion, clean silhouette, game item icon, 1:1 --ar 1:1 --style raw"
her_131,res://assets/icons/heritage/her_131.png,황주 월파루,Hanging Scroll Travelogue,Hanji Scroll with Wooden Rollers,Late,"A museum-quality historical artifact illustration of 황주 월파루 (Hanging Scroll Travelogue), crafted from Hanji Scroll with Wooden Rollers, dating back to Late Joseon Dynasty. Joseon-era Korean ink-and-wash painting (sumukchaesaek) on aged hanji mulberry paper, muted mineral pigments (malachite green, azurite blue, ochre, cinnabar red, ink black), confident brush strokes with dry-brush texture, soft paper grain, restrained palette, in the manner of Kim Hong-do and Jeong Seon, single object centered, plain warm hanji background, soft ambient occlusion, clean silhouette, game item icon, 1:1 --ar 1:1 --style raw"
her_132,res://assets/icons/heritage/her_132.png,해주 소현서원,Ancient Historical Manuscript,Mulberry Hanji Paper & Ink,Mid,"A museum-quality historical artifact illustration of 해주 소현서원 (Ancient Historical Manuscript), crafted from Mulberry Hanji Paper & Ink, dating back to Mid Joseon Dynasty. Joseon-era Korean ink-and-wash painting (sumukchaesaek) on aged hanji mulberry paper, muted mineral pigments (malachite green, azurite blue, ochre, cinnabar red, ink black), confident brush strokes with dry-brush texture, soft paper grain, restrained palette, in the manner of Kim Hong-do and Jeong Seon, single object centered, plain warm hanji background, soft ambient occlusion, clean silhouette, game item icon, 1:1 --ar 1:1 --style raw"
her_133,res://assets/icons/heritage/her_133.png,장연 몽금포,Hanging Scroll Travelogue,Hanji Scroll with Wooden Rollers,Late,"A museum-quality historical artifact illustration of 장연 몽금포 (Hanging Scroll Travelogue), crafted from Hanji Scroll with Wooden Rollers, dating back to Late Joseon Dynasty. Joseon-era Korean ink-and-wash painting (sumukchaesaek) on aged hanji mulberry paper, muted mineral pigments (malachite green, azurite blue, ochre, cinnabar red, ink black), confident brush strokes with dry-brush texture, soft paper grain, restrained palette, in the manner of Kim Hong-do and Jeong Seon, single object centered, plain warm hanji background, soft ambient occlusion, clean silhouette, game item icon, 1:1 --ar 1:1 --style raw"
her_134,res://assets/icons/heritage/her_134.png,묘향산 단군굴,Talisman Ornament,Gilt Bronze and Silk Tassel,Mid,"A museum-quality historical artifact illustration of 묘향산 단군굴 (Talisman Ornament), crafted from Gilt Bronze and Silk Tassel, dating back to Mid Joseon Dynasty. Joseon-era Korean ink-and-wash painting (sumukchaesaek) on aged hanji mulberry paper, muted mineral pigments (malachite green, azurite blue, ochre, cinnabar red, ink black), confident brush strokes with dry-brush texture, soft paper grain, restrained palette, in the manner of Kim Hong-do and Jeong Seon, single object centered, plain warm hanji background, soft ambient occlusion, clean silhouette, game item icon, 1:1 --ar 1:1 --style raw"
her_135,res://assets/icons/heritage/her_135.png,평양 동명왕릉,Ceremonial Sword,Forged Steel with Gold Inlay,Mid,"A museum-quality historical artifact illustration of 평양 동명왕릉 (Ceremonial Sword), crafted from Forged Steel with Gold Inlay, dating back to Mid Joseon Dynasty. Joseon-era Korean ink-and-wash painting (sumukchaesaek) on aged hanji mulberry paper, muted mineral pigments (malachite green, azurite blue, ochre, cinnabar red, ink black), confident brush strokes with dry-brush texture, soft paper grain, restrained palette, in the manner of Kim Hong-do and Jeong Seon, single object centered, plain warm hanji background, soft ambient occlusion, clean silhouette, game item icon, 1:1 --ar 1:1 --style raw"
her_136,res://assets/icons/heritage/her_136.png,강서 대묘,Ceremonial Sword,Forged Steel with Gold Inlay,Mid,"A museum-quality historical artifact illustration of 강서 대묘 (Ceremonial Sword), crafted from Forged Steel with Gold Inlay, dating back to Mid Joseon Dynasty. Joseon-era Korean ink-and-wash painting (sumukchaesaek) on aged hanji mulberry paper, muted mineral pigments (malachite green, azurite blue, ochre, cinnabar red, ink black), confident brush strokes with dry-brush texture, soft paper grain, restrained palette, in the manner of Kim Hong-do and Jeong Seon, single object centered, plain warm hanji background, soft ambient occlusion, clean silhouette, game item icon, 1:1 --ar 1:1 --style raw"
her_137,res://assets/icons/heritage/her_137.png,영변 약산 동대,Hanging Scroll Travelogue,Hanji Scroll with Wooden Rollers,Late,"A museum-quality historical artifact illustration of 영변 약산 동대 (Hanging Scroll Travelogue), crafted from Hanji Scroll with Wooden Rollers, dating back to Late Joseon Dynasty. Joseon-era Korean ink-and-wash painting (sumukchaesaek) on aged hanji mulberry paper, muted mineral pigments (malachite green, azurite blue, ochre, cinnabar red, ink black), confident brush strokes with dry-brush texture, soft paper grain, restrained palette, in the manner of Kim Hong-do and Jeong Seon, single object centered, plain warm hanji background, soft ambient occlusion, clean silhouette, game item icon, 1:1 --ar 1:1 --style raw"
her_138,res://assets/icons/heritage/her_138.png,압록강 하구 침몰선,Crafted Specialty Goods,Traditional Handcraft Materials,Mid,"A museum-quality historical artifact illustration of 압록강 하구 침몰선 (Crafted Specialty Goods), crafted from Traditional Handcraft Materials, dating back to Mid Joseon Dynasty. Joseon-era Korean ink-and-wash painting (sumukchaesaek) on aged hanji mulberry paper, muted mineral pigments (malachite green, azurite blue, ochre, cinnabar red, ink black), confident brush strokes with dry-brush texture, soft paper grain, restrained palette, in the manner of Kim Hong-do and Jeong Seon, single object centered, plain warm hanji background, soft ambient occlusion, clean silhouette, game item icon, 1:1 --ar 1:1 --style raw"
her_139,res://assets/icons/heritage/her_139.png,북청 사자놀음 마당,Talisman Ornament,Gilt Bronze and Silk Tassel,Late,"A museum-quality historical artifact illustration of 북청 사자놀음 마당 (Talisman Ornament), crafted from Gilt Bronze and Silk Tassel, dating back to Late Joseon Dynasty. Joseon-era Korean ink-and-wash painting (sumukchaesaek) on aged hanji mulberry paper, muted mineral pigments (malachite green, azurite blue, ochre, cinnabar red, ink black), confident brush strokes with dry-brush texture, soft paper grain, restrained palette, in the manner of Kim Hong-do and Jeong Seon, single object centered, plain warm hanji background, soft ambient occlusion, clean silhouette, game item icon, 1:1 --ar 1:1 --style raw"
her_140,res://assets/icons/heritage/her_140.png,개마고원 삼수갑산,Hanging Scroll Travelogue,Hanji Scroll with Wooden Rollers,Mid,"A museum-quality historical artifact illustration of 개마고원 삼수갑산 (Hanging Scroll Travelogue), crafted from Hanji Scroll with Wooden Rollers, dating back to Mid Joseon Dynasty. Joseon-era Korean ink-and-wash painting (sumukchaesaek) on aged hanji mulberry paper, muted mineral pigments (malachite green, azurite blue, ochre, cinnabar red, ink black), confident brush strokes with dry-brush texture, soft paper grain, restrained palette, in the manner of Kim Hong-do and Jeong Seon, single object centered, plain warm hanji background, soft ambient occlusion, clean silhouette, game item icon, 1:1 --ar 1:1 --style raw"
her_141,res://assets/icons/heritage/her_141.png,칠보산,Hanging Scroll Travelogue,Hanji Scroll with Wooden Rollers,Mid,"A museum-quality historical artifact illustration of 칠보산 (Hanging Scroll Travelogue), crafted from Hanji Scroll with Wooden Rollers, dating back to Mid Joseon Dynasty. Joseon-era Korean ink-and-wash painting (sumukchaesaek) on aged hanji mulberry paper, muted mineral pigments (malachite green, azurite blue, ochre, cinnabar red, ink black), confident brush strokes with dry-brush texture, soft paper grain, restrained palette, in the manner of Kim Hong-do and Jeong Seon, single object centered, plain warm hanji background, soft ambient occlusion, clean silhouette, game item icon, 1:1 --ar 1:1 --style raw"
her_142,res://assets/icons/heritage/her_142.png,회령 오지 가마터,Crafted Specialty Goods,Traditional Handcraft Materials,Late,"A museum-quality historical artifact illustration of 회령 오지 가마터 (Crafted Specialty Goods), crafted from Traditional Handcraft Materials, dating back to Late Joseon Dynasty. Joseon-era Korean ink-and-wash painting (sumukchaesaek) on aged hanji mulberry paper, muted mineral pigments (malachite green, azurite blue, ochre, cinnabar red, ink black), confident brush strokes with dry-brush texture, soft paper grain, restrained palette, in the manner of Kim Hong-do and Jeong Seon, single object centered, plain warm hanji background, soft ambient occlusion, clean silhouette, game item icon, 1:1 --ar 1:1 --style raw"
her_143,res://assets/icons/heritage/her_143.png,삼성혈,Talisman Ornament,Gilt Bronze and Silk Tassel,Mid,"A museum-quality historical artifact illustration of 삼성혈 (Talisman Ornament), crafted from Gilt Bronze and Silk Tassel, dating back to Mid Joseon Dynasty. Joseon-era Korean ink-and-wash painting (sumukchaesaek) on aged hanji mulberry paper, muted mineral pigments (malachite green, azurite blue, ochre, cinnabar red, ink black), confident brush strokes with dry-brush texture, soft paper grain, restrained palette, in the manner of Kim Hong-do and Jeong Seon, single object centered, plain warm hanji background, soft ambient occlusion, clean silhouette, game item icon, 1:1 --ar 1:1 --style raw"
her_144,res://assets/icons/heritage/her_144.png,추사 유배지,Ancient Historical Manuscript,Mulberry Hanji Paper & Ink,Mid,"A museum-quality historical artifact illustration of 추사 유배지 (Ancient Historical Manuscript), crafted from Mulberry Hanji Paper & Ink, dating back to Mid Joseon Dynasty. Joseon-era Korean ink-and-wash painting (sumukchaesaek) on aged hanji mulberry paper, muted mineral pigments (malachite green, azurite blue, ochre, cinnabar red, ink black), confident brush strokes with dry-brush texture, soft paper grain, restrained palette, in the manner of Kim Hong-do and Jeong Seon, single object centered, plain warm hanji background, soft ambient occlusion, clean silhouette, game item icon, 1:1 --ar 1:1 --style raw"
eq_w1_mokgeom,res://assets/icons/items/eq_w1_mokgeom.png,박달 목검,Ceremonial Sword,Forged Steel with Gold Inlay,Late,"A museum-quality historical artifact illustration of 박달 목검 (Ceremonial Sword), crafted from Forged Steel with Gold Inlay, dating back to Late Joseon Dynasty. Joseon-era Korean ink-and-wash painting (sumukchaesaek) on aged hanji mulberry paper, muted mineral pigments (malachite green, azurite blue, ochre, cinnabar red, ink black), confident brush strokes with dry-brush texture, soft paper grain, restrained palette, in the manner of Kim Hong-do and Jeong Seon, single object centered, plain warm hanji background, soft ambient occlusion, clean silhouette, game item icon, 1:1 --ar 1:1 --style raw"
eq_w2_hwando,res://assets/icons/items/eq_w2_hwando.png,환도,Ceremonial Sword,Forged Steel with Gold Inlay,Late,"A museum-quality historical artifact illustration of 환도 (Ceremonial Sword), crafted from Forged Steel with Gold Inlay, dating back to Late Joseon Dynasty. Joseon-era Korean ink-and-wash painting (sumukchaesaek) on aged hanji mulberry paper, muted mineral pigments (malachite green, azurite blue, ochre, cinnabar red, ink black), confident brush strokes with dry-brush texture, soft paper grain, restrained palette, in the manner of Kim Hong-do and Jeong Seon, single object centered, plain warm hanji background, soft ambient occlusion, clean silhouette, game item icon, 1:1 --ar 1:1 --style raw"
eq_w2_suljang,res://assets/icons/items/eq_w2_suljang.png,도사 철선장,Ceremonial Sword,Forged Steel with Gold Inlay,Late,"A museum-quality historical artifact illustration of 도사 철선장 (Ceremonial Sword), crafted from Forged Steel with Gold Inlay, dating back to Late Joseon Dynasty. Joseon-era Korean ink-and-wash painting (sumukchaesaek) on aged hanji mulberry paper, muted mineral pigments (malachite green, azurite blue, ochre, cinnabar red, ink black), confident brush strokes with dry-brush texture, soft paper grain, restrained palette, in the manner of Kim Hong-do and Jeong Seon, single object centered, plain warm hanji background, soft ambient occlusion, clean silhouette, game item icon, 1:1 --ar 1:1 --style raw"
eq_w2_jeoul,res://assets/icons/items/eq_w2_jeoul.png,상인 저울추 철퇴,Ceremonial Sword,Forged Steel with Gold Inlay,Late,"A museum-quality historical artifact illustration of 상인 저울추 철퇴 (Ceremonial Sword), crafted from Forged Steel with Gold Inlay, dating back to Late Joseon Dynasty. Joseon-era Korean ink-and-wash painting (sumukchaesaek) on aged hanji mulberry paper, muted mineral pigments (malachite green, azurite blue, ochre, cinnabar red, ink black), confident brush strokes with dry-brush texture, soft paper grain, restrained palette, in the manner of Kim Hong-do and Jeong Seon, single object centered, plain warm hanji background, soft ambient occlusion, clean silhouette, game item icon, 1:1 --ar 1:1 --style raw"
eq_w3_byeolungeom,res://assets/icons/items/eq_w3_byeolungeom.png,별운검,Ceremonial Sword,Forged Steel with Gold Inlay,Mid,"A museum-quality historical artifact illustration of 별운검 (Ceremonial Sword), crafted from Forged Steel with Gold Inlay, dating back to Mid Joseon Dynasty. Joseon-era Korean ink-and-wash painting (sumukchaesaek) on aged hanji mulberry paper, muted mineral pigments (malachite green, azurite blue, ochre, cinnabar red, ink black), confident brush strokes with dry-brush texture, soft paper grain, restrained palette, in the manner of Kim Hong-do and Jeong Seon, single object centered, plain warm hanji background, soft ambient occlusion, clean silhouette, game item icon, 1:1 --ar 1:1 --style raw"
eq_w3_hwaseon,res://assets/icons/items/eq_w3_hwaseon.png,화전(火箭) 각궁,Ceremonial Sword,Forged Steel with Gold Inlay,Mid,"A museum-quality historical artifact illustration of 화전(火箭) 각궁 (Ceremonial Sword), crafted from Forged Steel with Gold Inlay, dating back to Mid Joseon Dynasty. Joseon-era Korean ink-and-wash painting (sumukchaesaek) on aged hanji mulberry paper, muted mineral pigments (malachite green, azurite blue, ochre, cinnabar red, ink black), confident brush strokes with dry-brush texture, soft paper grain, restrained palette, in the manner of Kim Hong-do and Jeong Seon, single object centered, plain warm hanji background, soft ambient occlusion, clean silhouette, game item icon, 1:1 --ar 1:1 --style raw"
eq_a1_cheollik,res://assets/icons/items/eq_a1_cheollik.png,무명 철릭,Lamellar Armor,Iron Scales and Leather,Late,"A museum-quality historical artifact illustration of 무명 철릭 (Lamellar Armor), crafted from Iron Scales and Leather, dating back to Late Joseon Dynasty. Joseon-era Korean ink-and-wash painting (sumukchaesaek) on aged hanji mulberry paper, muted mineral pigments (malachite green, azurite blue, ochre, cinnabar red, ink black), confident brush strokes with dry-brush texture, soft paper grain, restrained palette, in the manner of Kim Hong-do and Jeong Seon, single object centered, plain warm hanji background, soft ambient occlusion, clean silhouette, game item icon, 1:1 --ar 1:1 --style raw"
eq_a2_dujeonggap,res://assets/icons/items/eq_a2_dujeonggap.png,두정갑,Lamellar Armor,Iron Scales and Leather,Late,"A museum-quality historical artifact illustration of 두정갑 (Lamellar Armor), crafted from Iron Scales and Leather, dating back to Late Joseon Dynasty. Joseon-era Korean ink-and-wash painting (sumukchaesaek) on aged hanji mulberry paper, muted mineral pigments (malachite green, azurite blue, ochre, cinnabar red, ink black), confident brush strokes with dry-brush texture, soft paper grain, restrained palette, in the manner of Kim Hong-do and Jeong Seon, single object centered, plain warm hanji background, soft ambient occlusion, clean silhouette, game item icon, 1:1 --ar 1:1 --style raw"
eq_a3_gyeongbeon,res://assets/icons/items/eq_a3_gyeongbeon.png,경번갑,Lamellar Armor,Iron Scales and Leather,Mid,"A museum-quality historical artifact illustration of 경번갑 (Lamellar Armor), crafted from Iron Scales and Leather, dating back to Mid Joseon Dynasty. Joseon-era Korean ink-and-wash painting (sumukchaesaek) on aged hanji mulberry paper, muted mineral pigments (malachite green, azurite blue, ochre, cinnabar red, ink black), confident brush strokes with dry-brush texture, soft paper grain, restrained palette, in the manner of Kim Hong-do and Jeong Seon, single object centered, plain warm hanji background, soft ambient occlusion, clean silhouette, game item icon, 1:1 --ar 1:1 --style raw"
eq_s1_jipsin,res://assets/icons/items/eq_s1_jipsin.png,짚신,Traditional Boots,Leather and Silk,Late,"A museum-quality historical artifact illustration of 짚신 (Traditional Boots), crafted from Leather and Silk, dating back to Late Joseon Dynasty. Joseon-era Korean ink-and-wash painting (sumukchaesaek) on aged hanji mulberry paper, muted mineral pigments (malachite green, azurite blue, ochre, cinnabar red, ink black), confident brush strokes with dry-brush texture, soft paper grain, restrained palette, in the manner of Kim Hong-do and Jeong Seon, single object centered, plain warm hanji background, soft ambient occlusion, clean silhouette, game item icon, 1:1 --ar 1:1 --style raw"
eq_s2_bidan_jipsin,res://assets/icons/items/eq_s2_bidan_jipsin.png,비단 삼첩 짚신,Traditional Boots,Leather and Silk,Late,"A museum-quality historical artifact illustration of 비단 삼첩 짚신 (Traditional Boots), crafted from Leather and Silk, dating back to Late Joseon Dynasty. Joseon-era Korean ink-and-wash painting (sumukchaesaek) on aged hanji mulberry paper, muted mineral pigments (malachite green, azurite blue, ochre, cinnabar red, ink black), confident brush strokes with dry-brush texture, soft paper grain, restrained palette, in the manner of Kim Hong-do and Jeong Seon, single object centered, plain warm hanji background, soft ambient occlusion, clean silhouette, game item icon, 1:1 --ar 1:1 --style raw"
eq_s3_mokhwa,res://assets/icons/items/eq_s3_mokhwa.png,수혜자 목화,Traditional Boots,Leather and Silk,Mid,"A museum-quality historical artifact illustration of 수혜자 목화 (Traditional Boots), crafted from Leather and Silk, dating back to Mid Joseon Dynasty. Joseon-era Korean ink-and-wash painting (sumukchaesaek) on aged hanji mulberry paper, muted mineral pigments (malachite green, azurite blue, ochre, cinnabar red, ink black), confident brush strokes with dry-brush texture, soft paper grain, restrained palette, in the manner of Kim Hong-do and Jeong Seon, single object centered, plain warm hanji background, soft ambient occlusion, clean silhouette, game item icon, 1:1 --ar 1:1 --style raw"
eq_c1_hopae,res://assets/icons/items/eq_c1_hopae.png,호패,Talisman Ornament,Gilt Bronze and Silk Tassel,Late,"A museum-quality historical artifact illustration of 호패 (Talisman Ornament), crafted from Gilt Bronze and Silk Tassel, dating back to Late Joseon Dynasty. Joseon-era Korean ink-and-wash painting (sumukchaesaek) on aged hanji mulberry paper, muted mineral pigments (malachite green, azurite blue, ochre, cinnabar red, ink black), confident brush strokes with dry-brush texture, soft paper grain, restrained palette, in the manner of Kim Hong-do and Jeong Seon, single object centered, plain warm hanji background, soft ambient occlusion, clean silhouette, game item icon, 1:1 --ar 1:1 --style raw"
eq_c2_yeongdeung,res://assets/icons/items/eq_c2_yeongdeung.png,영등 영패,Talisman Ornament,Gilt Bronze and Silk Tassel,Late,"A museum-quality historical artifact illustration of 영등 영패 (Talisman Ornament), crafted from Gilt Bronze and Silk Tassel, dating back to Late Joseon Dynasty. Joseon-era Korean ink-and-wash painting (sumukchaesaek) on aged hanji mulberry paper, muted mineral pigments (malachite green, azurite blue, ochre, cinnabar red, ink black), confident brush strokes with dry-brush texture, soft paper grain, restrained palette, in the manner of Kim Hong-do and Jeong Seon, single object centered, plain warm hanji background, soft ambient occlusion, clean silhouette, game item icon, 1:1 --ar 1:1 --style raw"
eq_c2_ssitgim,res://assets/icons/items/eq_c2_ssitgim.png,씻김굿 방울,Talisman Ornament,Gilt Bronze and Silk Tassel,Late,"A museum-quality historical artifact illustration of 씻김굿 방울 (Talisman Ornament), crafted from Gilt Bronze and Silk Tassel, dating back to Late Joseon Dynasty. Joseon-era Korean ink-and-wash painting (sumukchaesaek) on aged hanji mulberry paper, muted mineral pigments (malachite green, azurite blue, ochre, cinnabar red, ink black), confident brush strokes with dry-brush texture, soft paper grain, restrained palette, in the manner of Kim Hong-do and Jeong Seon, single object centered, plain warm hanji background, soft ambient occlusion, clean silhouette, game item icon, 1:1 --ar 1:1 --style raw"
eq_c3_byeoksa,res://assets/icons/items/eq_c3_byeoksa.png,벽사 삼작노리개,Talisman Ornament,Gilt Bronze and Silk Tassel,Mid,"A museum-quality historical artifact illustration of 벽사 삼작노리개 (Talisman Ornament), crafted from Gilt Bronze and Silk Tassel, dating back to Mid Joseon Dynasty. Joseon-era Korean ink-and-wash painting (sumukchaesaek) on aged hanji mulberry paper, muted mineral pigments (malachite green, azurite blue, ochre, cinnabar red, ink black), confident brush strokes with dry-brush texture, soft paper grain, restrained palette, in the manner of Kim Hong-do and Jeong Seon, single object centered, plain warm hanji background, soft ambient occlusion, clean silhouette, game item icon, 1:1 --ar 1:1 --style raw"
eq_c3_gaya_crown,res://assets/icons/items/eq_c3_gaya_crown.png,가야 금동관,Talisman Ornament,Gilt Bronze and Silk Tassel,Mid,"A museum-quality historical artifact illustration of 가야 금동관 (Talisman Ornament), crafted from Gilt Bronze and Silk Tassel, dating back to Mid Joseon Dynasty. Joseon-era Korean ink-and-wash painting (sumukchaesaek) on aged hanji mulberry paper, muted mineral pigments (malachite green, azurite blue, ochre, cinnabar red, ink black), confident brush strokes with dry-brush texture, soft paper grain, restrained palette, in the manner of Kim Hong-do and Jeong Seon, single object centered, plain warm hanji background, soft ambient occlusion, clean silhouette, game item icon, 1:1 --ar 1:1 --style raw"
eq_b3_gyeonggukjeon,res://assets/icons/items/eq_b3_gyeonggukjeon.png,조선경국전,Ancient Historical Manuscript,Mulberry Hanji Paper & Ink,Mid,"A museum-quality historical artifact illustration of 조선경국전 (Ancient Historical Manuscript), crafted from Mulberry Hanji Paper & Ink, dating back to Mid Joseon Dynasty. Joseon-era Korean ink-and-wash painting (sumukchaesaek) on aged hanji mulberry paper, muted mineral pigments (malachite green, azurite blue, ochre, cinnabar red, ink black), confident brush strokes with dry-brush texture, soft paper grain, restrained palette, in the manner of Kim Hong-do and Jeong Seon, single object centered, plain warm hanji background, soft ambient occlusion, clean silhouette, game item icon, 1:1 --ar 1:1 --style raw"
eq_b3_muyedobo,res://assets/icons/items/eq_b3_muyedobo.png,무예도보통지,Ancient Historical Manuscript,Mulberry Hanji Paper & Ink,Mid,"A museum-quality historical artifact illustration of 무예도보통지 (Ancient Historical Manuscript), crafted from Mulberry Hanji Paper & Ink, dating back to Mid Joseon Dynasty. Joseon-era Korean ink-and-wash painting (sumukchaesaek) on aged hanji mulberry paper, muted mineral pigments (malachite green, azurite blue, ochre, cinnabar red, ink black), confident brush strokes with dry-brush texture, soft paper grain, restrained palette, in the manner of Kim Hong-do and Jeong Seon, single object centered, plain warm hanji background, soft ambient occlusion, clean silhouette, game item icon, 1:1 --ar 1:1 --style raw"
eq_b5_hunminjeongeum,res://assets/icons/items/eq_b5_hunminjeongeum.png,훈민정음 해례본,Ancient Historical Manuscript,Mulberry Hanji Paper & Ink,Early,"A museum-quality historical artifact illustration of 훈민정음 해례본 (Ancient Historical Manuscript), crafted from Mulberry Hanji Paper & Ink, dating back to Early Joseon Dynasty. Joseon-era Korean ink-and-wash painting (sumukchaesaek) on aged hanji mulberry paper, muted mineral pigments (malachite green, azurite blue, ochre, cinnabar red, ink black), confident brush strokes with dry-brush texture, soft paper grain, restrained palette, in the manner of Kim Hong-do and Jeong Seon, single object centered, plain warm hanji background, soft ambient occlusion, clean silhouette, game item icon, 1:1 --ar 1:1 --style raw"
eq_saingeom_5,res://assets/icons/items/eq_saingeom_5.png,순조 인월 인일 사인검(四寅劍),Ceremonial Sword,Forged Steel with Gold Inlay,Early,"A museum-quality historical artifact illustration of 순조 인월 인일 사인검(四寅劍) (Ceremonial Sword), crafted from Forged Steel with Gold Inlay, dating back to Early Joseon Dynasty. Joseon-era Korean ink-and-wash painting (sumukchaesaek) on aged hanji mulberry paper, muted mineral pigments (malachite green, azurite blue, ochre, cinnabar red, ink black), confident brush strokes with dry-brush texture, soft paper grain, restrained palette, in the manner of Kim Hong-do and Jeong Seon, single object centered, plain warm hanji background, soft ambient occlusion, clean silhouette, game item icon, 1:1 --ar 1:1 --style raw"
eq_her_108,res://assets/icons/items/eq_her_108.png,강화 벽사 패물,Talisman Ornament,Gilt Bronze and Silk Tassel,Mid,"A museum-quality historical artifact illustration of 강화 벽사 패물 (Talisman Ornament), crafted from Gilt Bronze and Silk Tassel, dating back to Mid Joseon Dynasty. Joseon-era Korean ink-and-wash painting (sumukchaesaek) on aged hanji mulberry paper, muted mineral pigments (malachite green, azurite blue, ochre, cinnabar red, ink black), confident brush strokes with dry-brush texture, soft paper grain, restrained palette, in the manner of Kim Hong-do and Jeong Seon, single object centered, plain warm hanji background, soft ambient occlusion, clean silhouette, game item icon, 1:1 --ar 1:1 --style raw"
eq_her_109,res://assets/icons/items/eq_her_109.png,강화 금동관,Talisman Ornament,Gilt Bronze and Silk Tassel,Late,"A museum-quality historical artifact illustration of 강화 금동관 (Talisman Ornament), crafted from Gilt Bronze and Silk Tassel, dating back to Late Joseon Dynasty. Joseon-era Korean ink-and-wash painting (sumukchaesaek) on aged hanji mulberry paper, muted mineral pigments (malachite green, azurite blue, ochre, cinnabar red, ink black), confident brush strokes with dry-brush texture, soft paper grain, restrained palette, in the manner of Kim Hong-do and Jeong Seon, single object centered, plain warm hanji background, soft ambient occlusion, clean silhouette, game item icon, 1:1 --ar 1:1 --style raw"
eq_her_110,res://assets/icons/items/eq_her_110.png,금강산 사리장엄구,Talisman Ornament,Gilt Bronze and Silk Tassel,Mid,"A museum-quality historical artifact illustration of 금강산 사리장엄구 (Talisman Ornament), crafted from Gilt Bronze and Silk Tassel, dating back to Mid Joseon Dynasty. Joseon-era Korean ink-and-wash painting (sumukchaesaek) on aged hanji mulberry paper, muted mineral pigments (malachite green, azurite blue, ochre, cinnabar red, ink black), confident brush strokes with dry-brush texture, soft paper grain, restrained palette, in the manner of Kim Hong-do and Jeong Seon, single object centered, plain warm hanji background, soft ambient occlusion, clean silhouette, game item icon, 1:1 --ar 1:1 --style raw"
eq_her_111,res://assets/icons/items/eq_her_111.png,화천 벽사 패물,Talisman Ornament,Gilt Bronze and Silk Tassel,Late,"A museum-quality historical artifact illustration of 화천 벽사 패물 (Talisman Ornament), crafted from Gilt Bronze and Silk Tassel, dating back to Late Joseon Dynasty. Joseon-era Korean ink-and-wash painting (sumukchaesaek) on aged hanji mulberry paper, muted mineral pigments (malachite green, azurite blue, ochre, cinnabar red, ink black), confident brush strokes with dry-brush texture, soft paper grain, restrained palette, in the manner of Kim Hong-do and Jeong Seon, single object centered, plain warm hanji background, soft ambient occlusion, clean silhouette, game item icon, 1:1 --ar 1:1 --style raw"
eq_her_113,res://assets/icons/items/eq_her_113.png,《강릉 문집》,Ancient Historical Manuscript,Mulberry Hanji Paper & Ink,Mid,"A museum-quality historical artifact illustration of 《강릉 문집》 (Ancient Historical Manuscript), crafted from Mulberry Hanji Paper & Ink, dating back to Mid Joseon Dynasty. Joseon-era Korean ink-and-wash painting (sumukchaesaek) on aged hanji mulberry paper, muted mineral pigments (malachite green, azurite blue, ochre, cinnabar red, ink black), confident brush strokes with dry-brush texture, soft paper grain, restrained palette, in the manner of Kim Hong-do and Jeong Seon, single object centered, plain warm hanji background, soft ambient occlusion, clean silhouette, game item icon, 1:1 --ar 1:1 --style raw"
eq_her_114,res://assets/icons/items/eq_her_114.png,영월 환두대도,Ceremonial Sword,Forged Steel with Gold Inlay,Mid,"A museum-quality historical artifact illustration of 영월 환두대도 (Ceremonial Sword), crafted from Forged Steel with Gold Inlay, dating back to Mid Joseon Dynasty. Joseon-era Korean ink-and-wash painting (sumukchaesaek) on aged hanji mulberry paper, muted mineral pigments (malachite green, azurite blue, ochre, cinnabar red, ink black), confident brush strokes with dry-brush texture, soft paper grain, restrained palette, in the manner of Kim Hong-do and Jeong Seon, single object centered, plain warm hanji background, soft ambient occlusion, clean silhouette, game item icon, 1:1 --ar 1:1 --style raw"
eq_her_116,res://assets/icons/items/eq_her_116.png,충주 사리장엄구,Talisman Ornament,Gilt Bronze and Silk Tassel,Mid,"A museum-quality historical artifact illustration of 충주 사리장엄구 (Talisman Ornament), crafted from Gilt Bronze and Silk Tassel, dating back to Mid Joseon Dynasty. Joseon-era Korean ink-and-wash painting (sumukchaesaek) on aged hanji mulberry paper, muted mineral pigments (malachite green, azurite blue, ochre, cinnabar red, ink black), confident brush strokes with dry-brush texture, soft paper grain, restrained palette, in the manner of Kim Hong-do and Jeong Seon, single object centered, plain warm hanji background, soft ambient occlusion, clean silhouette, game item icon, 1:1 --ar 1:1 --style raw"
eq_her_117,res://assets/icons/items/eq_her_117.png,계룡산 벽사 패물,Talisman Ornament,Gilt Bronze and Silk Tassel,Mid,"A museum-quality historical artifact illustration of 계룡산 벽사 패물 (Talisman Ornament), crafted from Gilt Bronze and Silk Tassel, dating back to Mid Joseon Dynasty. Joseon-era Korean ink-and-wash painting (sumukchaesaek) on aged hanji mulberry paper, muted mineral pigments (malachite green, azurite blue, ochre, cinnabar red, ink black), confident brush strokes with dry-brush texture, soft paper grain, restrained palette, in the manner of Kim Hong-do and Jeong Seon, single object centered, plain warm hanji background, soft ambient occlusion, clean silhouette, game item icon, 1:1 --ar 1:1 --style raw"
eq_her_119,res://assets/icons/items/eq_her_119.png,부여 사리장엄구,Talisman Ornament,Gilt Bronze and Silk Tassel,Mid,"A museum-quality historical artifact illustration of 부여 사리장엄구 (Talisman Ornament), crafted from Gilt Bronze and Silk Tassel, dating back to Mid Joseon Dynasty. Joseon-era Korean ink-and-wash painting (sumukchaesaek) on aged hanji mulberry paper, muted mineral pigments (malachite green, azurite blue, ochre, cinnabar red, ink black), confident brush strokes with dry-brush texture, soft paper grain, restrained palette, in the manner of Kim Hong-do and Jeong Seon, single object centered, plain warm hanji background, soft ambient occlusion, clean silhouette, game item icon, 1:1 --ar 1:1 --style raw"
eq_her_120,res://assets/icons/items/eq_her_120.png,공주 찰갑,Lamellar Armor,Iron Scales and Leather,Mid,"A museum-quality historical artifact illustration of 공주 찰갑 (Lamellar Armor), crafted from Iron Scales and Leather, dating back to Mid Joseon Dynasty. Joseon-era Korean ink-and-wash painting (sumukchaesaek) on aged hanji mulberry paper, muted mineral pigments (malachite green, azurite blue, ochre, cinnabar red, ink black), confident brush strokes with dry-brush texture, soft paper grain, restrained palette, in the manner of Kim Hong-do and Jeong Seon, single object centered, plain warm hanji background, soft ambient occlusion, clean silhouette, game item icon, 1:1 --ar 1:1 --style raw"
eq_her_122,res://assets/icons/items/eq_her_122.png,익산 사리장엄구,Talisman Ornament,Gilt Bronze and Silk Tassel,Early,"A museum-quality historical artifact illustration of 익산 사리장엄구 (Talisman Ornament), crafted from Gilt Bronze and Silk Tassel, dating back to Early Joseon Dynasty. Joseon-era Korean ink-and-wash painting (sumukchaesaek) on aged hanji mulberry paper, muted mineral pigments (malachite green, azurite blue, ochre, cinnabar red, ink black), confident brush strokes with dry-brush texture, soft paper grain, restrained palette, in the manner of Kim Hong-do and Jeong Seon, single object centered, plain warm hanji background, soft ambient occlusion, clean silhouette, game item icon, 1:1 --ar 1:1 --style raw"
eq_her_124,res://assets/icons/items/eq_her_124.png,《전주 문집》,Ancient Historical Manuscript,Mulberry Hanji Paper & Ink,Mid,"A museum-quality historical artifact illustration of 《전주 문집》 (Ancient Historical Manuscript), crafted from Mulberry Hanji Paper & Ink, dating back to Mid Joseon Dynasty. Joseon-era Korean ink-and-wash painting (sumukchaesaek) on aged hanji mulberry paper, muted mineral pigments (malachite green, azurite blue, ochre, cinnabar red, ink black), confident brush strokes with dry-brush texture, soft paper grain, restrained palette, in the manner of Kim Hong-do and Jeong Seon, single object centered, plain warm hanji background, soft ambient occlusion, clean silhouette, game item icon, 1:1 --ar 1:1 --style raw"
eq_her_127,res://assets/icons/items/eq_her_127.png,경주 금동관,Talisman Ornament,Gilt Bronze and Silk Tassel,Early,"A museum-quality historical artifact illustration of 경주 금동관 (Talisman Ornament), crafted from Gilt Bronze and Silk Tassel, dating back to Early Joseon Dynasty. Joseon-era Korean ink-and-wash painting (sumukchaesaek) on aged hanji mulberry paper, muted mineral pigments (malachite green, azurite blue, ochre, cinnabar red, ink black), confident brush strokes with dry-brush texture, soft paper grain, restrained palette, in the manner of Kim Hong-do and Jeong Seon, single object centered, plain warm hanji background, soft ambient occlusion, clean silhouette, game item icon, 1:1 --ar 1:1 --style raw"
eq_her_129,res://assets/icons/items/eq_her_129.png,김해 환두대도,Ceremonial Sword,Forged Steel with Gold Inlay,Mid,"A museum-quality historical artifact illustration of 김해 환두대도 (Ceremonial Sword), crafted from Forged Steel with Gold Inlay, dating back to Mid Joseon Dynasty. Joseon-era Korean ink-and-wash painting (sumukchaesaek) on aged hanji mulberry paper, muted mineral pigments (malachite green, azurite blue, ochre, cinnabar red, ink black), confident brush strokes with dry-brush texture, soft paper grain, restrained palette, in the manner of Kim Hong-do and Jeong Seon, single object centered, plain warm hanji background, soft ambient occlusion, clean silhouette, game item icon, 1:1 --ar 1:1 --style raw"
eq_her_130,res://assets/icons/items/eq_her_130.png,봉산 벽사 패물,Talisman Ornament,Gilt Bronze and Silk Tassel,Late,"A museum-quality historical artifact illustration of 봉산 벽사 패물 (Talisman Ornament), crafted from Gilt Bronze and Silk Tassel, dating back to Late Joseon Dynasty. Joseon-era Korean ink-and-wash painting (sumukchaesaek) on aged hanji mulberry paper, muted mineral pigments (malachite green, azurite blue, ochre, cinnabar red, ink black), confident brush strokes with dry-brush texture, soft paper grain, restrained palette, in the manner of Kim Hong-do and Jeong Seon, single object centered, plain warm hanji background, soft ambient occlusion, clean silhouette, game item icon, 1:1 --ar 1:1 --style raw"
eq_her_132,res://assets/icons/items/eq_her_132.png,《해주 문집》,Ancient Historical Manuscript,Mulberry Hanji Paper & Ink,Mid,"A museum-quality historical artifact illustration of 《해주 문집》 (Ancient Historical Manuscript), crafted from Mulberry Hanji Paper & Ink, dating back to Mid Joseon Dynasty. Joseon-era Korean ink-and-wash painting (sumukchaesaek) on aged hanji mulberry paper, muted mineral pigments (malachite green, azurite blue, ochre, cinnabar red, ink black), confident brush strokes with dry-brush texture, soft paper grain, restrained palette, in the manner of Kim Hong-do and Jeong Seon, single object centered, plain warm hanji background, soft ambient occlusion, clean silhouette, game item icon, 1:1 --ar 1:1 --style raw"
eq_her_134,res://assets/icons/items/eq_her_134.png,묘향산 벽사 패물,Talisman Ornament,Gilt Bronze and Silk Tassel,Mid,"A museum-quality historical artifact illustration of 묘향산 벽사 패물 (Talisman Ornament), crafted from Gilt Bronze and Silk Tassel, dating back to Mid Joseon Dynasty. Joseon-era Korean ink-and-wash painting (sumukchaesaek) on aged hanji mulberry paper, muted mineral pigments (malachite green, azurite blue, ochre, cinnabar red, ink black), confident brush strokes with dry-brush texture, soft paper grain, restrained palette, in the manner of Kim Hong-do and Jeong Seon, single object centered, plain warm hanji background, soft ambient occlusion, clean silhouette, game item icon, 1:1 --ar 1:1 --style raw"
eq_her_135,res://assets/icons/items/eq_her_135.png,평양 찰갑,Lamellar Armor,Iron Scales and Leather,Mid,"A museum-quality historical artifact illustration of 평양 찰갑 (Lamellar Armor), crafted from Iron Scales and Leather, dating back to Mid Joseon Dynasty. Joseon-era Korean ink-and-wash painting (sumukchaesaek) on aged hanji mulberry paper, muted mineral pigments (malachite green, azurite blue, ochre, cinnabar red, ink black), confident brush strokes with dry-brush texture, soft paper grain, restrained palette, in the manner of Kim Hong-do and Jeong Seon, single object centered, plain warm hanji background, soft ambient occlusion, clean silhouette, game item icon, 1:1 --ar 1:1 --style raw"
eq_her_136,res://assets/icons/items/eq_her_136.png,강서 금동관,Talisman Ornament,Gilt Bronze and Silk Tassel,Mid,"A museum-quality historical artifact illustration of 강서 금동관 (Talisman Ornament), crafted from Gilt Bronze and Silk Tassel, dating back to Mid Joseon Dynasty. Joseon-era Korean ink-and-wash painting (sumukchaesaek) on aged hanji mulberry paper, muted mineral pigments (malachite green, azurite blue, ochre, cinnabar red, ink black), confident brush strokes with dry-brush texture, soft paper grain, restrained palette, in the manner of Kim Hong-do and Jeong Seon, single object centered, plain warm hanji background, soft ambient occlusion, clean silhouette, game item icon, 1:1 --ar 1:1 --style raw"
eq_her_139,res://assets/icons/items/eq_her_139.png,북청 벽사 패물,Talisman Ornament,Gilt Bronze and Silk Tassel,Late,"A museum-quality historical artifact illustration of 북청 벽사 패물 (Talisman Ornament), crafted from Gilt Bronze and Silk Tassel, dating back to Late Joseon Dynasty. Joseon-era Korean ink-and-wash painting (sumukchaesaek) on aged hanji mulberry paper, muted mineral pigments (malachite green, azurite blue, ochre, cinnabar red, ink black), confident brush strokes with dry-brush texture, soft paper grain, restrained palette, in the manner of Kim Hong-do and Jeong Seon, single object centered, plain warm hanji background, soft ambient occlusion, clean silhouette, game item icon, 1:1 --ar 1:1 --style raw"
eq_her_143,res://assets/icons/items/eq_her_143.png,삼성혈 벽사 패물,Talisman Ornament,Gilt Bronze and Silk Tassel,Mid,"A museum-quality historical artifact illustration of 삼성혈 벽사 패물 (Talisman Ornament), crafted from Gilt Bronze and Silk Tassel, dating back to Mid Joseon Dynasty. Joseon-era Korean ink-and-wash painting (sumukchaesaek) on aged hanji mulberry paper, muted mineral pigments (malachite green, azurite blue, ochre, cinnabar red, ink black), confident brush strokes with dry-brush texture, soft paper grain, restrained palette, in the manner of Kim Hong-do and Jeong Seon, single object centered, plain warm hanji background, soft ambient occlusion, clean silhouette, game item icon, 1:1 --ar 1:1 --style raw"
eq_her_144,res://assets/icons/items/eq_her_144.png,《추사 문집》,Ancient Historical Manuscript,Mulberry Hanji Paper & Ink,Mid,"A museum-quality historical artifact illustration of 《추사 문집》 (Ancient Historical Manuscript), crafted from Mulberry Hanji Paper & Ink, dating back to Mid Joseon Dynasty. Joseon-era Korean ink-and-wash painting (sumukchaesaek) on aged hanji mulberry paper, muted mineral pigments (malachite green, azurite blue, ochre, cinnabar red, ink black), confident brush strokes with dry-brush texture, soft paper grain, restrained palette, in the manner of Kim Hong-do and Jeong Seon, single object centered, plain warm hanji background, soft ambient occlusion, clean silhouette, game item icon, 1:1 --ar 1:1 --style raw"
eq_yu_weapon_4,res://assets/icons/items/eq_yu_weapon_4.png,사인참사검,Ceremonial Sword,Forged Steel with Gold Inlay,Mid,"A museum-quality historical artifact illustration of 사인참사검 (Ceremonial Sword), crafted from Forged Steel with Gold Inlay, dating back to Mid Joseon Dynasty. Joseon-era Korean ink-and-wash painting (sumukchaesaek) on aged hanji mulberry paper, muted mineral pigments (malachite green, azurite blue, ochre, cinnabar red, ink black), confident brush strokes with dry-brush texture, soft paper grain, restrained palette, in the manner of Kim Hong-do and Jeong Seon, single object centered, plain warm hanji background, soft ambient occlusion, clean silhouette, game item icon, 1:1 --ar 1:1 --style raw"
eq_yu_weapon_5,res://assets/icons/items/eq_yu_weapon_5.png,용천 어검,Ceremonial Sword,Forged Steel with Gold Inlay,Early,"A museum-quality historical artifact illustration of 용천 어검 (Ceremonial Sword), crafted from Forged Steel with Gold Inlay, dating back to Early Joseon Dynasty. Joseon-era Korean ink-and-wash painting (sumukchaesaek) on aged hanji mulberry paper, muted mineral pigments (malachite green, azurite blue, ochre, cinnabar red, ink black), confident brush strokes with dry-brush texture, soft paper grain, restrained palette, in the manner of Kim Hong-do and Jeong Seon, single object centered, plain warm hanji background, soft ambient occlusion, clean silhouette, game item icon, 1:1 --ar 1:1 --style raw"
eq_yu_armor_4,res://assets/icons/items/eq_yu_armor_4.png,두석린갑,Lamellar Armor,Iron Scales and Leather,Mid,"A museum-quality historical artifact illustration of 두석린갑 (Lamellar Armor), crafted from Iron Scales and Leather, dating back to Mid Joseon Dynasty. Joseon-era Korean ink-and-wash painting (sumukchaesaek) on aged hanji mulberry paper, muted mineral pigments (malachite green, azurite blue, ochre, cinnabar red, ink black), confident brush strokes with dry-brush texture, soft paper grain, restrained palette, in the manner of Kim Hong-do and Jeong Seon, single object centered, plain warm hanji background, soft ambient occlusion, clean silhouette, game item icon, 1:1 --ar 1:1 --style raw"
eq_yu_armor_5,res://assets/icons/items/eq_yu_armor_5.png,용린 어갑,Lamellar Armor,Iron Scales and Leather,Early,"A museum-quality historical artifact illustration of 용린 어갑 (Lamellar Armor), crafted from Iron Scales and Leather, dating back to Early Joseon Dynasty. Joseon-era Korean ink-and-wash painting (sumukchaesaek) on aged hanji mulberry paper, muted mineral pigments (malachite green, azurite blue, ochre, cinnabar red, ink black), confident brush strokes with dry-brush texture, soft paper grain, restrained palette, in the manner of Kim Hong-do and Jeong Seon, single object centered, plain warm hanji background, soft ambient occlusion, clean silhouette, game item icon, 1:1 --ar 1:1 --style raw"
eq_yu_shoes_4,res://assets/icons/items/eq_yu_shoes_4.png,흑피 목화,Traditional Boots,Leather and Silk,Mid,"A museum-quality historical artifact illustration of 흑피 목화 (Traditional Boots), crafted from Leather and Silk, dating back to Mid Joseon Dynasty. Joseon-era Korean ink-and-wash painting (sumukchaesaek) on aged hanji mulberry paper, muted mineral pigments (malachite green, azurite blue, ochre, cinnabar red, ink black), confident brush strokes with dry-brush texture, soft paper grain, restrained palette, in the manner of Kim Hong-do and Jeong Seon, single object centered, plain warm hanji background, soft ambient occlusion, clean silhouette, game item icon, 1:1 --ar 1:1 --style raw"
eq_yu_shoes_5,res://assets/icons/items/eq_yu_shoes_5.png,청룡 목화,Traditional Boots,Leather and Silk,Early,"A museum-quality historical artifact illustration of 청룡 목화 (Traditional Boots), crafted from Leather and Silk, dating back to Early Joseon Dynasty. Joseon-era Korean ink-and-wash painting (sumukchaesaek) on aged hanji mulberry paper, muted mineral pigments (malachite green, azurite blue, ochre, cinnabar red, ink black), confident brush strokes with dry-brush texture, soft paper grain, restrained palette, in the manner of Kim Hong-do and Jeong Seon, single object centered, plain warm hanji background, soft ambient occlusion, clean silhouette, game item icon, 1:1 --ar 1:1 --style raw"
eq_yu_accessory_4,res://assets/icons/items/eq_yu_accessory_4.png,수군 청동인장,Talisman Ornament,Gilt Bronze and Silk Tassel,Mid,"A museum-quality historical artifact illustration of 수군 청동인장 (Talisman Ornament), crafted from Gilt Bronze and Silk Tassel, dating back to Mid Joseon Dynasty. Joseon-era Korean ink-and-wash painting (sumukchaesaek) on aged hanji mulberry paper, muted mineral pigments (malachite green, azurite blue, ochre, cinnabar red, ink black), confident brush strokes with dry-brush texture, soft paper grain, restrained palette, in the manner of Kim Hong-do and Jeong Seon, single object centered, plain warm hanji background, soft ambient occlusion, clean silhouette, game item icon, 1:1 --ar 1:1 --style raw"
eq_yu_accessory_5,res://assets/icons/items/eq_yu_accessory_5.png,어보 옥인,Talisman Ornament,Gilt Bronze and Silk Tassel,Early,"A museum-quality historical artifact illustration of 어보 옥인 (Talisman Ornament), crafted from Gilt Bronze and Silk Tassel, dating back to Early Joseon Dynasty. Joseon-era Korean ink-and-wash painting (sumukchaesaek) on aged hanji mulberry paper, muted mineral pigments (malachite green, azurite blue, ochre, cinnabar red, ink black), confident brush strokes with dry-brush texture, soft paper grain, restrained palette, in the manner of Kim Hong-do and Jeong Seon, single object centered, plain warm hanji background, soft ambient occlusion, clean silhouette, game item icon, 1:1 --ar 1:1 --style raw"
eq_bul_weapon_4,res://assets/icons/items/eq_bul_weapon_4.png,금강저,Ceremonial Sword,Forged Steel with Gold Inlay,Mid,"A museum-quality historical artifact illustration of 금강저 (Ceremonial Sword), crafted from Forged Steel with Gold Inlay, dating back to Mid Joseon Dynasty. Joseon-era Korean ink-and-wash painting (sumukchaesaek) on aged hanji mulberry paper, muted mineral pigments (malachite green, azurite blue, ochre, cinnabar red, ink black), confident brush strokes with dry-brush texture, soft paper grain, restrained palette, in the manner of Kim Hong-do and Jeong Seon, single object centered, plain warm hanji background, soft ambient occlusion, clean silhouette, game item icon, 1:1 --ar 1:1 --style raw"
eq_bul_weapon_5,res://assets/icons/items/eq_bul_weapon_5.png,항마 금강저,Ceremonial Sword,Forged Steel with Gold Inlay,Early,"A museum-quality historical artifact illustration of 항마 금강저 (Ceremonial Sword), crafted from Forged Steel with Gold Inlay, dating back to Early Joseon Dynasty. Joseon-era Korean ink-and-wash painting (sumukchaesaek) on aged hanji mulberry paper, muted mineral pigments (malachite green, azurite blue, ochre, cinnabar red, ink black), confident brush strokes with dry-brush texture, soft paper grain, restrained palette, in the manner of Kim Hong-do and Jeong Seon, single object centered, plain warm hanji background, soft ambient occlusion, clean silhouette, game item icon, 1:1 --ar 1:1 --style raw"
eq_bul_armor_4,res://assets/icons/items/eq_bul_armor_4.png,승군 철가사,Lamellar Armor,Iron Scales and Leather,Mid,"A museum-quality historical artifact illustration of 승군 철가사 (Lamellar Armor), crafted from Iron Scales and Leather, dating back to Mid Joseon Dynasty. Joseon-era Korean ink-and-wash painting (sumukchaesaek) on aged hanji mulberry paper, muted mineral pigments (malachite green, azurite blue, ochre, cinnabar red, ink black), confident brush strokes with dry-brush texture, soft paper grain, restrained palette, in the manner of Kim Hong-do and Jeong Seon, single object centered, plain warm hanji background, soft ambient occlusion, clean silhouette, game item icon, 1:1 --ar 1:1 --style raw"
eq_bul_armor_5,res://assets/icons/items/eq_bul_armor_5.png,사명 금란가사,Lamellar Armor,Iron Scales and Leather,Early,"A museum-quality historical artifact illustration of 사명 금란가사 (Lamellar Armor), crafted from Iron Scales and Leather, dating back to Early Joseon Dynasty. Joseon-era Korean ink-and-wash painting (sumukchaesaek) on aged hanji mulberry paper, muted mineral pigments (malachite green, azurite blue, ochre, cinnabar red, ink black), confident brush strokes with dry-brush texture, soft paper grain, restrained palette, in the manner of Kim Hong-do and Jeong Seon, single object centered, plain warm hanji background, soft ambient occlusion, clean silhouette, game item icon, 1:1 --ar 1:1 --style raw"
eq_bul_shoes_4,res://assets/icons/items/eq_bul_shoes_4.png,행각 철혜,Traditional Boots,Leather and Silk,Mid,"A museum-quality historical artifact illustration of 행각 철혜 (Traditional Boots), crafted from Leather and Silk, dating back to Mid Joseon Dynasty. Joseon-era Korean ink-and-wash painting (sumukchaesaek) on aged hanji mulberry paper, muted mineral pigments (malachite green, azurite blue, ochre, cinnabar red, ink black), confident brush strokes with dry-brush texture, soft paper grain, restrained palette, in the manner of Kim Hong-do and Jeong Seon, single object centered, plain warm hanji background, soft ambient occlusion, clean silhouette, game item icon, 1:1 --ar 1:1 --style raw"
eq_bul_shoes_5,res://assets/icons/items/eq_bul_shoes_5.png,달마 초혜,Traditional Boots,Leather and Silk,Early,"A museum-quality historical artifact illustration of 달마 초혜 (Traditional Boots), crafted from Leather and Silk, dating back to Early Joseon Dynasty. Joseon-era Korean ink-and-wash painting (sumukchaesaek) on aged hanji mulberry paper, muted mineral pigments (malachite green, azurite blue, ochre, cinnabar red, ink black), confident brush strokes with dry-brush texture, soft paper grain, restrained palette, in the manner of Kim Hong-do and Jeong Seon, single object centered, plain warm hanji background, soft ambient occlusion, clean silhouette, game item icon, 1:1 --ar 1:1 --style raw"
eq_bul_accessory_4,res://assets/icons/items/eq_bul_accessory_4.png,사리함 패,Talisman Ornament,Gilt Bronze and Silk Tassel,Mid,"A museum-quality historical artifact illustration of 사리함 패 (Talisman Ornament), crafted from Gilt Bronze and Silk Tassel, dating back to Mid Joseon Dynasty. Joseon-era Korean ink-and-wash painting (sumukchaesaek) on aged hanji mulberry paper, muted mineral pigments (malachite green, azurite blue, ochre, cinnabar red, ink black), confident brush strokes with dry-brush texture, soft paper grain, restrained palette, in the manner of Kim Hong-do and Jeong Seon, single object centered, plain warm hanji background, soft ambient occlusion, clean silhouette, game item icon, 1:1 --ar 1:1 --style raw"
eq_bul_accessory_5,res://assets/icons/items/eq_bul_accessory_5.png,진신사리 패,Talisman Ornament,Gilt Bronze and Silk Tassel,Early,"A museum-quality historical artifact illustration of 진신사리 패 (Talisman Ornament), crafted from Gilt Bronze and Silk Tassel, dating back to Early Joseon Dynasty. Joseon-era Korean ink-and-wash painting (sumukchaesaek) on aged hanji mulberry paper, muted mineral pigments (malachite green, azurite blue, ochre, cinnabar red, ink black), confident brush strokes with dry-brush texture, soft paper grain, restrained palette, in the manner of Kim Hong-do and Jeong Seon, single object centered, plain warm hanji background, soft ambient occlusion, clean silhouette, game item icon, 1:1 --ar 1:1 --style raw"
eq_seon_weapon_4,res://assets/icons/items/eq_seon_weapon_4.png,칠성검,Ceremonial Sword,Forged Steel with Gold Inlay,Mid,"A museum-quality historical artifact illustration of 칠성검 (Ceremonial Sword), crafted from Forged Steel with Gold Inlay, dating back to Mid Joseon Dynasty. Joseon-era Korean ink-and-wash painting (sumukchaesaek) on aged hanji mulberry paper, muted mineral pigments (malachite green, azurite blue, ochre, cinnabar red, ink black), confident brush strokes with dry-brush texture, soft paper grain, restrained palette, in the manner of Kim Hong-do and Jeong Seon, single object centered, plain warm hanji background, soft ambient occlusion, clean silhouette, game item icon, 1:1 --ar 1:1 --style raw"
eq_seon_weapon_5,res://assets/icons/items/eq_seon_weapon_5.png,태을 뇌검,Ceremonial Sword,Forged Steel with Gold Inlay,Early,"A museum-quality historical artifact illustration of 태을 뇌검 (Ceremonial Sword), crafted from Forged Steel with Gold Inlay, dating back to Early Joseon Dynasty. Joseon-era Korean ink-and-wash painting (sumukchaesaek) on aged hanji mulberry paper, muted mineral pigments (malachite green, azurite blue, ochre, cinnabar red, ink black), confident brush strokes with dry-brush texture, soft paper grain, restrained palette, in the manner of Kim Hong-do and Jeong Seon, single object centered, plain warm hanji background, soft ambient occlusion, clean silhouette, game item icon, 1:1 --ar 1:1 --style raw"
eq_seon_armor_4,res://assets/icons/items/eq_seon_armor_4.png,학창의,Lamellar Armor,Iron Scales and Leather,Mid,"A museum-quality historical artifact illustration of 학창의 (Lamellar Armor), crafted from Iron Scales and Leather, dating back to Mid Joseon Dynasty. Joseon-era Korean ink-and-wash painting (sumukchaesaek) on aged hanji mulberry paper, muted mineral pigments (malachite green, azurite blue, ochre, cinnabar red, ink black), confident brush strokes with dry-brush texture, soft paper grain, restrained palette, in the manner of Kim Hong-do and Jeong Seon, single object centered, plain warm hanji background, soft ambient occlusion, clean silhouette, game item icon, 1:1 --ar 1:1 --style raw"
eq_seon_armor_5,res://assets/icons/items/eq_seon_armor_5.png,우의 선포,Lamellar Armor,Iron Scales and Leather,Early,"A museum-quality historical artifact illustration of 우의 선포 (Lamellar Armor), crafted from Iron Scales and Leather, dating back to Early Joseon Dynasty. Joseon-era Korean ink-and-wash painting (sumukchaesaek) on aged hanji mulberry paper, muted mineral pigments (malachite green, azurite blue, ochre, cinnabar red, ink black), confident brush strokes with dry-brush texture, soft paper grain, restrained palette, in the manner of Kim Hong-do and Jeong Seon, single object centered, plain warm hanji background, soft ambient occlusion, clean silhouette, game item icon, 1:1 --ar 1:1 --style raw"
eq_seon_shoes_4,res://assets/icons/items/eq_seon_shoes_4.png,운혜,Traditional Boots,Leather and Silk,Mid,"A museum-quality historical artifact illustration of 운혜 (Traditional Boots), crafted from Leather and Silk, dating back to Mid Joseon Dynasty. Joseon-era Korean ink-and-wash painting (sumukchaesaek) on aged hanji mulberry paper, muted mineral pigments (malachite green, azurite blue, ochre, cinnabar red, ink black), confident brush strokes with dry-brush texture, soft paper grain, restrained palette, in the manner of Kim Hong-do and Jeong Seon, single object centered, plain warm hanji background, soft ambient occlusion, clean silhouette, game item icon, 1:1 --ar 1:1 --style raw"
eq_seon_shoes_5,res://assets/icons/items/eq_seon_shoes_5.png,축지 운리,Traditional Boots,Leather and Silk,Early,"A museum-quality historical artifact illustration of 축지 운리 (Traditional Boots), crafted from Leather and Silk, dating back to Early Joseon Dynasty. Joseon-era Korean ink-and-wash painting (sumukchaesaek) on aged hanji mulberry paper, muted mineral pigments (malachite green, azurite blue, ochre, cinnabar red, ink black), confident brush strokes with dry-brush texture, soft paper grain, restrained palette, in the manner of Kim Hong-do and Jeong Seon, single object centered, plain warm hanji background, soft ambient occlusion, clean silhouette, game item icon, 1:1 --ar 1:1 --style raw"
eq_seon_accessory_4,res://assets/icons/items/eq_seon_accessory_4.png,호로병 패,Talisman Ornament,Gilt Bronze and Silk Tassel,Mid,"A museum-quality historical artifact illustration of 호로병 패 (Talisman Ornament), crafted from Gilt Bronze and Silk Tassel, dating back to Mid Joseon Dynasty. Joseon-era Korean ink-and-wash painting (sumukchaesaek) on aged hanji mulberry paper, muted mineral pigments (malachite green, azurite blue, ochre, cinnabar red, ink black), confident brush strokes with dry-brush texture, soft paper grain, restrained palette, in the manner of Kim Hong-do and Jeong Seon, single object centered, plain warm hanji background, soft ambient occlusion, clean silhouette, game item icon, 1:1 --ar 1:1 --style raw"
eq_seon_accessory_5,res://assets/icons/items/eq_seon_accessory_5.png,선도 복숭아 옥패,Talisman Ornament,Gilt Bronze and Silk Tassel,Early,"A museum-quality historical artifact illustration of 선도 복숭아 옥패 (Talisman Ornament), crafted from Gilt Bronze and Silk Tassel, dating back to Early Joseon Dynasty. Joseon-era Korean ink-and-wash painting (sumukchaesaek) on aged hanji mulberry paper, muted mineral pigments (malachite green, azurite blue, ochre, cinnabar red, ink black), confident brush strokes with dry-brush texture, soft paper grain, restrained palette, in the manner of Kim Hong-do and Jeong Seon, single object centered, plain warm hanji background, soft ambient occlusion, clean silhouette, game item icon, 1:1 --ar 1:1 --style raw"
lg_yundo,res://assets/icons/items/lg_yundo.png,윤도(지남침),Hanging Scroll Travelogue,Hanji Scroll with Wooden Rollers,Late,"A museum-quality historical artifact illustration of 윤도(지남침) (Hanging Scroll Travelogue), crafted from Hanji Scroll with Wooden Rollers, dating back to Late Joseon Dynasty. Joseon-era Korean ink-and-wash painting (sumukchaesaek) on aged hanji mulberry paper, muted mineral pigments (malachite green, azurite blue, ochre, cinnabar red, ink black), confident brush strokes with dry-brush texture, soft paper grain, restrained palette, in the manner of Kim Hong-do and Jeong Seon, single object centered, plain warm hanji background, soft ambient occlusion, clean silhouette, game item icon, 1:1 --ar 1:1 --style raw"
lg_daedong_cheop,res://assets/icons/items/lg_daedong_cheop.png,대동여지도 분첩,Hanging Scroll Travelogue,Hanji Scroll with Wooden Rollers,Mid,"A museum-quality historical artifact illustration of 대동여지도 분첩 (Hanging Scroll Travelogue), crafted from Hanji Scroll with Wooden Rollers, dating back to Mid Joseon Dynasty. Joseon-era Korean ink-and-wash painting (sumukchaesaek) on aged hanji mulberry paper, muted mineral pigments (malachite green, azurite blue, ochre, cinnabar red, ink black), confident brush strokes with dry-brush texture, soft paper grain, restrained palette, in the manner of Kim Hong-do and Jeong Seon, single object centered, plain warm hanji background, soft ambient occlusion, clean silhouette, game item icon, 1:1 --ar 1:1 --style raw"
lg_botjim,res://assets/icons/items/lg_botjim.png,봇짐,Hanging Scroll Travelogue,Hanji Scroll with Wooden Rollers,Late,"A museum-quality historical artifact illustration of 봇짐 (Hanging Scroll Travelogue), crafted from Hanji Scroll with Wooden Rollers, dating back to Late Joseon Dynasty. Joseon-era Korean ink-and-wash painting (sumukchaesaek) on aged hanji mulberry paper, muted mineral pigments (malachite green, azurite blue, ochre, cinnabar red, ink black), confident brush strokes with dry-brush texture, soft paper grain, restrained palette, in the manner of Kim Hong-do and Jeong Seon, single object centered, plain warm hanji background, soft ambient occlusion, clean silhouette, game item icon, 1:1 --ar 1:1 --style raw"
lg_jige,res://assets/icons/items/lg_jige.png,지게,Hanging Scroll Travelogue,Hanji Scroll with Wooden Rollers,Mid,"A museum-quality historical artifact illustration of 지게 (Hanging Scroll Travelogue), crafted from Hanji Scroll with Wooden Rollers, dating back to Mid Joseon Dynasty. Joseon-era Korean ink-and-wash painting (sumukchaesaek) on aged hanji mulberry paper, muted mineral pigments (malachite green, azurite blue, ochre, cinnabar red, ink black), confident brush strokes with dry-brush texture, soft paper grain, restrained palette, in the manner of Kim Hong-do and Jeong Seon, single object centered, plain warm hanji background, soft ambient occlusion, clean silhouette, game item icon, 1:1 --ar 1:1 --style raw"
lg_chanhap,res://assets/icons/items/lg_chanhap.png,옻칠 찬합,Hanging Scroll Travelogue,Hanji Scroll with Wooden Rollers,Mid,"A museum-quality historical artifact illustration of 옻칠 찬합 (Hanging Scroll Travelogue), crafted from Hanji Scroll with Wooden Rollers, dating back to Mid Joseon Dynasty. Joseon-era Korean ink-and-wash painting (sumukchaesaek) on aged hanji mulberry paper, muted mineral pigments (malachite green, azurite blue, ochre, cinnabar red, ink black), confident brush strokes with dry-brush texture, soft paper grain, restrained palette, in the manner of Kim Hong-do and Jeong Seon, single object centered, plain warm hanji background, soft ambient occlusion, clean silhouette, game item icon, 1:1 --ar 1:1 --style raw"
lg_musoe_sot,res://assets/icons/items/lg_musoe_sot.png,무쇠 노구솥,Hanging Scroll Travelogue,Hanji Scroll with Wooden Rollers,Late,"A museum-quality historical artifact illustration of 무쇠 노구솥 (Hanging Scroll Travelogue), crafted from Hanji Scroll with Wooden Rollers, dating back to Late Joseon Dynasty. Joseon-era Korean ink-and-wash painting (sumukchaesaek) on aged hanji mulberry paper, muted mineral pigments (malachite green, azurite blue, ochre, cinnabar red, ink black), confident brush strokes with dry-brush texture, soft paper grain, restrained palette, in the manner of Kim Hong-do and Jeong Seon, single object centered, plain warm hanji background, soft ambient occlusion, clean silhouette, game item icon, 1:1 --ar 1:1 --style raw"
mt_donkey,res://assets/icons/items/mt_donkey.png,당나귀,Mount Portrait,Living Animal,Late,"A museum-quality historical artifact illustration of 당나귀 (Mount Portrait), crafted from Living Animal, dating back to Late Joseon Dynasty. Joseon-era Korean ink-and-wash painting (sumukchaesaek) on aged hanji mulberry paper, muted mineral pigments (malachite green, azurite blue, ochre, cinnabar red, ink black), confident brush strokes with dry-brush texture, soft paper grain, restrained palette, in the manner of Kim Hong-do and Jeong Seon, single object centered, plain warm hanji background, soft ambient occlusion, clean silhouette, game item icon, 1:1 --ar 1:1 --style raw"
mt_jeju_pony,res://assets/icons/items/mt_jeju_pony.png,제주 조랑말,Mount Portrait,Living Animal,Late,"A museum-quality historical artifact illustration of 제주 조랑말 (Mount Portrait), crafted from Living Animal, dating back to Late Joseon Dynasty. Joseon-era Korean ink-and-wash painting (sumukchaesaek) on aged hanji mulberry paper, muted mineral pigments (malachite green, azurite blue, ochre, cinnabar red, ink black), confident brush strokes with dry-brush texture, soft paper grain, restrained palette, in the manner of Kim Hong-do and Jeong Seon, single object centered, plain warm hanji background, soft ambient occlusion, clean silhouette, game item icon, 1:1 --ar 1:1 --style raw"
mt_hwangpo_boat,res://assets/icons/items/mt_hwangpo_boat.png,황포돛배,Mount Portrait,Living Animal,Late,"A museum-quality historical artifact illustration of 황포돛배 (Mount Portrait), crafted from Living Animal, dating back to Late Joseon Dynasty. Joseon-era Korean ink-and-wash painting (sumukchaesaek) on aged hanji mulberry paper, muted mineral pigments (malachite green, azurite blue, ochre, cinnabar red, ink black), confident brush strokes with dry-brush texture, soft paper grain, restrained palette, in the manner of Kim Hong-do and Jeong Seon, single object centered, plain warm hanji background, soft ambient occlusion, clean silhouette, game item icon, 1:1 --ar 1:1 --style raw"
mt_junma,res://assets/icons/items/mt_junma.png,준마,Mount Portrait,Living Animal,Mid,"A museum-quality historical artifact illustration of 준마 (Mount Portrait), crafted from Living Animal, dating back to Mid Joseon Dynasty. Joseon-era Korean ink-and-wash painting (sumukchaesaek) on aged hanji mulberry paper, muted mineral pigments (malachite green, azurite blue, ochre, cinnabar red, ink black), confident brush strokes with dry-brush texture, soft paper grain, restrained palette, in the manner of Kim Hong-do and Jeong Seon, single object centered, plain warm hanji background, soft ambient occlusion, clean silhouette, game item icon, 1:1 --ar 1:1 --style raw"
mt_warhorse,res://assets/icons/items/mt_warhorse.png,징발 군마,Mount Portrait,Living Animal,Mid,"A museum-quality historical artifact illustration of 징발 군마 (Mount Portrait), crafted from Living Animal, dating back to Mid Joseon Dynasty. Joseon-era Korean ink-and-wash painting (sumukchaesaek) on aged hanji mulberry paper, muted mineral pigments (malachite green, azurite blue, ochre, cinnabar red, ink black), confident brush strokes with dry-brush texture, soft paper grain, restrained palette, in the manner of Kim Hong-do and Jeong Seon, single object centered, plain warm hanji background, soft ambient occlusion, clean silhouette, game item icon, 1:1 --ar 1:1 --style raw"
mt_haetae,res://assets/icons/items/mt_haetae.png,해태,Mount Portrait,Living Animal,Mid,"A museum-quality historical artifact illustration of 해태 (Mount Portrait), crafted from Living Animal, dating back to Mid Joseon Dynasty. Joseon-era Korean ink-and-wash painting (sumukchaesaek) on aged hanji mulberry paper, muted mineral pigments (malachite green, azurite blue, ochre, cinnabar red, ink black), confident brush strokes with dry-brush texture, soft paper grain, restrained palette, in the manner of Kim Hong-do and Jeong Seon, single object centered, plain warm hanji background, soft ambient occlusion, clean silhouette, game item icon, 1:1 --ar 1:1 --style raw"
mt_cheonma,res://assets/icons/items/mt_cheonma.png,천마(天馬),Mount Portrait,Living Animal,Early,"A museum-quality historical artifact illustration of 천마(天馬) (Mount Portrait), crafted from Living Animal, dating back to Early Joseon Dynasty. Joseon-era Korean ink-and-wash painting (sumukchaesaek) on aged hanji mulberry paper, muted mineral pigments (malachite green, azurite blue, ochre, cinnabar red, ink black), confident brush strokes with dry-brush texture, soft paper grain, restrained palette, in the manner of Kim Hong-do and Jeong Seon, single object centered, plain warm hanji background, soft ambient occlusion, clean silhouette, game item icon, 1:1 --ar 1:1 --style raw"
mt_white_tiger,res://assets/icons/items/mt_white_tiger.png,백두 백호,Mount Portrait,Living Animal,Early,"A museum-quality historical artifact illustration of 백두 백호 (Mount Portrait), crafted from Living Animal, dating back to Early Joseon Dynasty. Joseon-era Korean ink-and-wash painting (sumukchaesaek) on aged hanji mulberry paper, muted mineral pigments (malachite green, azurite blue, ochre, cinnabar red, ink black), confident brush strokes with dry-brush texture, soft paper grain, restrained palette, in the manner of Kim Hong-do and Jeong Seon, single object centered, plain warm hanji background, soft ambient occlusion, clean silhouette, game item icon, 1:1 --ar 1:1 --style raw"
cap_yu_1,res://assets/icons/items/cap_yu_1.png,삼끈 포승,Capture Tool,"Hemp Rope, Beads or Talisman Paper",Late,"A museum-quality historical artifact illustration of 삼끈 포승 (Capture Tool), crafted from Hemp Rope, Beads or Talisman Paper, dating back to Late Joseon Dynasty. Joseon-era Korean ink-and-wash painting (sumukchaesaek) on aged hanji mulberry paper, muted mineral pigments (malachite green, azurite blue, ochre, cinnabar red, ink black), confident brush strokes with dry-brush texture, soft paper grain, restrained palette, in the manner of Kim Hong-do and Jeong Seon, single object centered, plain warm hanji background, soft ambient occlusion, clean silhouette, game item icon, 1:1 --ar 1:1 --style raw"
cap_yu_2,res://assets/icons/items/cap_yu_2.png,홍사 포승,Capture Tool,"Hemp Rope, Beads or Talisman Paper",Late,"A museum-quality historical artifact illustration of 홍사 포승 (Capture Tool), crafted from Hemp Rope, Beads or Talisman Paper, dating back to Late Joseon Dynasty. Joseon-era Korean ink-and-wash painting (sumukchaesaek) on aged hanji mulberry paper, muted mineral pigments (malachite green, azurite blue, ochre, cinnabar red, ink black), confident brush strokes with dry-brush texture, soft paper grain, restrained palette, in the manner of Kim Hong-do and Jeong Seon, single object centered, plain warm hanji background, soft ambient occlusion, clean silhouette, game item icon, 1:1 --ar 1:1 --style raw"
cap_yu_3,res://assets/icons/items/cap_yu_3.png,포도청 오랏줄,Capture Tool,"Hemp Rope, Beads or Talisman Paper",Mid,"A museum-quality historical artifact illustration of 포도청 오랏줄 (Capture Tool), crafted from Hemp Rope, Beads or Talisman Paper, dating back to Mid Joseon Dynasty. Joseon-era Korean ink-and-wash painting (sumukchaesaek) on aged hanji mulberry paper, muted mineral pigments (malachite green, azurite blue, ochre, cinnabar red, ink black), confident brush strokes with dry-brush texture, soft paper grain, restrained palette, in the manner of Kim Hong-do and Jeong Seon, single object centered, plain warm hanji background, soft ambient occlusion, clean silhouette, game item icon, 1:1 --ar 1:1 --style raw"
cap_yu_4,res://assets/icons/items/cap_yu_4.png,의금부 홍사오랏,Capture Tool,"Hemp Rope, Beads or Talisman Paper",Mid,"A museum-quality historical artifact illustration of 의금부 홍사오랏 (Capture Tool), crafted from Hemp Rope, Beads or Talisman Paper, dating back to Mid Joseon Dynasty. Joseon-era Korean ink-and-wash painting (sumukchaesaek) on aged hanji mulberry paper, muted mineral pigments (malachite green, azurite blue, ochre, cinnabar red, ink black), confident brush strokes with dry-brush texture, soft paper grain, restrained palette, in the manner of Kim Hong-do and Jeong Seon, single object centered, plain warm hanji background, soft ambient occlusion, clean silhouette, game item icon, 1:1 --ar 1:1 --style raw"
cap_yu_5,res://assets/icons/items/cap_yu_5.png,어명 금포승,Capture Tool,"Hemp Rope, Beads or Talisman Paper",Early,"A museum-quality historical artifact illustration of 어명 금포승 (Capture Tool), crafted from Hemp Rope, Beads or Talisman Paper, dating back to Early Joseon Dynasty. Joseon-era Korean ink-and-wash painting (sumukchaesaek) on aged hanji mulberry paper, muted mineral pigments (malachite green, azurite blue, ochre, cinnabar red, ink black), confident brush strokes with dry-brush texture, soft paper grain, restrained palette, in the manner of Kim Hong-do and Jeong Seon, single object centered, plain warm hanji background, soft ambient occlusion, clean silhouette, game item icon, 1:1 --ar 1:1 --style raw"
cap_bul_1,res://assets/icons/items/cap_bul_1.png,율무 염주,Capture Tool,"Hemp Rope, Beads or Talisman Paper",Late,"A museum-quality historical artifact illustration of 율무 염주 (Capture Tool), crafted from Hemp Rope, Beads or Talisman Paper, dating back to Late Joseon Dynasty. Joseon-era Korean ink-and-wash painting (sumukchaesaek) on aged hanji mulberry paper, muted mineral pigments (malachite green, azurite blue, ochre, cinnabar red, ink black), confident brush strokes with dry-brush texture, soft paper grain, restrained palette, in the manner of Kim Hong-do and Jeong Seon, single object centered, plain warm hanji background, soft ambient occlusion, clean silhouette, game item icon, 1:1 --ar 1:1 --style raw"
cap_bul_2,res://assets/icons/items/cap_bul_2.png,보리수 염주,Capture Tool,"Hemp Rope, Beads or Talisman Paper",Late,"A museum-quality historical artifact illustration of 보리수 염주 (Capture Tool), crafted from Hemp Rope, Beads or Talisman Paper, dating back to Late Joseon Dynasty. Joseon-era Korean ink-and-wash painting (sumukchaesaek) on aged hanji mulberry paper, muted mineral pigments (malachite green, azurite blue, ochre, cinnabar red, ink black), confident brush strokes with dry-brush texture, soft paper grain, restrained palette, in the manner of Kim Hong-do and Jeong Seon, single object centered, plain warm hanji background, soft ambient occlusion, clean silhouette, game item icon, 1:1 --ar 1:1 --style raw"
cap_bul_3,res://assets/icons/items/cap_bul_3.png,백팔 염주,Capture Tool,"Hemp Rope, Beads or Talisman Paper",Mid,"A museum-quality historical artifact illustration of 백팔 염주 (Capture Tool), crafted from Hemp Rope, Beads or Talisman Paper, dating back to Mid Joseon Dynasty. Joseon-era Korean ink-and-wash painting (sumukchaesaek) on aged hanji mulberry paper, muted mineral pigments (malachite green, azurite blue, ochre, cinnabar red, ink black), confident brush strokes with dry-brush texture, soft paper grain, restrained palette, in the manner of Kim Hong-do and Jeong Seon, single object centered, plain warm hanji background, soft ambient occlusion, clean silhouette, game item icon, 1:1 --ar 1:1 --style raw"
cap_bul_4,res://assets/icons/items/cap_bul_4.png,사리 염주,Capture Tool,"Hemp Rope, Beads or Talisman Paper",Mid,"A museum-quality historical artifact illustration of 사리 염주 (Capture Tool), crafted from Hemp Rope, Beads or Talisman Paper, dating back to Mid Joseon Dynasty. Joseon-era Korean ink-and-wash painting (sumukchaesaek) on aged hanji mulberry paper, muted mineral pigments (malachite green, azurite blue, ochre, cinnabar red, ink black), confident brush strokes with dry-brush texture, soft paper grain, restrained palette, in the manner of Kim Hong-do and Jeong Seon, single object centered, plain warm hanji background, soft ambient occlusion, clean silhouette, game item icon, 1:1 --ar 1:1 --style raw"
cap_bul_5,res://assets/icons/items/cap_bul_5.png,불사리 금강염주,Capture Tool,"Hemp Rope, Beads or Talisman Paper",Early,"A museum-quality historical artifact illustration of 불사리 금강염주 (Capture Tool), crafted from Hemp Rope, Beads or Talisman Paper, dating back to Early Joseon Dynasty. Joseon-era Korean ink-and-wash painting (sumukchaesaek) on aged hanji mulberry paper, muted mineral pigments (malachite green, azurite blue, ochre, cinnabar red, ink black), confident brush strokes with dry-brush texture, soft paper grain, restrained palette, in the manner of Kim Hong-do and Jeong Seon, single object centered, plain warm hanji background, soft ambient occlusion, clean silhouette, game item icon, 1:1 --ar 1:1 --style raw"
cap_seon_1,res://assets/icons/items/cap_seon_1.png,황지 부적,Capture Tool,"Hemp Rope, Beads or Talisman Paper",Late,"A museum-quality historical artifact illustration of 황지 부적 (Capture Tool), crafted from Hemp Rope, Beads or Talisman Paper, dating back to Late Joseon Dynasty. Joseon-era Korean ink-and-wash painting (sumukchaesaek) on aged hanji mulberry paper, muted mineral pigments (malachite green, azurite blue, ochre, cinnabar red, ink black), confident brush strokes with dry-brush texture, soft paper grain, restrained palette, in the manner of Kim Hong-do and Jeong Seon, single object centered, plain warm hanji background, soft ambient occlusion, clean silhouette, game item icon, 1:1 --ar 1:1 --style raw"
cap_seon_2,res://assets/icons/items/cap_seon_2.png,주사 부적,Capture Tool,"Hemp Rope, Beads or Talisman Paper",Late,"A museum-quality historical artifact illustration of 주사 부적 (Capture Tool), crafted from Hemp Rope, Beads or Talisman Paper, dating back to Late Joseon Dynasty. Joseon-era Korean ink-and-wash painting (sumukchaesaek) on aged hanji mulberry paper, muted mineral pigments (malachite green, azurite blue, ochre, cinnabar red, ink black), confident brush strokes with dry-brush texture, soft paper grain, restrained palette, in the manner of Kim Hong-do and Jeong Seon, single object centered, plain warm hanji background, soft ambient occlusion, clean silhouette, game item icon, 1:1 --ar 1:1 --style raw"
cap_seon_3,res://assets/icons/items/cap_seon_3.png,칠성 부적,Capture Tool,"Hemp Rope, Beads or Talisman Paper",Mid,"A museum-quality historical artifact illustration of 칠성 부적 (Capture Tool), crafted from Hemp Rope, Beads or Talisman Paper, dating back to Mid Joseon Dynasty. Joseon-era Korean ink-and-wash painting (sumukchaesaek) on aged hanji mulberry paper, muted mineral pigments (malachite green, azurite blue, ochre, cinnabar red, ink black), confident brush strokes with dry-brush texture, soft paper grain, restrained palette, in the manner of Kim Hong-do and Jeong Seon, single object centered, plain warm hanji background, soft ambient occlusion, clean silhouette, game item icon, 1:1 --ar 1:1 --style raw"
cap_seon_4,res://assets/icons/items/cap_seon_4.png,태을 부적,Capture Tool,"Hemp Rope, Beads or Talisman Paper",Mid,"A museum-quality historical artifact illustration of 태을 부적 (Capture Tool), crafted from Hemp Rope, Beads or Talisman Paper, dating back to Mid Joseon Dynasty. Joseon-era Korean ink-and-wash painting (sumukchaesaek) on aged hanji mulberry paper, muted mineral pigments (malachite green, azurite blue, ochre, cinnabar red, ink black), confident brush strokes with dry-brush texture, soft paper grain, restrained palette, in the manner of Kim Hong-do and Jeong Seon, single object centered, plain warm hanji background, soft ambient occlusion, clean silhouette, game item icon, 1:1 --ar 1:1 --style raw"
cap_seon_5,res://assets/icons/items/cap_seon_5.png,옥추 신부,Capture Tool,"Hemp Rope, Beads or Talisman Paper",Early,"A museum-quality historical artifact illustration of 옥추 신부 (Capture Tool), crafted from Hemp Rope, Beads or Talisman Paper, dating back to Early Joseon Dynasty. Joseon-era Korean ink-and-wash painting (sumukchaesaek) on aged hanji mulberry paper, muted mineral pigments (malachite green, azurite blue, ochre, cinnabar red, ink black), confident brush strokes with dry-brush texture, soft paper grain, restrained palette, in the manner of Kim Hong-do and Jeong Seon, single object centered, plain warm hanji background, soft ambient occlusion, clean silhouette, game item icon, 1:1 --ar 1:1 --style raw"
cap_mu_1,res://assets/icons/items/cap_mu_1.png,올가미,Capture Tool,"Hemp Rope, Beads or Talisman Paper",Late,"A museum-quality historical artifact illustration of 올가미 (Capture Tool), crafted from Hemp Rope, Beads or Talisman Paper, dating back to Late Joseon Dynasty. Joseon-era Korean ink-and-wash painting (sumukchaesaek) on aged hanji mulberry paper, muted mineral pigments (malachite green, azurite blue, ochre, cinnabar red, ink black), confident brush strokes with dry-brush texture, soft paper grain, restrained palette, in the manner of Kim Hong-do and Jeong Seon, single object centered, plain warm hanji background, soft ambient occlusion, clean silhouette, game item icon, 1:1 --ar 1:1 --style raw"
cap_mu_2,res://assets/icons/items/cap_mu_2.png,창애 덫,Capture Tool,"Hemp Rope, Beads or Talisman Paper",Late,"A museum-quality historical artifact illustration of 창애 덫 (Capture Tool), crafted from Hemp Rope, Beads or Talisman Paper, dating back to Late Joseon Dynasty. Joseon-era Korean ink-and-wash painting (sumukchaesaek) on aged hanji mulberry paper, muted mineral pigments (malachite green, azurite blue, ochre, cinnabar red, ink black), confident brush strokes with dry-brush texture, soft paper grain, restrained palette, in the manner of Kim Hong-do and Jeong Seon, single object centered, plain warm hanji background, soft ambient occlusion, clean silhouette, game item icon, 1:1 --ar 1:1 --style raw"
cap_mu_3,res://assets/icons/items/cap_mu_3.png,함정 덫,Capture Tool,"Hemp Rope, Beads or Talisman Paper",Mid,"A museum-quality historical artifact illustration of 함정 덫 (Capture Tool), crafted from Hemp Rope, Beads or Talisman Paper, dating back to Mid Joseon Dynasty. Joseon-era Korean ink-and-wash painting (sumukchaesaek) on aged hanji mulberry paper, muted mineral pigments (malachite green, azurite blue, ochre, cinnabar red, ink black), confident brush strokes with dry-brush texture, soft paper grain, restrained palette, in the manner of Kim Hong-do and Jeong Seon, single object centered, plain warm hanji background, soft ambient occlusion, clean silhouette, game item icon, 1:1 --ar 1:1 --style raw"
cap_mu_4,res://assets/icons/items/cap_mu_4.png,착호 틀덫,Capture Tool,"Hemp Rope, Beads or Talisman Paper",Mid,"A museum-quality historical artifact illustration of 착호 틀덫 (Capture Tool), crafted from Hemp Rope, Beads or Talisman Paper, dating back to Mid Joseon Dynasty. Joseon-era Korean ink-and-wash painting (sumukchaesaek) on aged hanji mulberry paper, muted mineral pigments (malachite green, azurite blue, ochre, cinnabar red, ink black), confident brush strokes with dry-brush texture, soft paper grain, restrained palette, in the manner of Kim Hong-do and Jeong Seon, single object centered, plain warm hanji background, soft ambient occlusion, clean silhouette, game item icon, 1:1 --ar 1:1 --style raw"
cap_mu_5,res://assets/icons/items/cap_mu_5.png,신궁 그물,Capture Tool,"Hemp Rope, Beads or Talisman Paper",Early,"A museum-quality historical artifact illustration of 신궁 그물 (Capture Tool), crafted from Hemp Rope, Beads or Talisman Paper, dating back to Early Joseon Dynasty. Joseon-era Korean ink-and-wash painting (sumukchaesaek) on aged hanji mulberry paper, muted mineral pigments (malachite green, azurite blue, ochre, cinnabar red, ink black), confident brush strokes with dry-brush texture, soft paper grain, restrained palette, in the manner of Kim Hong-do and Jeong Seon, single object centered, plain warm hanji background, soft ambient occlusion, clean silhouette, game item icon, 1:1 --ar 1:1 --style raw"
hr_ssanghwa,res://assets/icons/items/hr_ssanghwa.png,쌍화탕,Medicinal Herb,Dried Herbal Plant,Late,"A museum-quality historical artifact illustration of 쌍화탕 (Medicinal Herb), crafted from Dried Herbal Plant, dating back to Late Joseon Dynasty. Joseon-era Korean ink-and-wash painting (sumukchaesaek) on aged hanji mulberry paper, muted mineral pigments (malachite green, azurite blue, ochre, cinnabar red, ink black), confident brush strokes with dry-brush texture, soft paper grain, restrained palette, in the manner of Kim Hong-do and Jeong Seon, single object centered, plain warm hanji background, soft ambient occlusion, clean silhouette, game item icon, 1:1 --ar 1:1 --style raw"
hr_haedok,res://assets/icons/items/hr_haedok.png,해독산,Medicinal Herb,Dried Herbal Plant,Late,"A museum-quality historical artifact illustration of 해독산 (Medicinal Herb), crafted from Dried Herbal Plant, dating back to Late Joseon Dynasty. Joseon-era Korean ink-and-wash painting (sumukchaesaek) on aged hanji mulberry paper, muted mineral pigments (malachite green, azurite blue, ochre, cinnabar red, ink black), confident brush strokes with dry-brush texture, soft paper grain, restrained palette, in the manner of Kim Hong-do and Jeong Seon, single object centered, plain warm hanji background, soft ambient occlusion, clean silhouette, game item icon, 1:1 --ar 1:1 --style raw"
hr_geumchang,res://assets/icons/items/hr_geumchang.png,금창고,Medicinal Herb,Dried Herbal Plant,Late,"A museum-quality historical artifact illustration of 금창고 (Medicinal Herb), crafted from Dried Herbal Plant, dating back to Late Joseon Dynasty. Joseon-era Korean ink-and-wash painting (sumukchaesaek) on aged hanji mulberry paper, muted mineral pigments (malachite green, azurite blue, ochre, cinnabar red, ink black), confident brush strokes with dry-brush texture, soft paper grain, restrained palette, in the manner of Kim Hong-do and Jeong Seon, single object centered, plain warm hanji background, soft ambient occlusion, clean silhouette, game item icon, 1:1 --ar 1:1 --style raw"
hr_cheongsim,res://assets/icons/items/hr_cheongsim.png,청심환,Medicinal Herb,Dried Herbal Plant,Late,"A museum-quality historical artifact illustration of 청심환 (Medicinal Herb), crafted from Dried Herbal Plant, dating back to Late Joseon Dynasty. Joseon-era Korean ink-and-wash painting (sumukchaesaek) on aged hanji mulberry paper, muted mineral pigments (malachite green, azurite blue, ochre, cinnabar red, ink black), confident brush strokes with dry-brush texture, soft paper grain, restrained palette, in the manner of Kim Hong-do and Jeong Seon, single object centered, plain warm hanji background, soft ambient occlusion, clean silhouette, game item icon, 1:1 --ar 1:1 --style raw"
hr_sohap,res://assets/icons/items/hr_sohap.png,소합환,Medicinal Herb,Dried Herbal Plant,Late,"A museum-quality historical artifact illustration of 소합환 (Medicinal Herb), crafted from Dried Herbal Plant, dating back to Late Joseon Dynasty. Joseon-era Korean ink-and-wash painting (sumukchaesaek) on aged hanji mulberry paper, muted mineral pigments (malachite green, azurite blue, ochre, cinnabar red, ink black), confident brush strokes with dry-brush texture, soft paper grain, restrained palette, in the manner of Kim Hong-do and Jeong Seon, single object centered, plain warm hanji background, soft ambient occlusion, clean silhouette, game item icon, 1:1 --ar 1:1 --style raw"
hr_sipjeon,res://assets/icons/items/hr_sipjeon.png,십전대보탕,Medicinal Herb,Dried Herbal Plant,Mid,"A museum-quality historical artifact illustration of 십전대보탕 (Medicinal Herb), crafted from Dried Herbal Plant, dating back to Mid Joseon Dynasty. Joseon-era Korean ink-and-wash painting (sumukchaesaek) on aged hanji mulberry paper, muted mineral pigments (malachite green, azurite blue, ochre, cinnabar red, ink black), confident brush strokes with dry-brush texture, soft paper grain, restrained palette, in the manner of Kim Hong-do and Jeong Seon, single object centered, plain warm hanji background, soft ambient occlusion, clean silhouette, game item icon, 1:1 --ar 1:1 --style raw"
hr_gyeongok,res://assets/icons/items/hr_gyeongok.png,경옥고,Medicinal Herb,Dried Herbal Plant,Mid,"A museum-quality historical artifact illustration of 경옥고 (Medicinal Herb), crafted from Dried Herbal Plant, dating back to Mid Joseon Dynasty. Joseon-era Korean ink-and-wash painting (sumukchaesaek) on aged hanji mulberry paper, muted mineral pigments (malachite green, azurite blue, ochre, cinnabar red, ink black), confident brush strokes with dry-brush texture, soft paper grain, restrained palette, in the manner of Kim Hong-do and Jeong Seon, single object centered, plain warm hanji background, soft ambient occlusion, clean silhouette, game item icon, 1:1 --ar 1:1 --style raw"
hr_gongjin,res://assets/icons/items/hr_gongjin.png,공진단,Medicinal Herb,Dried Herbal Plant,Mid,"A museum-quality historical artifact illustration of 공진단 (Medicinal Herb), crafted from Dried Herbal Plant, dating back to Mid Joseon Dynasty. Joseon-era Korean ink-and-wash painting (sumukchaesaek) on aged hanji mulberry paper, muted mineral pigments (malachite green, azurite blue, ochre, cinnabar red, ink black), confident brush strokes with dry-brush texture, soft paper grain, restrained palette, in the manner of Kim Hong-do and Jeong Seon, single object centered, plain warm hanji background, soft ambient occlusion, clean silhouette, game item icon, 1:1 --ar 1:1 --style raw"
hr_uhwang,res://assets/icons/items/hr_uhwang.png,우황청심원,Medicinal Herb,Dried Herbal Plant,Mid,"A museum-quality historical artifact illustration of 우황청심원 (Medicinal Herb), crafted from Dried Herbal Plant, dating back to Mid Joseon Dynasty. Joseon-era Korean ink-and-wash painting (sumukchaesaek) on aged hanji mulberry paper, muted mineral pigments (malachite green, azurite blue, ochre, cinnabar red, ink black), confident brush strokes with dry-brush texture, soft paper grain, restrained palette, in the manner of Kim Hong-do and Jeong Seon, single object centered, plain warm hanji background, soft ambient occlusion, clean silhouette, game item icon, 1:1 --ar 1:1 --style raw"
hr_seondan,res://assets/icons/items/hr_seondan.png,선단 불사환,Medicinal Herb,Dried Herbal Plant,Early,"A museum-quality historical artifact illustration of 선단 불사환 (Medicinal Herb), crafted from Dried Herbal Plant, dating back to Early Joseon Dynasty. Joseon-era Korean ink-and-wash painting (sumukchaesaek) on aged hanji mulberry paper, muted mineral pigments (malachite green, azurite blue, ochre, cinnabar red, ink black), confident brush strokes with dry-brush texture, soft paper grain, restrained palette, in the manner of Kim Hong-do and Jeong Seon, single object centered, plain warm hanji background, soft ambient occlusion, clean silhouette, game item icon, 1:1 --ar 1:1 --style raw"
hr_galgeun,res://assets/icons/items/hr_galgeun.png,갈근탕,Medicinal Herb,Dried Herbal Plant,Late,"A museum-quality historical artifact illustration of 갈근탕 (Medicinal Herb), crafted from Dried Herbal Plant, dating back to Late Joseon Dynasty. Joseon-era Korean ink-and-wash painting (sumukchaesaek) on aged hanji mulberry paper, muted mineral pigments (malachite green, azurite blue, ochre, cinnabar red, ink black), confident brush strokes with dry-brush texture, soft paper grain, restrained palette, in the manner of Kim Hong-do and Jeong Seon, single object centered, plain warm hanji background, soft ambient occlusion, clean silhouette, game item icon, 1:1 --ar 1:1 --style raw"
hr_yujacha,res://assets/icons/items/hr_yujacha.png,유자차,Medicinal Herb,Dried Herbal Plant,Late,"A museum-quality historical artifact illustration of 유자차 (Medicinal Herb), crafted from Dried Herbal Plant, dating back to Late Joseon Dynasty. Joseon-era Korean ink-and-wash painting (sumukchaesaek) on aged hanji mulberry paper, muted mineral pigments (malachite green, azurite blue, ochre, cinnabar red, ink black), confident brush strokes with dry-brush texture, soft paper grain, restrained palette, in the manner of Kim Hong-do and Jeong Seon, single object centered, plain warm hanji background, soft ambient occlusion, clean silhouette, game item icon, 1:1 --ar 1:1 --style raw"
herb_gamcho,res://assets/icons/items/herb_gamcho.png,감초,Medicinal Herb,Dried Herbal Plant,Late,"A museum-quality historical artifact illustration of 감초 (Medicinal Herb), crafted from Dried Herbal Plant, dating back to Late Joseon Dynasty. Joseon-era Korean ink-and-wash painting (sumukchaesaek) on aged hanji mulberry paper, muted mineral pigments (malachite green, azurite blue, ochre, cinnabar red, ink black), confident brush strokes with dry-brush texture, soft paper grain, restrained palette, in the manner of Kim Hong-do and Jeong Seon, single object centered, plain warm hanji background, soft ambient occlusion, clean silhouette, game item icon, 1:1 --ar 1:1 --style raw"
herb_danggwi,res://assets/icons/items/herb_danggwi.png,당귀,Medicinal Herb,Dried Herbal Plant,Late,"A museum-quality historical artifact illustration of 당귀 (Medicinal Herb), crafted from Dried Herbal Plant, dating back to Late Joseon Dynasty. Joseon-era Korean ink-and-wash painting (sumukchaesaek) on aged hanji mulberry paper, muted mineral pigments (malachite green, azurite blue, ochre, cinnabar red, ink black), confident brush strokes with dry-brush texture, soft paper grain, restrained palette, in the manner of Kim Hong-do and Jeong Seon, single object centered, plain warm hanji background, soft ambient occlusion, clean silhouette, game item icon, 1:1 --ar 1:1 --style raw"
herb_cheongung,res://assets/icons/items/herb_cheongung.png,천궁,Medicinal Herb,Dried Herbal Plant,Late,"A museum-quality historical artifact illustration of 천궁 (Medicinal Herb), crafted from Dried Herbal Plant, dating back to Late Joseon Dynasty. Joseon-era Korean ink-and-wash painting (sumukchaesaek) on aged hanji mulberry paper, muted mineral pigments (malachite green, azurite blue, ochre, cinnabar red, ink black), confident brush strokes with dry-brush texture, soft paper grain, restrained palette, in the manner of Kim Hong-do and Jeong Seon, single object centered, plain warm hanji background, soft ambient occlusion, clean silhouette, game item icon, 1:1 --ar 1:1 --style raw"
herb_jakyak,res://assets/icons/items/herb_jakyak.png,작약,Medicinal Herb,Dried Herbal Plant,Late,"A museum-quality historical artifact illustration of 작약 (Medicinal Herb), crafted from Dried Herbal Plant, dating back to Late Joseon Dynasty. Joseon-era Korean ink-and-wash painting (sumukchaesaek) on aged hanji mulberry paper, muted mineral pigments (malachite green, azurite blue, ochre, cinnabar red, ink black), confident brush strokes with dry-brush texture, soft paper grain, restrained palette, in the manner of Kim Hong-do and Jeong Seon, single object centered, plain warm hanji background, soft ambient occlusion, clean silhouette, game item icon, 1:1 --ar 1:1 --style raw"
herb_hwanggi,res://assets/icons/items/herb_hwanggi.png,황기,Medicinal Herb,Dried Herbal Plant,Late,"A museum-quality historical artifact illustration of 황기 (Medicinal Herb), crafted from Dried Herbal Plant, dating back to Late Joseon Dynasty. Joseon-era Korean ink-and-wash painting (sumukchaesaek) on aged hanji mulberry paper, muted mineral pigments (malachite green, azurite blue, ochre, cinnabar red, ink black), confident brush strokes with dry-brush texture, soft paper grain, restrained palette, in the manner of Kim Hong-do and Jeong Seon, single object centered, plain warm hanji background, soft ambient occlusion, clean silhouette, game item icon, 1:1 --ar 1:1 --style raw"
herb_baekchul,res://assets/icons/items/herb_baekchul.png,백출,Medicinal Herb,Dried Herbal Plant,Late,"A museum-quality historical artifact illustration of 백출 (Medicinal Herb), crafted from Dried Herbal Plant, dating back to Late Joseon Dynasty. Joseon-era Korean ink-and-wash painting (sumukchaesaek) on aged hanji mulberry paper, muted mineral pigments (malachite green, azurite blue, ochre, cinnabar red, ink black), confident brush strokes with dry-brush texture, soft paper grain, restrained palette, in the manner of Kim Hong-do and Jeong Seon, single object centered, plain warm hanji background, soft ambient occlusion, clean silhouette, game item icon, 1:1 --ar 1:1 --style raw"
herb_daechu,res://assets/icons/items/herb_daechu.png,건대추(약재),Medicinal Herb,Dried Herbal Plant,Late,"A museum-quality historical artifact illustration of 건대추(약재) (Medicinal Herb), crafted from Dried Herbal Plant, dating back to Late Joseon Dynasty. Joseon-era Korean ink-and-wash painting (sumukchaesaek) on aged hanji mulberry paper, muted mineral pigments (malachite green, azurite blue, ochre, cinnabar red, ink black), confident brush strokes with dry-brush texture, soft paper grain, restrained palette, in the manner of Kim Hong-do and Jeong Seon, single object centered, plain warm hanji background, soft ambient occlusion, clean silhouette, game item icon, 1:1 --ar 1:1 --style raw"
herb_saenggang,res://assets/icons/items/herb_saenggang.png,생강,Medicinal Herb,Dried Herbal Plant,Late,"A museum-quality historical artifact illustration of 생강 (Medicinal Herb), crafted from Dried Herbal Plant, dating back to Late Joseon Dynasty. Joseon-era Korean ink-and-wash painting (sumukchaesaek) on aged hanji mulberry paper, muted mineral pigments (malachite green, azurite blue, ochre, cinnabar red, ink black), confident brush strokes with dry-brush texture, soft paper grain, restrained palette, in the manner of Kim Hong-do and Jeong Seon, single object centered, plain warm hanji background, soft ambient occlusion, clean silhouette, game item icon, 1:1 --ar 1:1 --style raw"
herb_ssuk,res://assets/icons/items/herb_ssuk.png,강화 약쑥,Medicinal Herb,Dried Herbal Plant,Late,"A museum-quality historical artifact illustration of 강화 약쑥 (Medicinal Herb), crafted from Dried Herbal Plant, dating back to Late Joseon Dynasty. Joseon-era Korean ink-and-wash painting (sumukchaesaek) on aged hanji mulberry paper, muted mineral pigments (malachite green, azurite blue, ochre, cinnabar red, ink black), confident brush strokes with dry-brush texture, soft paper grain, restrained palette, in the manner of Kim Hong-do and Jeong Seon, single object centered, plain warm hanji background, soft ambient occlusion, clean silhouette, game item icon, 1:1 --ar 1:1 --style raw"
herb_sukjihwang,res://assets/icons/items/herb_sukjihwang.png,숙지황,Medicinal Herb,Dried Herbal Plant,Late,"A museum-quality historical artifact illustration of 숙지황 (Medicinal Herb), crafted from Dried Herbal Plant, dating back to Late Joseon Dynasty. Joseon-era Korean ink-and-wash painting (sumukchaesaek) on aged hanji mulberry paper, muted mineral pigments (malachite green, azurite blue, ochre, cinnabar red, ink black), confident brush strokes with dry-brush texture, soft paper grain, restrained palette, in the manner of Kim Hong-do and Jeong Seon, single object centered, plain warm hanji background, soft ambient occlusion, clean silhouette, game item icon, 1:1 --ar 1:1 --style raw"
herb_bokryeong,res://assets/icons/items/herb_bokryeong.png,복령,Medicinal Herb,Dried Herbal Plant,Late,"A museum-quality historical artifact illustration of 복령 (Medicinal Herb), crafted from Dried Herbal Plant, dating back to Late Joseon Dynasty. Joseon-era Korean ink-and-wash painting (sumukchaesaek) on aged hanji mulberry paper, muted mineral pigments (malachite green, azurite blue, ochre, cinnabar red, ink black), confident brush strokes with dry-brush texture, soft paper grain, restrained palette, in the manner of Kim Hong-do and Jeong Seon, single object centered, plain warm hanji background, soft ambient occlusion, clean silhouette, game item icon, 1:1 --ar 1:1 --style raw"
herb_yukgye,res://assets/icons/items/herb_yukgye.png,육계,Medicinal Herb,Dried Herbal Plant,Late,"A museum-quality historical artifact illustration of 육계 (Medicinal Herb), crafted from Dried Herbal Plant, dating back to Late Joseon Dynasty. Joseon-era Korean ink-and-wash painting (sumukchaesaek) on aged hanji mulberry paper, muted mineral pigments (malachite green, azurite blue, ochre, cinnabar red, ink black), confident brush strokes with dry-brush texture, soft paper grain, restrained palette, in the manner of Kim Hong-do and Jeong Seon, single object centered, plain warm hanji background, soft ambient occlusion, clean silhouette, game item icon, 1:1 --ar 1:1 --style raw"
herb_geumeunhwa,res://assets/icons/items/herb_geumeunhwa.png,금은화,Medicinal Herb,Dried Herbal Plant,Late,"A museum-quality historical artifact illustration of 금은화 (Medicinal Herb), crafted from Dried Herbal Plant, dating back to Late Joseon Dynasty. Joseon-era Korean ink-and-wash painting (sumukchaesaek) on aged hanji mulberry paper, muted mineral pigments (malachite green, azurite blue, ochre, cinnabar red, ink black), confident brush strokes with dry-brush texture, soft paper grain, restrained palette, in the manner of Kim Hong-do and Jeong Seon, single object centered, plain warm hanji background, soft ambient occlusion, clean silhouette, game item icon, 1:1 --ar 1:1 --style raw"
herb_insam,res://assets/icons/items/herb_insam.png,산양삼(山養蔘),Medicinal Herb,Dried Herbal Plant,Mid,"A museum-quality historical artifact illustration of 산양삼(山養蔘) (Medicinal Herb), crafted from Dried Herbal Plant, dating back to Mid Joseon Dynasty. Joseon-era Korean ink-and-wash painting (sumukchaesaek) on aged hanji mulberry paper, muted mineral pigments (malachite green, azurite blue, ochre, cinnabar red, ink black), confident brush strokes with dry-brush texture, soft paper grain, restrained palette, in the manner of Kim Hong-do and Jeong Seon, single object centered, plain warm hanji background, soft ambient occlusion, clean silhouette, game item icon, 1:1 --ar 1:1 --style raw"
herb_yeongji,res://assets/icons/items/herb_yeongji.png,영지,Medicinal Herb,Dried Herbal Plant,Mid,"A museum-quality historical artifact illustration of 영지 (Medicinal Herb), crafted from Dried Herbal Plant, dating back to Mid Joseon Dynasty. Joseon-era Korean ink-and-wash painting (sumukchaesaek) on aged hanji mulberry paper, muted mineral pigments (malachite green, azurite blue, ochre, cinnabar red, ink black), confident brush strokes with dry-brush texture, soft paper grain, restrained palette, in the manner of Kim Hong-do and Jeong Seon, single object centered, plain warm hanji background, soft ambient occlusion, clean silhouette, game item icon, 1:1 --ar 1:1 --style raw"
herb_nokyong,res://assets/icons/items/herb_nokyong.png,녹용,Medicinal Herb,Dried Herbal Plant,Mid,"A museum-quality historical artifact illustration of 녹용 (Medicinal Herb), crafted from Dried Herbal Plant, dating back to Mid Joseon Dynasty. Joseon-era Korean ink-and-wash painting (sumukchaesaek) on aged hanji mulberry paper, muted mineral pigments (malachite green, azurite blue, ochre, cinnabar red, ink black), confident brush strokes with dry-brush texture, soft paper grain, restrained palette, in the manner of Kim Hong-do and Jeong Seon, single object centered, plain warm hanji background, soft ambient occlusion, clean silhouette, game item icon, 1:1 --ar 1:1 --style raw"
herb_uhwang,res://assets/icons/items/herb_uhwang.png,우황,Medicinal Herb,Dried Herbal Plant,Mid,"A museum-quality historical artifact illustration of 우황 (Medicinal Herb), crafted from Dried Herbal Plant, dating back to Mid Joseon Dynasty. Joseon-era Korean ink-and-wash painting (sumukchaesaek) on aged hanji mulberry paper, muted mineral pigments (malachite green, azurite blue, ochre, cinnabar red, ink black), confident brush strokes with dry-brush texture, soft paper grain, restrained palette, in the manner of Kim Hong-do and Jeong Seon, single object centered, plain warm hanji background, soft ambient occlusion, clean silhouette, game item icon, 1:1 --ar 1:1 --style raw"
herb_sahyang,res://assets/icons/items/herb_sahyang.png,사향,Medicinal Herb,Dried Herbal Plant,Mid,"A museum-quality historical artifact illustration of 사향 (Medicinal Herb), crafted from Dried Herbal Plant, dating back to Mid Joseon Dynasty. Joseon-era Korean ink-and-wash painting (sumukchaesaek) on aged hanji mulberry paper, muted mineral pigments (malachite green, azurite blue, ochre, cinnabar red, ink black), confident brush strokes with dry-brush texture, soft paper grain, restrained palette, in the manner of Kim Hong-do and Jeong Seon, single object centered, plain warm hanji background, soft ambient occlusion, clean silhouette, game item icon, 1:1 --ar 1:1 --style raw"
herb_sansam,res://assets/icons/items/herb_sansam.png,백두 산삼,Medicinal Herb,Dried Herbal Plant,Early,"A museum-quality historical artifact illustration of 백두 산삼 (Medicinal Herb), crafted from Dried Herbal Plant, dating back to Early Joseon Dynasty. Joseon-era Korean ink-and-wash painting (sumukchaesaek) on aged hanji mulberry paper, muted mineral pigments (malachite green, azurite blue, ochre, cinnabar red, ink black), confident brush strokes with dry-brush texture, soft paper grain, restrained palette, in the manner of Kim Hong-do and Jeong Seon, single object centered, plain warm hanji background, soft ambient occlusion, clean silhouette, game item icon, 1:1 --ar 1:1 --style raw"
fr_gukbap,res://assets/icons/items/fr_gukbap.png,장터 국밥,Traditional Korean Dish,Brassware and Porcelain Bowl,Late,"A museum-quality historical artifact illustration of 장터 국밥 (Traditional Korean Dish), crafted from Brassware and Porcelain Bowl, dating back to Late Joseon Dynasty. Joseon-era Korean ink-and-wash painting (sumukchaesaek) on aged hanji mulberry paper, muted mineral pigments (malachite green, azurite blue, ochre, cinnabar red, ink black), confident brush strokes with dry-brush texture, soft paper grain, restrained palette, in the manner of Kim Hong-do and Jeong Seon, single object centered, plain warm hanji background, soft ambient occlusion, clean silhouette, game item icon, 1:1 --ar 1:1 --style raw"
fr_kongnamul,res://assets/icons/items/fr_kongnamul.png,콩나물국밥,Traditional Korean Dish,Brassware and Porcelain Bowl,Late,"A museum-quality historical artifact illustration of 콩나물국밥 (Traditional Korean Dish), crafted from Brassware and Porcelain Bowl, dating back to Late Joseon Dynasty. Joseon-era Korean ink-and-wash painting (sumukchaesaek) on aged hanji mulberry paper, muted mineral pigments (malachite green, azurite blue, ochre, cinnabar red, ink black), confident brush strokes with dry-brush texture, soft paper grain, restrained palette, in the manner of Kim Hong-do and Jeong Seon, single object centered, plain warm hanji background, soft ambient occlusion, clean silhouette, game item icon, 1:1 --ar 1:1 --style raw"
fr_jumeokbap,res://assets/icons/items/fr_jumeokbap.png,주먹밥,Traditional Korean Dish,Brassware and Porcelain Bowl,Late,"A museum-quality historical artifact illustration of 주먹밥 (Traditional Korean Dish), crafted from Brassware and Porcelain Bowl, dating back to Late Joseon Dynasty. Joseon-era Korean ink-and-wash painting (sumukchaesaek) on aged hanji mulberry paper, muted mineral pigments (malachite green, azurite blue, ochre, cinnabar red, ink black), confident brush strokes with dry-brush texture, soft paper grain, restrained palette, in the manner of Kim Hong-do and Jeong Seon, single object centered, plain warm hanji background, soft ambient occlusion, clean silhouette, game item icon, 1:1 --ar 1:1 --style raw"
fr_sujebi,res://assets/icons/items/fr_sujebi.png,수제비,Traditional Korean Dish,Brassware and Porcelain Bowl,Late,"A museum-quality historical artifact illustration of 수제비 (Traditional Korean Dish), crafted from Brassware and Porcelain Bowl, dating back to Late Joseon Dynasty. Joseon-era Korean ink-and-wash painting (sumukchaesaek) on aged hanji mulberry paper, muted mineral pigments (malachite green, azurite blue, ochre, cinnabar red, ink black), confident brush strokes with dry-brush texture, soft paper grain, restrained palette, in the manner of Kim Hong-do and Jeong Seon, single object centered, plain warm hanji background, soft ambient occlusion, clean silhouette, game item icon, 1:1 --ar 1:1 --style raw"
fr_bindaetteok,res://assets/icons/items/fr_bindaetteok.png,빈대떡,Traditional Korean Dish,Brassware and Porcelain Bowl,Late,"A museum-quality historical artifact illustration of 빈대떡 (Traditional Korean Dish), crafted from Brassware and Porcelain Bowl, dating back to Late Joseon Dynasty. Joseon-era Korean ink-and-wash painting (sumukchaesaek) on aged hanji mulberry paper, muted mineral pigments (malachite green, azurite blue, ochre, cinnabar red, ink black), confident brush strokes with dry-brush texture, soft paper grain, restrained palette, in the manner of Kim Hong-do and Jeong Seon, single object centered, plain warm hanji background, soft ambient occlusion, clean silhouette, game item icon, 1:1 --ar 1:1 --style raw"
fr_seolleongtang,res://assets/icons/items/fr_seolleongtang.png,설렁탕,Traditional Korean Dish,Brassware and Porcelain Bowl,Late,"A museum-quality historical artifact illustration of 설렁탕 (Traditional Korean Dish), crafted from Brassware and Porcelain Bowl, dating back to Late Joseon Dynasty. Joseon-era Korean ink-and-wash painting (sumukchaesaek) on aged hanji mulberry paper, muted mineral pigments (malachite green, azurite blue, ochre, cinnabar red, ink black), confident brush strokes with dry-brush texture, soft paper grain, restrained palette, in the manner of Kim Hong-do and Jeong Seon, single object centered, plain warm hanji background, soft ambient occlusion, clean silhouette, game item icon, 1:1 --ar 1:1 --style raw"
fr_tteokguk,res://assets/icons/items/fr_tteokguk.png,떡국,Traditional Korean Dish,Brassware and Porcelain Bowl,Late,"A museum-quality historical artifact illustration of 떡국 (Traditional Korean Dish), crafted from Brassware and Porcelain Bowl, dating back to Late Joseon Dynasty. Joseon-era Korean ink-and-wash painting (sumukchaesaek) on aged hanji mulberry paper, muted mineral pigments (malachite green, azurite blue, ochre, cinnabar red, ink black), confident brush strokes with dry-brush texture, soft paper grain, restrained palette, in the manner of Kim Hong-do and Jeong Seon, single object centered, plain warm hanji background, soft ambient occlusion, clean silhouette, game item icon, 1:1 --ar 1:1 --style raw"
fr_jeonju_bibimbap,res://assets/icons/items/fr_jeonju_bibimbap.png,전주 비빔밥,Traditional Korean Dish,Brassware and Porcelain Bowl,Mid,"A museum-quality historical artifact illustration of 전주 비빔밥 (Traditional Korean Dish), crafted from Brassware and Porcelain Bowl, dating back to Mid Joseon Dynasty. Joseon-era Korean ink-and-wash painting (sumukchaesaek) on aged hanji mulberry paper, muted mineral pigments (malachite green, azurite blue, ochre, cinnabar red, ink black), confident brush strokes with dry-brush texture, soft paper grain, restrained palette, in the manner of Kim Hong-do and Jeong Seon, single object centered, plain warm hanji background, soft ambient occlusion, clean silhouette, game item icon, 1:1 --ar 1:1 --style raw"
fr_pyeongyang_naengmyeon,res://assets/icons/items/fr_pyeongyang_naengmyeon.png,평양 냉면,Traditional Korean Dish,Brassware and Porcelain Bowl,Mid,"A museum-quality historical artifact illustration of 평양 냉면 (Traditional Korean Dish), crafted from Brassware and Porcelain Bowl, dating back to Mid Joseon Dynasty. Joseon-era Korean ink-and-wash painting (sumukchaesaek) on aged hanji mulberry paper, muted mineral pigments (malachite green, azurite blue, ochre, cinnabar red, ink black), confident brush strokes with dry-brush texture, soft paper grain, restrained palette, in the manner of Kim Hong-do and Jeong Seon, single object centered, plain warm hanji background, soft ambient occlusion, clean silhouette, game item icon, 1:1 --ar 1:1 --style raw"
fr_galbijjim,res://assets/icons/items/fr_galbijjim.png,갈비찜,Traditional Korean Dish,Brassware and Porcelain Bowl,Mid,"A museum-quality historical artifact illustration of 갈비찜 (Traditional Korean Dish), crafted from Brassware and Porcelain Bowl, dating back to Mid Joseon Dynasty. Joseon-era Korean ink-and-wash painting (sumukchaesaek) on aged hanji mulberry paper, muted mineral pigments (malachite green, azurite blue, ochre, cinnabar red, ink black), confident brush strokes with dry-brush texture, soft paper grain, restrained palette, in the manner of Kim Hong-do and Jeong Seon, single object centered, plain warm hanji background, soft ambient occlusion, clean silhouette, game item icon, 1:1 --ar 1:1 --style raw"
fr_gujeolpan,res://assets/icons/items/fr_gujeolpan.png,구절판,Traditional Korean Dish,Brassware and Porcelain Bowl,Mid,"A museum-quality historical artifact illustration of 구절판 (Traditional Korean Dish), crafted from Brassware and Porcelain Bowl, dating back to Mid Joseon Dynasty. Joseon-era Korean ink-and-wash painting (sumukchaesaek) on aged hanji mulberry paper, muted mineral pigments (malachite green, azurite blue, ochre, cinnabar red, ink black), confident brush strokes with dry-brush texture, soft paper grain, restrained palette, in the manner of Kim Hong-do and Jeong Seon, single object centered, plain warm hanji background, soft ambient occlusion, clean silhouette, game item icon, 1:1 --ar 1:1 --style raw"
fr_jeonbokcho,res://assets/icons/items/fr_jeonbokcho.png,전복초,Traditional Korean Dish,Brassware and Porcelain Bowl,Mid,"A museum-quality historical artifact illustration of 전복초 (Traditional Korean Dish), crafted from Brassware and Porcelain Bowl, dating back to Mid Joseon Dynasty. Joseon-era Korean ink-and-wash painting (sumukchaesaek) on aged hanji mulberry paper, muted mineral pigments (malachite green, azurite blue, ochre, cinnabar red, ink black), confident brush strokes with dry-brush texture, soft paper grain, restrained palette, in the manner of Kim Hong-do and Jeong Seon, single object centered, plain warm hanji background, soft ambient occlusion, clean silhouette, game item icon, 1:1 --ar 1:1 --style raw"
fr_eomandu,res://assets/icons/items/fr_eomandu.png,어만두,Traditional Korean Dish,Brassware and Porcelain Bowl,Mid,"A museum-quality historical artifact illustration of 어만두 (Traditional Korean Dish), crafted from Brassware and Porcelain Bowl, dating back to Mid Joseon Dynasty. Joseon-era Korean ink-and-wash painting (sumukchaesaek) on aged hanji mulberry paper, muted mineral pigments (malachite green, azurite blue, ochre, cinnabar red, ink black), confident brush strokes with dry-brush texture, soft paper grain, restrained palette, in the manner of Kim Hong-do and Jeong Seon, single object centered, plain warm hanji background, soft ambient occlusion, clean silhouette, game item icon, 1:1 --ar 1:1 --style raw"
fr_tarakjuk,res://assets/icons/items/fr_tarakjuk.png,타락죽,Traditional Korean Dish,Brassware and Porcelain Bowl,Late,"A museum-quality historical artifact illustration of 타락죽 (Traditional Korean Dish), crafted from Brassware and Porcelain Bowl, dating back to Late Joseon Dynasty. Joseon-era Korean ink-and-wash painting (sumukchaesaek) on aged hanji mulberry paper, muted mineral pigments (malachite green, azurite blue, ochre, cinnabar red, ink black), confident brush strokes with dry-brush texture, soft paper grain, restrained palette, in the manner of Kim Hong-do and Jeong Seon, single object centered, plain warm hanji background, soft ambient occlusion, clean silhouette, game item icon, 1:1 --ar 1:1 --style raw"
fr_yaksik,res://assets/icons/items/fr_yaksik.png,약식,Traditional Korean Dish,Brassware and Porcelain Bowl,Late,"A museum-quality historical artifact illustration of 약식 (Traditional Korean Dish), crafted from Brassware and Porcelain Bowl, dating back to Late Joseon Dynasty. Joseon-era Korean ink-and-wash painting (sumukchaesaek) on aged hanji mulberry paper, muted mineral pigments (malachite green, azurite blue, ochre, cinnabar red, ink black), confident brush strokes with dry-brush texture, soft paper grain, restrained palette, in the manner of Kim Hong-do and Jeong Seon, single object centered, plain warm hanji background, soft ambient occlusion, clean silhouette, game item icon, 1:1 --ar 1:1 --style raw"
fr_gungjung_tteokbokki,res://assets/icons/items/fr_gungjung_tteokbokki.png,궁중 떡볶이,Traditional Korean Dish,Brassware and Porcelain Bowl,Mid,"A museum-quality historical artifact illustration of 궁중 떡볶이 (Traditional Korean Dish), crafted from Brassware and Porcelain Bowl, dating back to Mid Joseon Dynasty. Joseon-era Korean ink-and-wash painting (sumukchaesaek) on aged hanji mulberry paper, muted mineral pigments (malachite green, azurite blue, ochre, cinnabar red, ink black), confident brush strokes with dry-brush texture, soft paper grain, restrained palette, in the manner of Kim Hong-do and Jeong Seon, single object centered, plain warm hanji background, soft ambient occlusion, clean silhouette, game item icon, 1:1 --ar 1:1 --style raw"
fr_daehajjim,res://assets/icons/items/fr_daehajjim.png,대하찜,Traditional Korean Dish,Brassware and Porcelain Bowl,Mid,"A museum-quality historical artifact illustration of 대하찜 (Traditional Korean Dish), crafted from Brassware and Porcelain Bowl, dating back to Mid Joseon Dynasty. Joseon-era Korean ink-and-wash painting (sumukchaesaek) on aged hanji mulberry paper, muted mineral pigments (malachite green, azurite blue, ochre, cinnabar red, ink black), confident brush strokes with dry-brush texture, soft paper grain, restrained palette, in the manner of Kim Hong-do and Jeong Seon, single object centered, plain warm hanji background, soft ambient occlusion, clean silhouette, game item icon, 1:1 --ar 1:1 --style raw"
fr_sinseollo,res://assets/icons/items/fr_sinseollo.png,신선로,Traditional Korean Dish,Brassware and Porcelain Bowl,Mid,"A museum-quality historical artifact illustration of 신선로 (Traditional Korean Dish), crafted from Brassware and Porcelain Bowl, dating back to Mid Joseon Dynasty. Joseon-era Korean ink-and-wash painting (sumukchaesaek) on aged hanji mulberry paper, muted mineral pigments (malachite green, azurite blue, ochre, cinnabar red, ink black), confident brush strokes with dry-brush texture, soft paper grain, restrained palette, in the manner of Kim Hong-do and Jeong Seon, single object centered, plain warm hanji background, soft ambient occlusion, clean silhouette, game item icon, 1:1 --ar 1:1 --style raw"
fr_tangpyeongchae,res://assets/icons/items/fr_tangpyeongchae.png,탕평채,Traditional Korean Dish,Brassware and Porcelain Bowl,Mid,"A museum-quality historical artifact illustration of 탕평채 (Traditional Korean Dish), crafted from Brassware and Porcelain Bowl, dating back to Mid Joseon Dynasty. Joseon-era Korean ink-and-wash painting (sumukchaesaek) on aged hanji mulberry paper, muted mineral pigments (malachite green, azurite blue, ochre, cinnabar red, ink black), confident brush strokes with dry-brush texture, soft paper grain, restrained palette, in the manner of Kim Hong-do and Jeong Seon, single object centered, plain warm hanji background, soft ambient occlusion, clean silhouette, game item icon, 1:1 --ar 1:1 --style raw"
fr_yakgwa,res://assets/icons/items/fr_yakgwa.png,약과,Traditional Korean Dish,Brassware and Porcelain Bowl,Mid,"A museum-quality historical artifact illustration of 약과 (Traditional Korean Dish), crafted from Brassware and Porcelain Bowl, dating back to Mid Joseon Dynasty. Joseon-era Korean ink-and-wash painting (sumukchaesaek) on aged hanji mulberry paper, muted mineral pigments (malachite green, azurite blue, ochre, cinnabar red, ink black), confident brush strokes with dry-brush texture, soft paper grain, restrained palette, in the manner of Kim Hong-do and Jeong Seon, single object centered, plain warm hanji background, soft ambient occlusion, clean silhouette, game item icon, 1:1 --ar 1:1 --style raw"
fr_yuja_hwachae,res://assets/icons/items/fr_yuja_hwachae.png,유자화채,Traditional Korean Dish,Brassware and Porcelain Bowl,Mid,"A museum-quality historical artifact illustration of 유자화채 (Traditional Korean Dish), crafted from Brassware and Porcelain Bowl, dating back to Mid Joseon Dynasty. Joseon-era Korean ink-and-wash painting (sumukchaesaek) on aged hanji mulberry paper, muted mineral pigments (malachite green, azurite blue, ochre, cinnabar red, ink black), confident brush strokes with dry-brush texture, soft paper grain, restrained palette, in the manner of Kim Hong-do and Jeong Seon, single object centered, plain warm hanji background, soft ambient occlusion, clean silhouette, game item icon, 1:1 --ar 1:1 --style raw"
fr_miyeokguk,res://assets/icons/items/fr_miyeokguk.png,미역국,Traditional Korean Dish,Brassware and Porcelain Bowl,Late,"A museum-quality historical artifact illustration of 미역국 (Traditional Korean Dish), crafted from Brassware and Porcelain Bowl, dating back to Late Joseon Dynasty. Joseon-era Korean ink-and-wash painting (sumukchaesaek) on aged hanji mulberry paper, muted mineral pigments (malachite green, azurite blue, ochre, cinnabar red, ink black), confident brush strokes with dry-brush texture, soft paper grain, restrained palette, in the manner of Kim Hong-do and Jeong Seon, single object centered, plain warm hanji background, soft ambient occlusion, clean silhouette, game item icon, 1:1 --ar 1:1 --style raw"
fr_dotorimuk,res://assets/icons/items/fr_dotorimuk.png,도토리묵,Traditional Korean Dish,Brassware and Porcelain Bowl,Late,"A museum-quality historical artifact illustration of 도토리묵 (Traditional Korean Dish), crafted from Brassware and Porcelain Bowl, dating back to Late Joseon Dynasty. Joseon-era Korean ink-and-wash painting (sumukchaesaek) on aged hanji mulberry paper, muted mineral pigments (malachite green, azurite blue, ochre, cinnabar red, ink black), confident brush strokes with dry-brush texture, soft paper grain, restrained palette, in the manner of Kim Hong-do and Jeong Seon, single object centered, plain warm hanji background, soft ambient occlusion, clean silhouette, game item icon, 1:1 --ar 1:1 --style raw"
fr_songgitteok,res://assets/icons/items/fr_songgitteok.png,송기떡,Traditional Korean Dish,Brassware and Porcelain Bowl,Late,"A museum-quality historical artifact illustration of 송기떡 (Traditional Korean Dish), crafted from Brassware and Porcelain Bowl, dating back to Late Joseon Dynasty. Joseon-era Korean ink-and-wash painting (sumukchaesaek) on aged hanji mulberry paper, muted mineral pigments (malachite green, azurite blue, ochre, cinnabar red, ink black), confident brush strokes with dry-brush texture, soft paper grain, restrained palette, in the manner of Kim Hong-do and Jeong Seon, single object centered, plain warm hanji background, soft ambient occlusion, clean silhouette, game item icon, 1:1 --ar 1:1 --style raw"
fr_sanjeok,res://assets/icons/items/fr_sanjeok.png,야영 산적,Traditional Korean Dish,Brassware and Porcelain Bowl,Late,"A museum-quality historical artifact illustration of 야영 산적 (Traditional Korean Dish), crafted from Brassware and Porcelain Bowl, dating back to Late Joseon Dynasty. Joseon-era Korean ink-and-wash painting (sumukchaesaek) on aged hanji mulberry paper, muted mineral pigments (malachite green, azurite blue, ochre, cinnabar red, ink black), confident brush strokes with dry-brush texture, soft paper grain, restrained palette, in the manner of Kim Hong-do and Jeong Seon, single object centered, plain warm hanji background, soft ambient occlusion, clean silhouette, game item icon, 1:1 --ar 1:1 --style raw"
fr_ungjang,res://assets/icons/items/fr_ungjang.png,웅장찜(熊掌),Traditional Korean Dish,Brassware and Porcelain Bowl,Mid,"A museum-quality historical artifact illustration of 웅장찜(熊掌) (Traditional Korean Dish), crafted from Brassware and Porcelain Bowl, dating back to Mid Joseon Dynasty. Joseon-era Korean ink-and-wash painting (sumukchaesaek) on aged hanji mulberry paper, muted mineral pigments (malachite green, azurite blue, ochre, cinnabar red, ink black), confident brush strokes with dry-brush texture, soft paper grain, restrained palette, in the manner of Kim Hong-do and Jeong Seon, single object centered, plain warm hanji background, soft ambient occlusion, clean silhouette, game item icon, 1:1 --ar 1:1 --style raw"
fr_nokpo,res://assets/icons/items/fr_nokpo.png,녹포(鹿脯),Traditional Korean Dish,Brassware and Porcelain Bowl,Early,"A museum-quality historical artifact illustration of 녹포(鹿脯) (Traditional Korean Dish), crafted from Brassware and Porcelain Bowl, dating back to Early Joseon Dynasty. Joseon-era Korean ink-and-wash painting (sumukchaesaek) on aged hanji mulberry paper, muted mineral pigments (malachite green, azurite blue, ochre, cinnabar red, ink black), confident brush strokes with dry-brush texture, soft paper grain, restrained palette, in the manner of Kim Hong-do and Jeong Seon, single object centered, plain warm hanji background, soft ambient occlusion, clean silhouette, game item icon, 1:1 --ar 1:1 --style raw"
bk_food_jumak,res://assets/icons/items/bk_food_jumak.png,주막 국밥 조리서,Secret Craft Manual,Stitched Hanji Book,Late,"A museum-quality historical artifact illustration of 주막 국밥 조리서 (Secret Craft Manual), crafted from Stitched Hanji Book, dating back to Late Joseon Dynasty. Joseon-era Korean ink-and-wash painting (sumukchaesaek) on aged hanji mulberry paper, muted mineral pigments (malachite green, azurite blue, ochre, cinnabar red, ink black), confident brush strokes with dry-brush texture, soft paper grain, restrained palette, in the manner of Kim Hong-do and Jeong Seon, single object centered, plain warm hanji background, soft ambient occlusion, clean silhouette, game item icon, 1:1 --ar 1:1 --style raw"
bk_food_campfire,res://assets/icons/items/bk_food_campfire.png,야영 모닥불 조리서,Secret Craft Manual,Stitched Hanji Book,Late,"A museum-quality historical artifact illustration of 야영 모닥불 조리서 (Secret Craft Manual), crafted from Stitched Hanji Book, dating back to Late Joseon Dynasty. Joseon-era Korean ink-and-wash painting (sumukchaesaek) on aged hanji mulberry paper, muted mineral pigments (malachite green, azurite blue, ochre, cinnabar red, ink black), confident brush strokes with dry-brush texture, soft paper grain, restrained palette, in the manner of Kim Hong-do and Jeong Seon, single object centered, plain warm hanji background, soft ambient occlusion, clean silhouette, game item icon, 1:1 --ar 1:1 --style raw"
bk_food_gaekju,res://assets/icons/items/bk_food_gaekju.png,객주 상차림 조리서,Secret Craft Manual,Stitched Hanji Book,Late,"A museum-quality historical artifact illustration of 객주 상차림 조리서 (Secret Craft Manual), crafted from Stitched Hanji Book, dating back to Late Joseon Dynasty. Joseon-era Korean ink-and-wash painting (sumukchaesaek) on aged hanji mulberry paper, muted mineral pigments (malachite green, azurite blue, ochre, cinnabar red, ink black), confident brush strokes with dry-brush texture, soft paper grain, restrained palette, in the manner of Kim Hong-do and Jeong Seon, single object centered, plain warm hanji background, soft ambient occlusion, clean silhouette, game item icon, 1:1 --ar 1:1 --style raw"
bk_food_bukgwan,res://assets/icons/items/bk_food_bukgwan.png,북관·관서 음식서,Secret Craft Manual,Stitched Hanji Book,Late,"A museum-quality historical artifact illustration of 북관·관서 음식서 (Secret Craft Manual), crafted from Stitched Hanji Book, dating back to Late Joseon Dynasty. Joseon-era Korean ink-and-wash painting (sumukchaesaek) on aged hanji mulberry paper, muted mineral pigments (malachite green, azurite blue, ochre, cinnabar red, ink black), confident brush strokes with dry-brush texture, soft paper grain, restrained palette, in the manner of Kim Hong-do and Jeong Seon, single object centered, plain warm hanji background, soft ambient occlusion, clean silhouette, game item icon, 1:1 --ar 1:1 --style raw"
bk_food_namdo,res://assets/icons/items/bk_food_namdo.png,남도 한상 조리서,Secret Craft Manual,Stitched Hanji Book,Late,"A museum-quality historical artifact illustration of 남도 한상 조리서 (Secret Craft Manual), crafted from Stitched Hanji Book, dating back to Late Joseon Dynasty. Joseon-era Korean ink-and-wash painting (sumukchaesaek) on aged hanji mulberry paper, muted mineral pigments (malachite green, azurite blue, ochre, cinnabar red, ink black), confident brush strokes with dry-brush texture, soft paper grain, restrained palette, in the manner of Kim Hong-do and Jeong Seon, single object centered, plain warm hanji background, soft ambient occlusion, clean silhouette, game item icon, 1:1 --ar 1:1 --style raw"
bk_food_sura,res://assets/icons/items/bk_food_sura.png,궁중 수라 조리서,Secret Craft Manual,Stitched Hanji Book,Late,"A museum-quality historical artifact illustration of 궁중 수라 조리서 (Secret Craft Manual), crafted from Stitched Hanji Book, dating back to Late Joseon Dynasty. Joseon-era Korean ink-and-wash painting (sumukchaesaek) on aged hanji mulberry paper, muted mineral pigments (malachite green, azurite blue, ochre, cinnabar red, ink black), confident brush strokes with dry-brush texture, soft paper grain, restrained palette, in the manner of Kim Hong-do and Jeong Seon, single object centered, plain warm hanji background, soft ambient occlusion, clean silhouette, game item icon, 1:1 --ar 1:1 --style raw"
bk_med_dongui,res://assets/icons/items/bk_med_dongui.png,동의보감 초록,Secret Craft Manual,Stitched Hanji Book,Late,"A museum-quality historical artifact illustration of 동의보감 초록 (Secret Craft Manual), crafted from Stitched Hanji Book, dating back to Late Joseon Dynasty. Joseon-era Korean ink-and-wash painting (sumukchaesaek) on aged hanji mulberry paper, muted mineral pigments (malachite green, azurite blue, ochre, cinnabar red, ink black), confident brush strokes with dry-brush texture, soft paper grain, restrained palette, in the manner of Kim Hong-do and Jeong Seon, single object centered, plain warm hanji background, soft ambient occlusion, clean silhouette, game item icon, 1:1 --ar 1:1 --style raw"
bk_med_hyemin,res://assets/icons/items/bk_med_hyemin.png,혜민서 방약합편,Secret Craft Manual,Stitched Hanji Book,Late,"A museum-quality historical artifact illustration of 혜민서 방약합편 (Secret Craft Manual), crafted from Stitched Hanji Book, dating back to Late Joseon Dynasty. Joseon-era Korean ink-and-wash painting (sumukchaesaek) on aged hanji mulberry paper, muted mineral pigments (malachite green, azurite blue, ochre, cinnabar red, ink black), confident brush strokes with dry-brush texture, soft paper grain, restrained palette, in the manner of Kim Hong-do and Jeong Seon, single object centered, plain warm hanji background, soft ambient occlusion, clean silhouette, game item icon, 1:1 --ar 1:1 --style raw"
bk_med_daegu,res://assets/icons/items/bk_med_daegu.png,대구 약령시 환약서,Secret Craft Manual,Stitched Hanji Book,Late,"A museum-quality historical artifact illustration of 대구 약령시 환약서 (Secret Craft Manual), crafted from Stitched Hanji Book, dating back to Late Joseon Dynasty. Joseon-era Korean ink-and-wash painting (sumukchaesaek) on aged hanji mulberry paper, muted mineral pigments (malachite green, azurite blue, ochre, cinnabar red, ink black), confident brush strokes with dry-brush texture, soft paper grain, restrained palette, in the manner of Kim Hong-do and Jeong Seon, single object centered, plain warm hanji background, soft ambient occlusion, clean silhouette, game item icon, 1:1 --ar 1:1 --style raw"
bk_med_jeonju,res://assets/icons/items/bk_med_jeonju.png,전주 약령시 고제서,Secret Craft Manual,Stitched Hanji Book,Late,"A museum-quality historical artifact illustration of 전주 약령시 고제서 (Secret Craft Manual), crafted from Stitched Hanji Book, dating back to Late Joseon Dynasty. Joseon-era Korean ink-and-wash painting (sumukchaesaek) on aged hanji mulberry paper, muted mineral pigments (malachite green, azurite blue, ochre, cinnabar red, ink black), confident brush strokes with dry-brush texture, soft paper grain, restrained palette, in the manner of Kim Hong-do and Jeong Seon, single object centered, plain warm hanji background, soft ambient occlusion, clean silhouette, game item icon, 1:1 --ar 1:1 --style raw"
bk_med_temple,res://assets/icons/items/bk_med_temple.png,사찰 선단비록,Secret Craft Manual,Stitched Hanji Book,Late,"A museum-quality historical artifact illustration of 사찰 선단비록 (Secret Craft Manual), crafted from Stitched Hanji Book, dating back to Late Joseon Dynasty. Joseon-era Korean ink-and-wash painting (sumukchaesaek) on aged hanji mulberry paper, muted mineral pigments (malachite green, azurite blue, ochre, cinnabar red, ink black), confident brush strokes with dry-brush texture, soft paper grain, restrained palette, in the manner of Kim Hong-do and Jeong Seon, single object centered, plain warm hanji background, soft ambient occlusion, clean silhouette, game item icon, 1:1 --ar 1:1 --style raw"
bk_tool_forge,res://assets/icons/items/bk_tool_forge.png,야장 도구서,Secret Craft Manual,Stitched Hanji Book,Late,"A museum-quality historical artifact illustration of 야장 도구서 (Secret Craft Manual), crafted from Stitched Hanji Book, dating back to Late Joseon Dynasty. Joseon-era Korean ink-and-wash painting (sumukchaesaek) on aged hanji mulberry paper, muted mineral pigments (malachite green, azurite blue, ochre, cinnabar red, ink black), confident brush strokes with dry-brush texture, soft paper grain, restrained palette, in the manner of Kim Hong-do and Jeong Seon, single object centered, plain warm hanji background, soft ambient occlusion, clean silhouette, game item icon, 1:1 --ar 1:1 --style raw"
bk_tool_carpenter,res://assets/icons/items/bk_tool_carpenter.png,목수 지게서,Secret Craft Manual,Stitched Hanji Book,Late,"A museum-quality historical artifact illustration of 목수 지게서 (Secret Craft Manual), crafted from Stitched Hanji Book, dating back to Late Joseon Dynasty. Joseon-era Korean ink-and-wash painting (sumukchaesaek) on aged hanji mulberry paper, muted mineral pigments (malachite green, azurite blue, ochre, cinnabar red, ink black), confident brush strokes with dry-brush texture, soft paper grain, restrained palette, in the manner of Kim Hong-do and Jeong Seon, single object centered, plain warm hanji background, soft ambient occlusion, clean silhouette, game item icon, 1:1 --ar 1:1 --style raw"
bk_tool_gongbang,res://assets/icons/items/bk_tool_gongbang.png,12공방 칠기서,Secret Craft Manual,Stitched Hanji Book,Late,"A museum-quality historical artifact illustration of 12공방 칠기서 (Secret Craft Manual), crafted from Stitched Hanji Book, dating back to Late Joseon Dynasty. Joseon-era Korean ink-and-wash painting (sumukchaesaek) on aged hanji mulberry paper, muted mineral pigments (malachite green, azurite blue, ochre, cinnabar red, ink black), confident brush strokes with dry-brush texture, soft paper grain, restrained palette, in the manner of Kim Hong-do and Jeong Seon, single object centered, plain warm hanji background, soft ambient occlusion, clean silhouette, game item icon, 1:1 --ar 1:1 --style raw"
bk_tool_capture,res://assets/icons/items/bk_tool_capture.png,포획구 제작서,Secret Craft Manual,Stitched Hanji Book,Late,"A museum-quality historical artifact illustration of 포획구 제작서 (Secret Craft Manual), crafted from Stitched Hanji Book, dating back to Late Joseon Dynasty. Joseon-era Korean ink-and-wash painting (sumukchaesaek) on aged hanji mulberry paper, muted mineral pigments (malachite green, azurite blue, ochre, cinnabar red, ink black), confident brush strokes with dry-brush texture, soft paper grain, restrained palette, in the manner of Kim Hong-do and Jeong Seon, single object centered, plain warm hanji background, soft ambient occlusion, clean silhouette, game item icon, 1:1 --ar 1:1 --style raw"
bk_tool_repair,res://assets/icons/items/bk_tool_repair.png,행장 수선서,Secret Craft Manual,Stitched Hanji Book,Late,"A museum-quality historical artifact illustration of 행장 수선서 (Secret Craft Manual), crafted from Stitched Hanji Book, dating back to Late Joseon Dynasty. Joseon-era Korean ink-and-wash painting (sumukchaesaek) on aged hanji mulberry paper, muted mineral pigments (malachite green, azurite blue, ochre, cinnabar red, ink black), confident brush strokes with dry-brush texture, soft paper grain, restrained palette, in the manner of Kim Hong-do and Jeong Seon, single object centered, plain warm hanji background, soft ambient occlusion, clean silhouette, game item icon, 1:1 --ar 1:1 --style raw"
bk_mar_hwando,res://assets/icons/items/bk_mar_hwando.png,환도 단조서,Secret Craft Manual,Stitched Hanji Book,Late,"A museum-quality historical artifact illustration of 환도 단조서 (Secret Craft Manual), crafted from Stitched Hanji Book, dating back to Late Joseon Dynasty. Joseon-era Korean ink-and-wash painting (sumukchaesaek) on aged hanji mulberry paper, muted mineral pigments (malachite green, azurite blue, ochre, cinnabar red, ink black), confident brush strokes with dry-brush texture, soft paper grain, restrained palette, in the manner of Kim Hong-do and Jeong Seon, single object centered, plain warm hanji background, soft ambient occlusion, clean silhouette, game item icon, 1:1 --ar 1:1 --style raw"
bk_mar_armor,res://assets/icons/items/bk_mar_armor.png,경번갑 단조서,Secret Craft Manual,Stitched Hanji Book,Late,"A museum-quality historical artifact illustration of 경번갑 단조서 (Secret Craft Manual), crafted from Stitched Hanji Book, dating back to Late Joseon Dynasty. Joseon-era Korean ink-and-wash painting (sumukchaesaek) on aged hanji mulberry paper, muted mineral pigments (malachite green, azurite blue, ochre, cinnabar red, ink black), confident brush strokes with dry-brush texture, soft paper grain, restrained palette, in the manner of Kim Hong-do and Jeong Seon, single object centered, plain warm hanji background, soft ambient occlusion, clean silhouette, game item icon, 1:1 --ar 1:1 --style raw"
bk_mar_bow,res://assets/icons/items/bk_mar_bow.png,각궁·화전 단조서,Secret Craft Manual,Stitched Hanji Book,Late,"A museum-quality historical artifact illustration of 각궁·화전 단조서 (Secret Craft Manual), crafted from Stitched Hanji Book, dating back to Late Joseon Dynasty. Joseon-era Korean ink-and-wash painting (sumukchaesaek) on aged hanji mulberry paper, muted mineral pigments (malachite green, azurite blue, ochre, cinnabar red, ink black), confident brush strokes with dry-brush texture, soft paper grain, restrained palette, in the manner of Kim Hong-do and Jeong Seon, single object centered, plain warm hanji background, soft ambient occlusion, clean silhouette, game item icon, 1:1 --ar 1:1 --style raw"
bk_mar_boots,res://assets/icons/items/bk_mar_boots.png,목화 비각 단조서,Secret Craft Manual,Stitched Hanji Book,Late,"A museum-quality historical artifact illustration of 목화 비각 단조서 (Secret Craft Manual), crafted from Stitched Hanji Book, dating back to Late Joseon Dynasty. Joseon-era Korean ink-and-wash painting (sumukchaesaek) on aged hanji mulberry paper, muted mineral pigments (malachite green, azurite blue, ochre, cinnabar red, ink black), confident brush strokes with dry-brush texture, soft paper grain, restrained palette, in the manner of Kim Hong-do and Jeong Seon, single object centered, plain warm hanji background, soft ambient occlusion, clean silhouette, game item icon, 1:1 --ar 1:1 --style raw"
bk_mar_charm,res://assets/icons/items/bk_mar_charm.png,벽사 패물 단조서,Secret Craft Manual,Stitched Hanji Book,Late,"A museum-quality historical artifact illustration of 벽사 패물 단조서 (Secret Craft Manual), crafted from Stitched Hanji Book, dating back to Late Joseon Dynasty. Joseon-era Korean ink-and-wash painting (sumukchaesaek) on aged hanji mulberry paper, muted mineral pigments (malachite green, azurite blue, ochre, cinnabar red, ink black), confident brush strokes with dry-brush texture, soft paper grain, restrained palette, in the manner of Kim Hong-do and Jeong Seon, single object centered, plain warm hanji background, soft ambient occlusion, clean silhouette, game item icon, 1:1 --ar 1:1 --style raw"
bk_mar_spear,res://assets/icons/items/bk_mar_spear.png,당파창 단조서,Secret Craft Manual,Stitched Hanji Book,Late,"A museum-quality historical artifact illustration of 당파창 단조서 (Secret Craft Manual), crafted from Stitched Hanji Book, dating back to Late Joseon Dynasty. Joseon-era Korean ink-and-wash painting (sumukchaesaek) on aged hanji mulberry paper, muted mineral pigments (malachite green, azurite blue, ochre, cinnabar red, ink black), confident brush strokes with dry-brush texture, soft paper grain, restrained palette, in the manner of Kim Hong-do and Jeong Seon, single object centered, plain warm hanji background, soft ambient occlusion, clean silhouette, game item icon, 1:1 --ar 1:1 --style raw"
bk_mar_shield,res://assets/icons/items/bk_mar_shield.png,등패 단조서,Secret Craft Manual,Stitched Hanji Book,Late,"A museum-quality historical artifact illustration of 등패 단조서 (Secret Craft Manual), crafted from Stitched Hanji Book, dating back to Late Joseon Dynasty. Joseon-era Korean ink-and-wash painting (sumukchaesaek) on aged hanji mulberry paper, muted mineral pigments (malachite green, azurite blue, ochre, cinnabar red, ink black), confident brush strokes with dry-brush texture, soft paper grain, restrained palette, in the manner of Kim Hong-do and Jeong Seon, single object centered, plain warm hanji background, soft ambient occlusion, clean silhouette, game item icon, 1:1 --ar 1:1 --style raw"
bk_mar_flail,res://assets/icons/items/bk_mar_flail.png,편곤 단조서,Secret Craft Manual,Stitched Hanji Book,Late,"A museum-quality historical artifact illustration of 편곤 단조서 (Secret Craft Manual), crafted from Stitched Hanji Book, dating back to Late Joseon Dynasty. Joseon-era Korean ink-and-wash painting (sumukchaesaek) on aged hanji mulberry paper, muted mineral pigments (malachite green, azurite blue, ochre, cinnabar red, ink black), confident brush strokes with dry-brush texture, soft paper grain, restrained palette, in the manner of Kim Hong-do and Jeong Seon, single object centered, plain warm hanji background, soft ambient occlusion, clean silhouette, game item icon, 1:1 --ar 1:1 --style raw"
mj_yu_weapon_4,res://assets/icons/items/mj_yu_weapon_4.png,[모작] 사인참사검,Ceremonial Sword,Forged Steel with Gold Inlay,Mid,"A museum-quality historical artifact illustration of [모작] 사인참사검 (Ceremonial Sword), crafted from Forged Steel with Gold Inlay, dating back to Mid Joseon Dynasty. Joseon-era Korean ink-and-wash painting (sumukchaesaek) on aged hanji mulberry paper, muted mineral pigments (malachite green, azurite blue, ochre, cinnabar red, ink black), confident brush strokes with dry-brush texture, soft paper grain, restrained palette, in the manner of Kim Hong-do and Jeong Seon, single object centered, plain warm hanji background, soft ambient occlusion, clean silhouette, game item icon, 1:1 --ar 1:1 --style raw"
mj_yu_weapon_5,res://assets/icons/items/mj_yu_weapon_5.png,[모작] 용천 어검,Ceremonial Sword,Forged Steel with Gold Inlay,Early,"A museum-quality historical artifact illustration of [모작] 용천 어검 (Ceremonial Sword), crafted from Forged Steel with Gold Inlay, dating back to Early Joseon Dynasty. Joseon-era Korean ink-and-wash painting (sumukchaesaek) on aged hanji mulberry paper, muted mineral pigments (malachite green, azurite blue, ochre, cinnabar red, ink black), confident brush strokes with dry-brush texture, soft paper grain, restrained palette, in the manner of Kim Hong-do and Jeong Seon, single object centered, plain warm hanji background, soft ambient occlusion, clean silhouette, game item icon, 1:1 --ar 1:1 --style raw"
mj_yu_armor_4,res://assets/icons/items/mj_yu_armor_4.png,[모작] 두석린갑,Lamellar Armor,Iron Scales and Leather,Mid,"A museum-quality historical artifact illustration of [모작] 두석린갑 (Lamellar Armor), crafted from Iron Scales and Leather, dating back to Mid Joseon Dynasty. Joseon-era Korean ink-and-wash painting (sumukchaesaek) on aged hanji mulberry paper, muted mineral pigments (malachite green, azurite blue, ochre, cinnabar red, ink black), confident brush strokes with dry-brush texture, soft paper grain, restrained palette, in the manner of Kim Hong-do and Jeong Seon, single object centered, plain warm hanji background, soft ambient occlusion, clean silhouette, game item icon, 1:1 --ar 1:1 --style raw"
mj_yu_armor_5,res://assets/icons/items/mj_yu_armor_5.png,[모작] 용린 어갑,Lamellar Armor,Iron Scales and Leather,Early,"A museum-quality historical artifact illustration of [모작] 용린 어갑 (Lamellar Armor), crafted from Iron Scales and Leather, dating back to Early Joseon Dynasty. Joseon-era Korean ink-and-wash painting (sumukchaesaek) on aged hanji mulberry paper, muted mineral pigments (malachite green, azurite blue, ochre, cinnabar red, ink black), confident brush strokes with dry-brush texture, soft paper grain, restrained palette, in the manner of Kim Hong-do and Jeong Seon, single object centered, plain warm hanji background, soft ambient occlusion, clean silhouette, game item icon, 1:1 --ar 1:1 --style raw"
mj_yu_shoes_4,res://assets/icons/items/mj_yu_shoes_4.png,[모작] 흑피 목화,Traditional Boots,Leather and Silk,Mid,"A museum-quality historical artifact illustration of [모작] 흑피 목화 (Traditional Boots), crafted from Leather and Silk, dating back to Mid Joseon Dynasty. Joseon-era Korean ink-and-wash painting (sumukchaesaek) on aged hanji mulberry paper, muted mineral pigments (malachite green, azurite blue, ochre, cinnabar red, ink black), confident brush strokes with dry-brush texture, soft paper grain, restrained palette, in the manner of Kim Hong-do and Jeong Seon, single object centered, plain warm hanji background, soft ambient occlusion, clean silhouette, game item icon, 1:1 --ar 1:1 --style raw"
mj_yu_shoes_5,res://assets/icons/items/mj_yu_shoes_5.png,[모작] 청룡 목화,Traditional Boots,Leather and Silk,Early,"A museum-quality historical artifact illustration of [모작] 청룡 목화 (Traditional Boots), crafted from Leather and Silk, dating back to Early Joseon Dynasty. Joseon-era Korean ink-and-wash painting (sumukchaesaek) on aged hanji mulberry paper, muted mineral pigments (malachite green, azurite blue, ochre, cinnabar red, ink black), confident brush strokes with dry-brush texture, soft paper grain, restrained palette, in the manner of Kim Hong-do and Jeong Seon, single object centered, plain warm hanji background, soft ambient occlusion, clean silhouette, game item icon, 1:1 --ar 1:1 --style raw"
mj_yu_accessory_4,res://assets/icons/items/mj_yu_accessory_4.png,[모작] 수군 청동인장,Talisman Ornament,Gilt Bronze and Silk Tassel,Mid,"A museum-quality historical artifact illustration of [모작] 수군 청동인장 (Talisman Ornament), crafted from Gilt Bronze and Silk Tassel, dating back to Mid Joseon Dynasty. Joseon-era Korean ink-and-wash painting (sumukchaesaek) on aged hanji mulberry paper, muted mineral pigments (malachite green, azurite blue, ochre, cinnabar red, ink black), confident brush strokes with dry-brush texture, soft paper grain, restrained palette, in the manner of Kim Hong-do and Jeong Seon, single object centered, plain warm hanji background, soft ambient occlusion, clean silhouette, game item icon, 1:1 --ar 1:1 --style raw"
mj_yu_accessory_5,res://assets/icons/items/mj_yu_accessory_5.png,[모작] 어보 옥인,Talisman Ornament,Gilt Bronze and Silk Tassel,Early,"A museum-quality historical artifact illustration of [모작] 어보 옥인 (Talisman Ornament), crafted from Gilt Bronze and Silk Tassel, dating back to Early Joseon Dynasty. Joseon-era Korean ink-and-wash painting (sumukchaesaek) on aged hanji mulberry paper, muted mineral pigments (malachite green, azurite blue, ochre, cinnabar red, ink black), confident brush strokes with dry-brush texture, soft paper grain, restrained palette, in the manner of Kim Hong-do and Jeong Seon, single object centered, plain warm hanji background, soft ambient occlusion, clean silhouette, game item icon, 1:1 --ar 1:1 --style raw"
mj_bul_weapon_4,res://assets/icons/items/mj_bul_weapon_4.png,[모작] 금강저,Ceremonial Sword,Forged Steel with Gold Inlay,Mid,"A museum-quality historical artifact illustration of [모작] 금강저 (Ceremonial Sword), crafted from Forged Steel with Gold Inlay, dating back to Mid Joseon Dynasty. Joseon-era Korean ink-and-wash painting (sumukchaesaek) on aged hanji mulberry paper, muted mineral pigments (malachite green, azurite blue, ochre, cinnabar red, ink black), confident brush strokes with dry-brush texture, soft paper grain, restrained palette, in the manner of Kim Hong-do and Jeong Seon, single object centered, plain warm hanji background, soft ambient occlusion, clean silhouette, game item icon, 1:1 --ar 1:1 --style raw"
mj_bul_weapon_5,res://assets/icons/items/mj_bul_weapon_5.png,[모작] 항마 금강저,Ceremonial Sword,Forged Steel with Gold Inlay,Early,"A museum-quality historical artifact illustration of [모작] 항마 금강저 (Ceremonial Sword), crafted from Forged Steel with Gold Inlay, dating back to Early Joseon Dynasty. Joseon-era Korean ink-and-wash painting (sumukchaesaek) on aged hanji mulberry paper, muted mineral pigments (malachite green, azurite blue, ochre, cinnabar red, ink black), confident brush strokes with dry-brush texture, soft paper grain, restrained palette, in the manner of Kim Hong-do and Jeong Seon, single object centered, plain warm hanji background, soft ambient occlusion, clean silhouette, game item icon, 1:1 --ar 1:1 --style raw"
mj_bul_armor_4,res://assets/icons/items/mj_bul_armor_4.png,[모작] 승군 철가사,Lamellar Armor,Iron Scales and Leather,Mid,"A museum-quality historical artifact illustration of [모작] 승군 철가사 (Lamellar Armor), crafted from Iron Scales and Leather, dating back to Mid Joseon Dynasty. Joseon-era Korean ink-and-wash painting (sumukchaesaek) on aged hanji mulberry paper, muted mineral pigments (malachite green, azurite blue, ochre, cinnabar red, ink black), confident brush strokes with dry-brush texture, soft paper grain, restrained palette, in the manner of Kim Hong-do and Jeong Seon, single object centered, plain warm hanji background, soft ambient occlusion, clean silhouette, game item icon, 1:1 --ar 1:1 --style raw"
mj_bul_armor_5,res://assets/icons/items/mj_bul_armor_5.png,[모작] 사명 금란가사,Lamellar Armor,Iron Scales and Leather,Early,"A museum-quality historical artifact illustration of [모작] 사명 금란가사 (Lamellar Armor), crafted from Iron Scales and Leather, dating back to Early Joseon Dynasty. Joseon-era Korean ink-and-wash painting (sumukchaesaek) on aged hanji mulberry paper, muted mineral pigments (malachite green, azurite blue, ochre, cinnabar red, ink black), confident brush strokes with dry-brush texture, soft paper grain, restrained palette, in the manner of Kim Hong-do and Jeong Seon, single object centered, plain warm hanji background, soft ambient occlusion, clean silhouette, game item icon, 1:1 --ar 1:1 --style raw"
mj_bul_shoes_4,res://assets/icons/items/mj_bul_shoes_4.png,[모작] 행각 철혜,Traditional Boots,Leather and Silk,Mid,"A museum-quality historical artifact illustration of [모작] 행각 철혜 (Traditional Boots), crafted from Leather and Silk, dating back to Mid Joseon Dynasty. Joseon-era Korean ink-and-wash painting (sumukchaesaek) on aged hanji mulberry paper, muted mineral pigments (malachite green, azurite blue, ochre, cinnabar red, ink black), confident brush strokes with dry-brush texture, soft paper grain, restrained palette, in the manner of Kim Hong-do and Jeong Seon, single object centered, plain warm hanji background, soft ambient occlusion, clean silhouette, game item icon, 1:1 --ar 1:1 --style raw"
mj_bul_shoes_5,res://assets/icons/items/mj_bul_shoes_5.png,[모작] 달마 초혜,Traditional Boots,Leather and Silk,Early,"A museum-quality historical artifact illustration of [모작] 달마 초혜 (Traditional Boots), crafted from Leather and Silk, dating back to Early Joseon Dynasty. Joseon-era Korean ink-and-wash painting (sumukchaesaek) on aged hanji mulberry paper, muted mineral pigments (malachite green, azurite blue, ochre, cinnabar red, ink black), confident brush strokes with dry-brush texture, soft paper grain, restrained palette, in the manner of Kim Hong-do and Jeong Seon, single object centered, plain warm hanji background, soft ambient occlusion, clean silhouette, game item icon, 1:1 --ar 1:1 --style raw"
mj_bul_accessory_4,res://assets/icons/items/mj_bul_accessory_4.png,[모작] 사리함 패,Talisman Ornament,Gilt Bronze and Silk Tassel,Mid,"A museum-quality historical artifact illustration of [모작] 사리함 패 (Talisman Ornament), crafted from Gilt Bronze and Silk Tassel, dating back to Mid Joseon Dynasty. Joseon-era Korean ink-and-wash painting (sumukchaesaek) on aged hanji mulberry paper, muted mineral pigments (malachite green, azurite blue, ochre, cinnabar red, ink black), confident brush strokes with dry-brush texture, soft paper grain, restrained palette, in the manner of Kim Hong-do and Jeong Seon, single object centered, plain warm hanji background, soft ambient occlusion, clean silhouette, game item icon, 1:1 --ar 1:1 --style raw"
mj_bul_accessory_5,res://assets/icons/items/mj_bul_accessory_5.png,[모작] 진신사리 패,Talisman Ornament,Gilt Bronze and Silk Tassel,Early,"A museum-quality historical artifact illustration of [모작] 진신사리 패 (Talisman Ornament), crafted from Gilt Bronze and Silk Tassel, dating back to Early Joseon Dynasty. Joseon-era Korean ink-and-wash painting (sumukchaesaek) on aged hanji mulberry paper, muted mineral pigments (malachite green, azurite blue, ochre, cinnabar red, ink black), confident brush strokes with dry-brush texture, soft paper grain, restrained palette, in the manner of Kim Hong-do and Jeong Seon, single object centered, plain warm hanji background, soft ambient occlusion, clean silhouette, game item icon, 1:1 --ar 1:1 --style raw"
mj_seon_weapon_4,res://assets/icons/items/mj_seon_weapon_4.png,[모작] 칠성검,Ceremonial Sword,Forged Steel with Gold Inlay,Mid,"A museum-quality historical artifact illustration of [모작] 칠성검 (Ceremonial Sword), crafted from Forged Steel with Gold Inlay, dating back to Mid Joseon Dynasty. Joseon-era Korean ink-and-wash painting (sumukchaesaek) on aged hanji mulberry paper, muted mineral pigments (malachite green, azurite blue, ochre, cinnabar red, ink black), confident brush strokes with dry-brush texture, soft paper grain, restrained palette, in the manner of Kim Hong-do and Jeong Seon, single object centered, plain warm hanji background, soft ambient occlusion, clean silhouette, game item icon, 1:1 --ar 1:1 --style raw"
mj_seon_weapon_5,res://assets/icons/items/mj_seon_weapon_5.png,[모작] 태을 뇌검,Ceremonial Sword,Forged Steel with Gold Inlay,Early,"A museum-quality historical artifact illustration of [모작] 태을 뇌검 (Ceremonial Sword), crafted from Forged Steel with Gold Inlay, dating back to Early Joseon Dynasty. Joseon-era Korean ink-and-wash painting (sumukchaesaek) on aged hanji mulberry paper, muted mineral pigments (malachite green, azurite blue, ochre, cinnabar red, ink black), confident brush strokes with dry-brush texture, soft paper grain, restrained palette, in the manner of Kim Hong-do and Jeong Seon, single object centered, plain warm hanji background, soft ambient occlusion, clean silhouette, game item icon, 1:1 --ar 1:1 --style raw"
mj_seon_armor_4,res://assets/icons/items/mj_seon_armor_4.png,[모작] 학창의,Lamellar Armor,Iron Scales and Leather,Mid,"A museum-quality historical artifact illustration of [모작] 학창의 (Lamellar Armor), crafted from Iron Scales and Leather, dating back to Mid Joseon Dynasty. Joseon-era Korean ink-and-wash painting (sumukchaesaek) on aged hanji mulberry paper, muted mineral pigments (malachite green, azurite blue, ochre, cinnabar red, ink black), confident brush strokes with dry-brush texture, soft paper grain, restrained palette, in the manner of Kim Hong-do and Jeong Seon, single object centered, plain warm hanji background, soft ambient occlusion, clean silhouette, game item icon, 1:1 --ar 1:1 --style raw"
mj_seon_armor_5,res://assets/icons/items/mj_seon_armor_5.png,[모작] 우의 선포,Lamellar Armor,Iron Scales and Leather,Early,"A museum-quality historical artifact illustration of [모작] 우의 선포 (Lamellar Armor), crafted from Iron Scales and Leather, dating back to Early Joseon Dynasty. Joseon-era Korean ink-and-wash painting (sumukchaesaek) on aged hanji mulberry paper, muted mineral pigments (malachite green, azurite blue, ochre, cinnabar red, ink black), confident brush strokes with dry-brush texture, soft paper grain, restrained palette, in the manner of Kim Hong-do and Jeong Seon, single object centered, plain warm hanji background, soft ambient occlusion, clean silhouette, game item icon, 1:1 --ar 1:1 --style raw"
mj_seon_shoes_4,res://assets/icons/items/mj_seon_shoes_4.png,[모작] 운혜,Traditional Boots,Leather and Silk,Mid,"A museum-quality historical artifact illustration of [모작] 운혜 (Traditional Boots), crafted from Leather and Silk, dating back to Mid Joseon Dynasty. Joseon-era Korean ink-and-wash painting (sumukchaesaek) on aged hanji mulberry paper, muted mineral pigments (malachite green, azurite blue, ochre, cinnabar red, ink black), confident brush strokes with dry-brush texture, soft paper grain, restrained palette, in the manner of Kim Hong-do and Jeong Seon, single object centered, plain warm hanji background, soft ambient occlusion, clean silhouette, game item icon, 1:1 --ar 1:1 --style raw"
mj_seon_shoes_5,res://assets/icons/items/mj_seon_shoes_5.png,[모작] 축지 운리,Traditional Boots,Leather and Silk,Early,"A museum-quality historical artifact illustration of [모작] 축지 운리 (Traditional Boots), crafted from Leather and Silk, dating back to Early Joseon Dynasty. Joseon-era Korean ink-and-wash painting (sumukchaesaek) on aged hanji mulberry paper, muted mineral pigments (malachite green, azurite blue, ochre, cinnabar red, ink black), confident brush strokes with dry-brush texture, soft paper grain, restrained palette, in the manner of Kim Hong-do and Jeong Seon, single object centered, plain warm hanji background, soft ambient occlusion, clean silhouette, game item icon, 1:1 --ar 1:1 --style raw"
mj_seon_accessory_4,res://assets/icons/items/mj_seon_accessory_4.png,[모작] 호로병 패,Talisman Ornament,Gilt Bronze and Silk Tassel,Mid,"A museum-quality historical artifact illustration of [모작] 호로병 패 (Talisman Ornament), crafted from Gilt Bronze and Silk Tassel, dating back to Mid Joseon Dynasty. Joseon-era Korean ink-and-wash painting (sumukchaesaek) on aged hanji mulberry paper, muted mineral pigments (malachite green, azurite blue, ochre, cinnabar red, ink black), confident brush strokes with dry-brush texture, soft paper grain, restrained palette, in the manner of Kim Hong-do and Jeong Seon, single object centered, plain warm hanji background, soft ambient occlusion, clean silhouette, game item icon, 1:1 --ar 1:1 --style raw"
mj_seon_accessory_5,res://assets/icons/items/mj_seon_accessory_5.png,[모작] 선도 복숭아 옥패,Talisman Ornament,Gilt Bronze and Silk Tassel,Early,"A museum-quality historical artifact illustration of [모작] 선도 복숭아 옥패 (Talisman Ornament), crafted from Gilt Bronze and Silk Tassel, dating back to Early Joseon Dynasty. Joseon-era Korean ink-and-wash painting (sumukchaesaek) on aged hanji mulberry paper, muted mineral pigments (malachite green, azurite blue, ochre, cinnabar red, ink black), confident brush strokes with dry-brush texture, soft paper grain, restrained palette, in the manner of Kim Hong-do and Jeong Seon, single object centered, plain warm hanji background, soft ambient occlusion, clean silhouette, game item icon, 1:1 --ar 1:1 --style raw"
mat_iron,res://assets/icons/items/mat_iron.png,무쇠,Craft Raw Material,Natural Material,Late,"A museum-quality historical artifact illustration of 무쇠 (Craft Raw Material), crafted from Natural Material, dating back to Late Joseon Dynasty. Joseon-era Korean ink-and-wash painting (sumukchaesaek) on aged hanji mulberry paper, muted mineral pigments (malachite green, azurite blue, ochre, cinnabar red, ink black), confident brush strokes with dry-brush texture, soft paper grain, restrained palette, in the manner of Kim Hong-do and Jeong Seon, single object centered, plain warm hanji background, soft ambient occlusion, clean silhouette, game item icon, 1:1 --ar 1:1 --style raw"
mat_charcoal,res://assets/icons/items/mat_charcoal.png,참숯,Craft Raw Material,Natural Material,Late,"A museum-quality historical artifact illustration of 참숯 (Craft Raw Material), crafted from Natural Material, dating back to Late Joseon Dynasty. Joseon-era Korean ink-and-wash painting (sumukchaesaek) on aged hanji mulberry paper, muted mineral pigments (malachite green, azurite blue, ochre, cinnabar red, ink black), confident brush strokes with dry-brush texture, soft paper grain, restrained palette, in the manner of Kim Hong-do and Jeong Seon, single object centered, plain warm hanji background, soft ambient occlusion, clean silhouette, game item icon, 1:1 --ar 1:1 --style raw"
mat_cowhide,res://assets/icons/items/mat_cowhide.png,소가죽,Craft Raw Material,Natural Material,Late,"A museum-quality historical artifact illustration of 소가죽 (Craft Raw Material), crafted from Natural Material, dating back to Late Joseon Dynasty. Joseon-era Korean ink-and-wash painting (sumukchaesaek) on aged hanji mulberry paper, muted mineral pigments (malachite green, azurite blue, ochre, cinnabar red, ink black), confident brush strokes with dry-brush texture, soft paper grain, restrained palette, in the manner of Kim Hong-do and Jeong Seon, single object centered, plain warm hanji background, soft ambient occlusion, clean silhouette, game item icon, 1:1 --ar 1:1 --style raw"
mat_fish_glue,res://assets/icons/items/mat_fish_glue.png,어교(민어부레풀),Craft Raw Material,Natural Material,Late,"A museum-quality historical artifact illustration of 어교(민어부레풀) (Craft Raw Material), crafted from Natural Material, dating back to Late Joseon Dynasty. Joseon-era Korean ink-and-wash painting (sumukchaesaek) on aged hanji mulberry paper, muted mineral pigments (malachite green, azurite blue, ochre, cinnabar red, ink black), confident brush strokes with dry-brush texture, soft paper grain, restrained palette, in the manner of Kim Hong-do and Jeong Seon, single object centered, plain warm hanji background, soft ambient occlusion, clean silhouette, game item icon, 1:1 --ar 1:1 --style raw"
mat_lacquer,res://assets/icons/items/mat_lacquer.png,옻칠,Craft Raw Material,Natural Material,Late,"A museum-quality historical artifact illustration of 옻칠 (Craft Raw Material), crafted from Natural Material, dating back to Late Joseon Dynasty. Joseon-era Korean ink-and-wash painting (sumukchaesaek) on aged hanji mulberry paper, muted mineral pigments (malachite green, azurite blue, ochre, cinnabar red, ink black), confident brush strokes with dry-brush texture, soft paper grain, restrained palette, in the manner of Kim Hong-do and Jeong Seon, single object centered, plain warm hanji background, soft ambient occlusion, clean silhouette, game item icon, 1:1 --ar 1:1 --style raw"
mat_mulberry,res://assets/icons/items/mat_mulberry.png,닥나무 껍질,Craft Raw Material,Natural Material,Late,"A museum-quality historical artifact illustration of 닥나무 껍질 (Craft Raw Material), crafted from Natural Material, dating back to Late Joseon Dynasty. Joseon-era Korean ink-and-wash painting (sumukchaesaek) on aged hanji mulberry paper, muted mineral pigments (malachite green, azurite blue, ochre, cinnabar red, ink black), confident brush strokes with dry-brush texture, soft paper grain, restrained palette, in the manner of Kim Hong-do and Jeong Seon, single object centered, plain warm hanji background, soft ambient occlusion, clean silhouette, game item icon, 1:1 --ar 1:1 --style raw"
mat_salt,res://assets/icons/items/mat_salt.png,천일 소금,Craft Raw Material,Natural Material,Late,"A museum-quality historical artifact illustration of 천일 소금 (Craft Raw Material), crafted from Natural Material, dating back to Late Joseon Dynasty. Joseon-era Korean ink-and-wash painting (sumukchaesaek) on aged hanji mulberry paper, muted mineral pigments (malachite green, azurite blue, ochre, cinnabar red, ink black), confident brush strokes with dry-brush texture, soft paper grain, restrained palette, in the manner of Kim Hong-do and Jeong Seon, single object centered, plain warm hanji background, soft ambient occlusion, clean silhouette, game item icon, 1:1 --ar 1:1 --style raw"
mat_cotton,res://assets/icons/items/mat_cotton.png,무명,Craft Raw Material,Natural Material,Late,"A museum-quality historical artifact illustration of 무명 (Craft Raw Material), crafted from Natural Material, dating back to Late Joseon Dynasty. Joseon-era Korean ink-and-wash painting (sumukchaesaek) on aged hanji mulberry paper, muted mineral pigments (malachite green, azurite blue, ochre, cinnabar red, ink black), confident brush strokes with dry-brush texture, soft paper grain, restrained palette, in the manner of Kim Hong-do and Jeong Seon, single object centered, plain warm hanji background, soft ambient occlusion, clean silhouette, game item icon, 1:1 --ar 1:1 --style raw"
mat_hemp,res://assets/icons/items/mat_hemp.png,삼베,Craft Raw Material,Natural Material,Late,"A museum-quality historical artifact illustration of 삼베 (Craft Raw Material), crafted from Natural Material, dating back to Late Joseon Dynasty. Joseon-era Korean ink-and-wash painting (sumukchaesaek) on aged hanji mulberry paper, muted mineral pigments (malachite green, azurite blue, ochre, cinnabar red, ink black), confident brush strokes with dry-brush texture, soft paper grain, restrained palette, in the manner of Kim Hong-do and Jeong Seon, single object centered, plain warm hanji background, soft ambient occlusion, clean silhouette, game item icon, 1:1 --ar 1:1 --style raw"
mat_bamboo,res://assets/icons/items/mat_bamboo.png,대나무,Craft Raw Material,Natural Material,Late,"A museum-quality historical artifact illustration of 대나무 (Craft Raw Material), crafted from Natural Material, dating back to Late Joseon Dynasty. Joseon-era Korean ink-and-wash painting (sumukchaesaek) on aged hanji mulberry paper, muted mineral pigments (malachite green, azurite blue, ochre, cinnabar red, ink black), confident brush strokes with dry-brush texture, soft paper grain, restrained palette, in the manner of Kim Hong-do and Jeong Seon, single object centered, plain warm hanji background, soft ambient occlusion, clean silhouette, game item icon, 1:1 --ar 1:1 --style raw"
mat_ox_horn,res://assets/icons/items/mat_ox_horn.png,물소뿔,Craft Raw Material,Natural Material,Mid,"A museum-quality historical artifact illustration of 물소뿔 (Craft Raw Material), crafted from Natural Material, dating back to Mid Joseon Dynasty. Joseon-era Korean ink-and-wash painting (sumukchaesaek) on aged hanji mulberry paper, muted mineral pigments (malachite green, azurite blue, ochre, cinnabar red, ink black), confident brush strokes with dry-brush texture, soft paper grain, restrained palette, in the manner of Kim Hong-do and Jeong Seon, single object centered, plain warm hanji background, soft ambient occlusion, clean silhouette, game item icon, 1:1 --ar 1:1 --style raw"
mat_copper,res://assets/icons/items/mat_copper.png,구리,Craft Raw Material,Natural Material,Late,"A museum-quality historical artifact illustration of 구리 (Craft Raw Material), crafted from Natural Material, dating back to Late Joseon Dynasty. Joseon-era Korean ink-and-wash painting (sumukchaesaek) on aged hanji mulberry paper, muted mineral pigments (malachite green, azurite blue, ochre, cinnabar red, ink black), confident brush strokes with dry-brush texture, soft paper grain, restrained palette, in the manner of Kim Hong-do and Jeong Seon, single object centered, plain warm hanji background, soft ambient occlusion, clean silhouette, game item icon, 1:1 --ar 1:1 --style raw"
mat_tin,res://assets/icons/items/mat_tin.png,주석,Craft Raw Material,Natural Material,Late,"A museum-quality historical artifact illustration of 주석 (Craft Raw Material), crafted from Natural Material, dating back to Late Joseon Dynasty. Joseon-era Korean ink-and-wash painting (sumukchaesaek) on aged hanji mulberry paper, muted mineral pigments (malachite green, azurite blue, ochre, cinnabar red, ink black), confident brush strokes with dry-brush texture, soft paper grain, restrained palette, in the manner of Kim Hong-do and Jeong Seon, single object centered, plain warm hanji background, soft ambient occlusion, clean silhouette, game item icon, 1:1 --ar 1:1 --style raw"
mat_white_clay,res://assets/icons/items/mat_white_clay.png,백토,Craft Raw Material,Natural Material,Late,"A museum-quality historical artifact illustration of 백토 (Craft Raw Material), crafted from Natural Material, dating back to Late Joseon Dynasty. Joseon-era Korean ink-and-wash painting (sumukchaesaek) on aged hanji mulberry paper, muted mineral pigments (malachite green, azurite blue, ochre, cinnabar red, ink black), confident brush strokes with dry-brush texture, soft paper grain, restrained palette, in the manner of Kim Hong-do and Jeong Seon, single object centered, plain warm hanji background, soft ambient occlusion, clean silhouette, game item icon, 1:1 --ar 1:1 --style raw"
mat_celadon_clay,res://assets/icons/items/mat_celadon_clay.png,청자토,Craft Raw Material,Natural Material,Mid,"A museum-quality historical artifact illustration of 청자토 (Craft Raw Material), crafted from Natural Material, dating back to Mid Joseon Dynasty. Joseon-era Korean ink-and-wash painting (sumukchaesaek) on aged hanji mulberry paper, muted mineral pigments (malachite green, azurite blue, ochre, cinnabar red, ink black), confident brush strokes with dry-brush texture, soft paper grain, restrained palette, in the manner of Kim Hong-do and Jeong Seon, single object centered, plain warm hanji background, soft ambient occlusion, clean silhouette, game item icon, 1:1 --ar 1:1 --style raw"
mat_mother_of_pearl,res://assets/icons/items/mat_mother_of_pearl.png,자개,Craft Raw Material,Natural Material,Mid,"A museum-quality historical artifact illustration of 자개 (Craft Raw Material), crafted from Natural Material, dating back to Mid Joseon Dynasty. Joseon-era Korean ink-and-wash painting (sumukchaesaek) on aged hanji mulberry paper, muted mineral pigments (malachite green, azurite blue, ochre, cinnabar red, ink black), confident brush strokes with dry-brush texture, soft paper grain, restrained palette, in the manner of Kim Hong-do and Jeong Seon, single object centered, plain warm hanji background, soft ambient occlusion, clean silhouette, game item icon, 1:1 --ar 1:1 --style raw"
mat_silk_thread,res://assets/icons/items/mat_silk_thread.png,명주실,Craft Raw Material,Natural Material,Late,"A museum-quality historical artifact illustration of 명주실 (Craft Raw Material), crafted from Natural Material, dating back to Late Joseon Dynasty. Joseon-era Korean ink-and-wash painting (sumukchaesaek) on aged hanji mulberry paper, muted mineral pigments (malachite green, azurite blue, ochre, cinnabar red, ink black), confident brush strokes with dry-brush texture, soft paper grain, restrained palette, in the manner of Kim Hong-do and Jeong Seon, single object centered, plain warm hanji background, soft ambient occlusion, clean silhouette, game item icon, 1:1 --ar 1:1 --style raw"
mat_wood,res://assets/icons/items/mat_wood.png,느티나무 판재,Craft Raw Material,Natural Material,Late,"A museum-quality historical artifact illustration of 느티나무 판재 (Craft Raw Material), crafted from Natural Material, dating back to Late Joseon Dynasty. Joseon-era Korean ink-and-wash painting (sumukchaesaek) on aged hanji mulberry paper, muted mineral pigments (malachite green, azurite blue, ochre, cinnabar red, ink black), confident brush strokes with dry-brush texture, soft paper grain, restrained palette, in the manner of Kim Hong-do and Jeong Seon, single object centered, plain warm hanji background, soft ambient occlusion, clean silhouette, game item icon, 1:1 --ar 1:1 --style raw"
mat_meteor_iron,res://assets/icons/items/mat_meteor_iron.png,운철(별쇠),Craft Raw Material,Natural Material,Early,"A museum-quality historical artifact illustration of 운철(별쇠) (Craft Raw Material), crafted from Natural Material, dating back to Early Joseon Dynasty. Joseon-era Korean ink-and-wash painting (sumukchaesaek) on aged hanji mulberry paper, muted mineral pigments (malachite green, azurite blue, ochre, cinnabar red, ink black), confident brush strokes with dry-brush texture, soft paper grain, restrained palette, in the manner of Kim Hong-do and Jeong Seon, single object centered, plain warm hanji background, soft ambient occlusion, clean silhouette, game item icon, 1:1 --ar 1:1 --style raw"
mat_sarira_crystal,res://assets/icons/items/mat_sarira_crystal.png,사리 수정,Craft Raw Material,Natural Material,Mid,"A museum-quality historical artifact illustration of 사리 수정 (Craft Raw Material), crafted from Natural Material, dating back to Mid Joseon Dynasty. Joseon-era Korean ink-and-wash painting (sumukchaesaek) on aged hanji mulberry paper, muted mineral pigments (malachite green, azurite blue, ochre, cinnabar red, ink black), confident brush strokes with dry-brush texture, soft paper grain, restrained palette, in the manner of Kim Hong-do and Jeong Seon, single object centered, plain warm hanji background, soft ambient occlusion, clean silhouette, game item icon, 1:1 --ar 1:1 --style raw"
mat_cinnabar,res://assets/icons/items/mat_cinnabar.png,경면주사,Craft Raw Material,Natural Material,Mid,"A museum-quality historical artifact illustration of 경면주사 (Craft Raw Material), crafted from Natural Material, dating back to Mid Joseon Dynasty. Joseon-era Korean ink-and-wash painting (sumukchaesaek) on aged hanji mulberry paper, muted mineral pigments (malachite green, azurite blue, ochre, cinnabar red, ink black), confident brush strokes with dry-brush texture, soft paper grain, restrained palette, in the manner of Kim Hong-do and Jeong Seon, single object centered, plain warm hanji background, soft ambient occlusion, clean silhouette, game item icon, 1:1 --ar 1:1 --style raw"
item_torch,res://assets/icons/items/item_torch.png,관솔 횃불,Craft Raw Material,Natural Material,Late,"A museum-quality historical artifact illustration of 관솔 횃불 (Craft Raw Material), crafted from Natural Material, dating back to Late Joseon Dynasty. Joseon-era Korean ink-and-wash painting (sumukchaesaek) on aged hanji mulberry paper, muted mineral pigments (malachite green, azurite blue, ochre, cinnabar red, ink black), confident brush strokes with dry-brush texture, soft paper grain, restrained palette, in the manner of Kim Hong-do and Jeong Seon, single object centered, plain warm hanji background, soft ambient occlusion, clean silhouette, game item icon, 1:1 --ar 1:1 --style raw"
item_tonghaengjeung,res://assets/icons/items/item_tonghaengjeung.png,관문 통행증,Craft Raw Material,Natural Material,Late,"A museum-quality historical artifact illustration of 관문 통행증 (Craft Raw Material), crafted from Natural Material, dating back to Late Joseon Dynasty. Joseon-era Korean ink-and-wash painting (sumukchaesaek) on aged hanji mulberry paper, muted mineral pigments (malachite green, azurite blue, ochre, cinnabar red, ink black), confident brush strokes with dry-brush texture, soft paper grain, restrained palette, in the manner of Kim Hong-do and Jeong Seon, single object centered, plain warm hanji background, soft ambient occlusion, clean silhouette, game item icon, 1:1 --ar 1:1 --style raw"
item_bait,res://assets/icons/items/item_bait.png,짐승 먹이 미끼,Craft Raw Material,Natural Material,Late,"A museum-quality historical artifact illustration of 짐승 먹이 미끼 (Craft Raw Material), crafted from Natural Material, dating back to Late Joseon Dynasty. Joseon-era Korean ink-and-wash painting (sumukchaesaek) on aged hanji mulberry paper, muted mineral pigments (malachite green, azurite blue, ochre, cinnabar red, ink black), confident brush strokes with dry-brush texture, soft paper grain, restrained palette, in the manner of Kim Hong-do and Jeong Seon, single object centered, plain warm hanji background, soft ambient occlusion, clean silhouette, game item icon, 1:1 --ar 1:1 --style raw"
item_tent,res://assets/icons/items/item_tent.png,노숙 텐트(초막),Craft Raw Material,Natural Material,Late,"A museum-quality historical artifact illustration of 노숙 텐트(초막) (Craft Raw Material), crafted from Natural Material, dating back to Late Joseon Dynasty. Joseon-era Korean ink-and-wash painting (sumukchaesaek) on aged hanji mulberry paper, muted mineral pigments (malachite green, azurite blue, ochre, cinnabar red, ink black), confident brush strokes with dry-brush texture, soft paper grain, restrained palette, in the manner of Kim Hong-do and Jeong Seon, single object centered, plain warm hanji background, soft ambient occlusion, clean silhouette, game item icon, 1:1 --ar 1:1 --style raw"
item_chebak,res://assets/icons/items/item_chebak.png,대문에 거는 체,Craft Raw Material,Natural Material,Late,"A museum-quality historical artifact illustration of 대문에 거는 체 (Craft Raw Material), crafted from Natural Material, dating back to Late Joseon Dynasty. Joseon-era Korean ink-and-wash painting (sumukchaesaek) on aged hanji mulberry paper, muted mineral pigments (malachite green, azurite blue, ochre, cinnabar red, ink black), confident brush strokes with dry-brush texture, soft paper grain, restrained palette, in the manner of Kim Hong-do and Jeong Seon, single object centered, plain warm hanji background, soft ambient occlusion, clean silhouette, game item icon, 1:1 --ar 1:1 --style raw"
mat_jang,res://assets/icons/items/mat_jang.png,장(간장·된장),Craft Raw Material,Natural Material,Late,"A museum-quality historical artifact illustration of 장(간장·된장) (Craft Raw Material), crafted from Natural Material, dating back to Late Joseon Dynasty. Joseon-era Korean ink-and-wash painting (sumukchaesaek) on aged hanji mulberry paper, muted mineral pigments (malachite green, azurite blue, ochre, cinnabar red, ink black), confident brush strokes with dry-brush texture, soft paper grain, restrained palette, in the manner of Kim Hong-do and Jeong Seon, single object centered, plain warm hanji background, soft ambient occlusion, clean silhouette, game item icon, 1:1 --ar 1:1 --style raw"
mat_songyeon,res://assets/icons/items/mat_songyeon.png,송연(松煙),Craft Raw Material,Natural Material,Late,"A museum-quality historical artifact illustration of 송연(松煙) (Craft Raw Material), crafted from Natural Material, dating back to Late Joseon Dynasty. Joseon-era Korean ink-and-wash painting (sumukchaesaek) on aged hanji mulberry paper, muted mineral pigments (malachite green, azurite blue, ochre, cinnabar red, ink black), confident brush strokes with dry-brush texture, soft paper grain, restrained palette, in the manner of Kim Hong-do and Jeong Seon, single object centered, plain warm hanji background, soft ambient occlusion, clean silhouette, game item icon, 1:1 --ar 1:1 --style raw"
food_rice,res://assets/icons/items/food_rice.png,백미 한 섬,Traditional Korean Dish,Brassware and Porcelain Bowl,Late,"A museum-quality historical artifact illustration of 백미 한 섬 (Traditional Korean Dish), crafted from Brassware and Porcelain Bowl, dating back to Late Joseon Dynasty. Joseon-era Korean ink-and-wash painting (sumukchaesaek) on aged hanji mulberry paper, muted mineral pigments (malachite green, azurite blue, ochre, cinnabar red, ink black), confident brush strokes with dry-brush texture, soft paper grain, restrained palette, in the manner of Kim Hong-do and Jeong Seon, single object centered, plain warm hanji background, soft ambient occlusion, clean silhouette, game item icon, 1:1 --ar 1:1 --style raw"
food_barley,res://assets/icons/items/food_barley.png,보리 한 섬,Traditional Korean Dish,Brassware and Porcelain Bowl,Late,"A museum-quality historical artifact illustration of 보리 한 섬 (Traditional Korean Dish), crafted from Brassware and Porcelain Bowl, dating back to Late Joseon Dynasty. Joseon-era Korean ink-and-wash painting (sumukchaesaek) on aged hanji mulberry paper, muted mineral pigments (malachite green, azurite blue, ochre, cinnabar red, ink black), confident brush strokes with dry-brush texture, soft paper grain, restrained palette, in the manner of Kim Hong-do and Jeong Seon, single object centered, plain warm hanji background, soft ambient occlusion, clean silhouette, game item icon, 1:1 --ar 1:1 --style raw"
food_millet,res://assets/icons/items/food_millet.png,조 한 섬,Traditional Korean Dish,Brassware and Porcelain Bowl,Late,"A museum-quality historical artifact illustration of 조 한 섬 (Traditional Korean Dish), crafted from Brassware and Porcelain Bowl, dating back to Late Joseon Dynasty. Joseon-era Korean ink-and-wash painting (sumukchaesaek) on aged hanji mulberry paper, muted mineral pigments (malachite green, azurite blue, ochre, cinnabar red, ink black), confident brush strokes with dry-brush texture, soft paper grain, restrained palette, in the manner of Kim Hong-do and Jeong Seon, single object centered, plain warm hanji background, soft ambient occlusion, clean silhouette, game item icon, 1:1 --ar 1:1 --style raw"
food_acorn,res://assets/icons/items/food_acorn.png,도토리,Traditional Korean Dish,Brassware and Porcelain Bowl,Late,"A museum-quality historical artifact illustration of 도토리 (Traditional Korean Dish), crafted from Brassware and Porcelain Bowl, dating back to Late Joseon Dynasty. Joseon-era Korean ink-and-wash painting (sumukchaesaek) on aged hanji mulberry paper, muted mineral pigments (malachite green, azurite blue, ochre, cinnabar red, ink black), confident brush strokes with dry-brush texture, soft paper grain, restrained palette, in the manner of Kim Hong-do and Jeong Seon, single object centered, plain warm hanji background, soft ambient occlusion, clean silhouette, game item icon, 1:1 --ar 1:1 --style raw"
food_kudzu,res://assets/icons/items/food_kudzu.png,칡뿌리,Traditional Korean Dish,Brassware and Porcelain Bowl,Late,"A museum-quality historical artifact illustration of 칡뿌리 (Traditional Korean Dish), crafted from Brassware and Porcelain Bowl, dating back to Late Joseon Dynasty. Joseon-era Korean ink-and-wash painting (sumukchaesaek) on aged hanji mulberry paper, muted mineral pigments (malachite green, azurite blue, ochre, cinnabar red, ink black), confident brush strokes with dry-brush texture, soft paper grain, restrained palette, in the manner of Kim Hong-do and Jeong Seon, single object centered, plain warm hanji background, soft ambient occlusion, clean silhouette, game item icon, 1:1 --ar 1:1 --style raw"
food_songgi,res://assets/icons/items/food_songgi.png,송기(소나무 속껍질),Traditional Korean Dish,Brassware and Porcelain Bowl,Late,"A museum-quality historical artifact illustration of 송기(소나무 속껍질) (Traditional Korean Dish), crafted from Brassware and Porcelain Bowl, dating back to Late Joseon Dynasty. Joseon-era Korean ink-and-wash painting (sumukchaesaek) on aged hanji mulberry paper, muted mineral pigments (malachite green, azurite blue, ochre, cinnabar red, ink black), confident brush strokes with dry-brush texture, soft paper grain, restrained palette, in the manner of Kim Hong-do and Jeong Seon, single object centered, plain warm hanji background, soft ambient occlusion, clean silhouette, game item icon, 1:1 --ar 1:1 --style raw"
food_buckwheat,res://assets/icons/items/food_buckwheat.png,메밀,Traditional Korean Dish,Brassware and Porcelain Bowl,Late,"A museum-quality historical artifact illustration of 메밀 (Traditional Korean Dish), crafted from Brassware and Porcelain Bowl, dating back to Late Joseon Dynasty. Joseon-era Korean ink-and-wash painting (sumukchaesaek) on aged hanji mulberry paper, muted mineral pigments (malachite green, azurite blue, ochre, cinnabar red, ink black), confident brush strokes with dry-brush texture, soft paper grain, restrained palette, in the manner of Kim Hong-do and Jeong Seon, single object centered, plain warm hanji background, soft ambient occlusion, clean silhouette, game item icon, 1:1 --ar 1:1 --style raw"
food_hare,res://assets/icons/items/food_hare.png,산토끼 고기,Traditional Korean Dish,Brassware and Porcelain Bowl,Late,"A museum-quality historical artifact illustration of 산토끼 고기 (Traditional Korean Dish), crafted from Brassware and Porcelain Bowl, dating back to Late Joseon Dynasty. Joseon-era Korean ink-and-wash painting (sumukchaesaek) on aged hanji mulberry paper, muted mineral pigments (malachite green, azurite blue, ochre, cinnabar red, ink black), confident brush strokes with dry-brush texture, soft paper grain, restrained palette, in the manner of Kim Hong-do and Jeong Seon, single object centered, plain warm hanji background, soft ambient occlusion, clean silhouette, game item icon, 1:1 --ar 1:1 --style raw"
food_pheasant,res://assets/icons/items/food_pheasant.png,꿩고기,Traditional Korean Dish,Brassware and Porcelain Bowl,Late,"A museum-quality historical artifact illustration of 꿩고기 (Traditional Korean Dish), crafted from Brassware and Porcelain Bowl, dating back to Late Joseon Dynasty. Joseon-era Korean ink-and-wash painting (sumukchaesaek) on aged hanji mulberry paper, muted mineral pigments (malachite green, azurite blue, ochre, cinnabar red, ink black), confident brush strokes with dry-brush texture, soft paper grain, restrained palette, in the manner of Kim Hong-do and Jeong Seon, single object centered, plain warm hanji background, soft ambient occlusion, clean silhouette, game item icon, 1:1 --ar 1:1 --style raw"
food_boar,res://assets/icons/items/food_boar.png,멧돼지 고기,Traditional Korean Dish,Brassware and Porcelain Bowl,Mid,"A museum-quality historical artifact illustration of 멧돼지 고기 (Traditional Korean Dish), crafted from Brassware and Porcelain Bowl, dating back to Mid Joseon Dynasty. Joseon-era Korean ink-and-wash painting (sumukchaesaek) on aged hanji mulberry paper, muted mineral pigments (malachite green, azurite blue, ochre, cinnabar red, ink black), confident brush strokes with dry-brush texture, soft paper grain, restrained palette, in the manner of Kim Hong-do and Jeong Seon, single object centered, plain warm hanji background, soft ambient occlusion, clean silhouette, game item icon, 1:1 --ar 1:1 --style raw"
food_bear,res://assets/icons/items/food_bear.png,반달곰 고기,Traditional Korean Dish,Brassware and Porcelain Bowl,Mid,"A museum-quality historical artifact illustration of 반달곰 고기 (Traditional Korean Dish), crafted from Brassware and Porcelain Bowl, dating back to Mid Joseon Dynasty. Joseon-era Korean ink-and-wash painting (sumukchaesaek) on aged hanji mulberry paper, muted mineral pigments (malachite green, azurite blue, ochre, cinnabar red, ink black), confident brush strokes with dry-brush texture, soft paper grain, restrained palette, in the manner of Kim Hong-do and Jeong Seon, single object centered, plain warm hanji background, soft ambient occlusion, clean silhouette, game item icon, 1:1 --ar 1:1 --style raw"
food_white_deer,res://assets/icons/items/food_white_deer.png,백두 백록 고기,Traditional Korean Dish,Brassware and Porcelain Bowl,Early,"A museum-quality historical artifact illustration of 백두 백록 고기 (Traditional Korean Dish), crafted from Brassware and Porcelain Bowl, dating back to Early Joseon Dynasty. Joseon-era Korean ink-and-wash painting (sumukchaesaek) on aged hanji mulberry paper, muted mineral pigments (malachite green, azurite blue, ochre, cinnabar red, ink black), confident brush strokes with dry-brush texture, soft paper grain, restrained palette, in the manner of Kim Hong-do and Jeong Seon, single object centered, plain warm hanji background, soft ambient occlusion, clean silhouette, game item icon, 1:1 --ar 1:1 --style raw"
food_geonryang,res://assets/icons/items/food_geonryang.png,건량(미숫가루) 한 봉,Traditional Korean Dish,Brassware and Porcelain Bowl,Late,"A museum-quality historical artifact illustration of 건량(미숫가루) 한 봉 (Traditional Korean Dish), crafted from Brassware and Porcelain Bowl, dating back to Late Joseon Dynasty. Joseon-era Korean ink-and-wash painting (sumukchaesaek) on aged hanji mulberry paper, muted mineral pigments (malachite green, azurite blue, ochre, cinnabar red, ink black), confident brush strokes with dry-brush texture, soft paper grain, restrained palette, in the manner of Kim Hong-do and Jeong Seon, single object centered, plain warm hanji background, soft ambient occlusion, clean silhouette, game item icon, 1:1 --ar 1:1 --style raw"
food_nurungji,res://assets/icons/items/food_nurungji.png,누룽지 한 덩이,Traditional Korean Dish,Brassware and Porcelain Bowl,Late,"A museum-quality historical artifact illustration of 누룽지 한 덩이 (Traditional Korean Dish), crafted from Brassware and Porcelain Bowl, dating back to Late Joseon Dynasty. Joseon-era Korean ink-and-wash painting (sumukchaesaek) on aged hanji mulberry paper, muted mineral pigments (malachite green, azurite blue, ochre, cinnabar red, ink black), confident brush strokes with dry-brush texture, soft paper grain, restrained palette, in the manner of Kim Hong-do and Jeong Seon, single object centered, plain warm hanji background, soft ambient occlusion, clean silhouette, game item icon, 1:1 --ar 1:1 --style raw"
food_yukpo,res://assets/icons/items/food_yukpo.png,육포,Traditional Korean Dish,Brassware and Porcelain Bowl,Late,"A museum-quality historical artifact illustration of 육포 (Traditional Korean Dish), crafted from Brassware and Porcelain Bowl, dating back to Late Joseon Dynasty. Joseon-era Korean ink-and-wash painting (sumukchaesaek) on aged hanji mulberry paper, muted mineral pigments (malachite green, azurite blue, ochre, cinnabar red, ink black), confident brush strokes with dry-brush texture, soft paper grain, restrained palette, in the manner of Kim Hong-do and Jeong Seon, single object centered, plain warm hanji background, soft ambient occlusion, clean silhouette, game item icon, 1:1 --ar 1:1 --style raw"
food_rice_mal,res://assets/icons/items/food_rice_mal.png,백미 한 말,Traditional Korean Dish,Brassware and Porcelain Bowl,Late,"A museum-quality historical artifact illustration of 백미 한 말 (Traditional Korean Dish), crafted from Brassware and Porcelain Bowl, dating back to Late Joseon Dynasty. Joseon-era Korean ink-and-wash painting (sumukchaesaek) on aged hanji mulberry paper, muted mineral pigments (malachite green, azurite blue, ochre, cinnabar red, ink black), confident brush strokes with dry-brush texture, soft paper grain, restrained palette, in the manner of Kim Hong-do and Jeong Seon, single object centered, plain warm hanji background, soft ambient occlusion, clean silhouette, game item icon, 1:1 --ar 1:1 --style raw"
food_barley_mal,res://assets/icons/items/food_barley_mal.png,보리 한 말,Traditional Korean Dish,Brassware and Porcelain Bowl,Late,"A museum-quality historical artifact illustration of 보리 한 말 (Traditional Korean Dish), crafted from Brassware and Porcelain Bowl, dating back to Late Joseon Dynasty. Joseon-era Korean ink-and-wash painting (sumukchaesaek) on aged hanji mulberry paper, muted mineral pigments (malachite green, azurite blue, ochre, cinnabar red, ink black), confident brush strokes with dry-brush texture, soft paper grain, restrained palette, in the manner of Kim Hong-do and Jeong Seon, single object centered, plain warm hanji background, soft ambient occlusion, clean silhouette, game item icon, 1:1 --ar 1:1 --style raw"
food_millet_mal,res://assets/icons/items/food_millet_mal.png,조 한 말,Traditional Korean Dish,Brassware and Porcelain Bowl,Late,"A museum-quality historical artifact illustration of 조 한 말 (Traditional Korean Dish), crafted from Brassware and Porcelain Bowl, dating back to Late Joseon Dynasty. Joseon-era Korean ink-and-wash painting (sumukchaesaek) on aged hanji mulberry paper, muted mineral pigments (malachite green, azurite blue, ochre, cinnabar red, ink black), confident brush strokes with dry-brush texture, soft paper grain, restrained palette, in the manner of Kim Hong-do and Jeong Seon, single object centered, plain warm hanji background, soft ambient occlusion, clean silhouette, game item icon, 1:1 --ar 1:1 --style raw"
food_beef,res://assets/icons/items/food_beef.png,쇠고기,Traditional Korean Dish,Brassware and Porcelain Bowl,Late,"A museum-quality historical artifact illustration of 쇠고기 (Traditional Korean Dish), crafted from Brassware and Porcelain Bowl, dating back to Late Joseon Dynasty. Joseon-era Korean ink-and-wash painting (sumukchaesaek) on aged hanji mulberry paper, muted mineral pigments (malachite green, azurite blue, ochre, cinnabar red, ink black), confident brush strokes with dry-brush texture, soft paper grain, restrained palette, in the manner of Kim Hong-do and Jeong Seon, single object centered, plain warm hanji background, soft ambient occlusion, clean silhouette, game item icon, 1:1 --ar 1:1 --style raw"
food_kongnamul,res://assets/icons/items/food_kongnamul.png,콩나물,Traditional Korean Dish,Brassware and Porcelain Bowl,Late,"A museum-quality historical artifact illustration of 콩나물 (Traditional Korean Dish), crafted from Brassware and Porcelain Bowl, dating back to Late Joseon Dynasty. Joseon-era Korean ink-and-wash painting (sumukchaesaek) on aged hanji mulberry paper, muted mineral pigments (malachite green, azurite blue, ochre, cinnabar red, ink black), confident brush strokes with dry-brush texture, soft paper grain, restrained palette, in the manner of Kim Hong-do and Jeong Seon, single object centered, plain warm hanji background, soft ambient occlusion, clean silhouette, game item icon, 1:1 --ar 1:1 --style raw"
sp_jeonju_hanji,res://assets/icons/items/sp_jeonju_hanji.png,전주 한지,Crafted Specialty Goods,Traditional Handcraft Materials,Late,"A museum-quality historical artifact illustration of 전주 한지 (Crafted Specialty Goods), crafted from Traditional Handcraft Materials, dating back to Late Joseon Dynasty. Joseon-era Korean ink-and-wash painting (sumukchaesaek) on aged hanji mulberry paper, muted mineral pigments (malachite green, azurite blue, ochre, cinnabar red, ink black), confident brush strokes with dry-brush texture, soft paper grain, restrained palette, in the manner of Kim Hong-do and Jeong Seon, single object centered, plain warm hanji background, soft ambient occlusion, clean silhouette, game item icon, 1:1 --ar 1:1 --style raw"
sp_hansan_mosi,res://assets/icons/items/sp_hansan_mosi.png,한산 모시,Crafted Specialty Goods,Traditional Handcraft Materials,Late,"A museum-quality historical artifact illustration of 한산 모시 (Crafted Specialty Goods), crafted from Traditional Handcraft Materials, dating back to Late Joseon Dynasty. Joseon-era Korean ink-and-wash painting (sumukchaesaek) on aged hanji mulberry paper, muted mineral pigments (malachite green, azurite blue, ochre, cinnabar red, ink black), confident brush strokes with dry-brush texture, soft paper grain, restrained palette, in the manner of Kim Hong-do and Jeong Seon, single object centered, plain warm hanji background, soft ambient occlusion, clean silhouette, game item icon, 1:1 --ar 1:1 --style raw"
sp_andong_po,res://assets/icons/items/sp_andong_po.png,안동포,Crafted Specialty Goods,Traditional Handcraft Materials,Late,"A museum-quality historical artifact illustration of 안동포 (Crafted Specialty Goods), crafted from Traditional Handcraft Materials, dating back to Late Joseon Dynasty. Joseon-era Korean ink-and-wash painting (sumukchaesaek) on aged hanji mulberry paper, muted mineral pigments (malachite green, azurite blue, ochre, cinnabar red, ink black), confident brush strokes with dry-brush texture, soft paper grain, restrained palette, in the manner of Kim Hong-do and Jeong Seon, single object centered, plain warm hanji background, soft ambient occlusion, clean silhouette, game item icon, 1:1 --ar 1:1 --style raw"
sp_damyang_bamboo,res://assets/icons/items/sp_damyang_bamboo.png,담양 죽물,Crafted Specialty Goods,Traditional Handcraft Materials,Late,"A museum-quality historical artifact illustration of 담양 죽물 (Crafted Specialty Goods), crafted from Traditional Handcraft Materials, dating back to Late Joseon Dynasty. Joseon-era Korean ink-and-wash painting (sumukchaesaek) on aged hanji mulberry paper, muted mineral pigments (malachite green, azurite blue, ochre, cinnabar red, ink black), confident brush strokes with dry-brush texture, soft paper grain, restrained palette, in the manner of Kim Hong-do and Jeong Seon, single object centered, plain warm hanji background, soft ambient occlusion, clean silhouette, game item icon, 1:1 --ar 1:1 --style raw"
sp_yeonggwang_gulbi,res://assets/icons/items/sp_yeonggwang_gulbi.png,영광 굴비,Crafted Specialty Goods,Traditional Handcraft Materials,Late,"A museum-quality historical artifact illustration of 영광 굴비 (Crafted Specialty Goods), crafted from Traditional Handcraft Materials, dating back to Late Joseon Dynasty. Joseon-era Korean ink-and-wash painting (sumukchaesaek) on aged hanji mulberry paper, muted mineral pigments (malachite green, azurite blue, ochre, cinnabar red, ink black), confident brush strokes with dry-brush texture, soft paper grain, restrained palette, in the manner of Kim Hong-do and Jeong Seon, single object centered, plain warm hanji background, soft ambient occlusion, clean silhouette, game item icon, 1:1 --ar 1:1 --style raw"
sp_gaeseong_insam,res://assets/icons/items/sp_gaeseong_insam.png,개성 인삼(開城人蔘),Crafted Specialty Goods,Traditional Handcraft Materials,Late,"A museum-quality historical artifact illustration of 개성 인삼(開城人蔘) (Crafted Specialty Goods), crafted from Traditional Handcraft Materials, dating back to Late Joseon Dynasty. Joseon-era Korean ink-and-wash painting (sumukchaesaek) on aged hanji mulberry paper, muted mineral pigments (malachite green, azurite blue, ochre, cinnabar red, ink black), confident brush strokes with dry-brush texture, soft paper grain, restrained palette, in the manner of Kim Hong-do and Jeong Seon, single object centered, plain warm hanji background, soft ambient occlusion, clean silhouette, game item icon, 1:1 --ar 1:1 --style raw"
sp_gaeseong_hongsam,res://assets/icons/items/sp_gaeseong_hongsam.png,개성 인삼 상품,Crafted Specialty Goods,Traditional Handcraft Materials,Mid,"A museum-quality historical artifact illustration of 개성 인삼 상품 (Crafted Specialty Goods), crafted from Traditional Handcraft Materials, dating back to Mid Joseon Dynasty. Joseon-era Korean ink-and-wash painting (sumukchaesaek) on aged hanji mulberry paper, muted mineral pigments (malachite green, azurite blue, ochre, cinnabar red, ink black), confident brush strokes with dry-brush texture, soft paper grain, restrained palette, in the manner of Kim Hong-do and Jeong Seon, single object centered, plain warm hanji background, soft ambient occlusion, clean silhouette, game item icon, 1:1 --ar 1:1 --style raw"
sp_jeju_gamgyul,res://assets/icons/items/sp_jeju_gamgyul.png,제주 진상 감귤,Crafted Specialty Goods,Traditional Handcraft Materials,Mid,"A museum-quality historical artifact illustration of 제주 진상 감귤 (Crafted Specialty Goods), crafted from Traditional Handcraft Materials, dating back to Mid Joseon Dynasty. Joseon-era Korean ink-and-wash painting (sumukchaesaek) on aged hanji mulberry paper, muted mineral pigments (malachite green, azurite blue, ochre, cinnabar red, ink black), confident brush strokes with dry-brush texture, soft paper grain, restrained palette, in the manner of Kim Hong-do and Jeong Seon, single object centered, plain warm hanji background, soft ambient occlusion, clean silhouette, game item icon, 1:1 --ar 1:1 --style raw"
sp_hamgyeong_myeongtae,res://assets/icons/items/sp_hamgyeong_myeongtae.png,북관 명태,Crafted Specialty Goods,Traditional Handcraft Materials,Late,"A museum-quality historical artifact illustration of 북관 명태 (Crafted Specialty Goods), crafted from Traditional Handcraft Materials, dating back to Late Joseon Dynasty. Joseon-era Korean ink-and-wash painting (sumukchaesaek) on aged hanji mulberry paper, muted mineral pigments (malachite green, azurite blue, ochre, cinnabar red, ink black), confident brush strokes with dry-brush texture, soft paper grain, restrained palette, in the manner of Kim Hong-do and Jeong Seon, single object centered, plain warm hanji background, soft ambient occlusion, clean silhouette, game item icon, 1:1 --ar 1:1 --style raw"
sp_ganghwa_hwamunseok,res://assets/icons/items/sp_ganghwa_hwamunseok.png,강화 화문석,Crafted Specialty Goods,Traditional Handcraft Materials,Mid,"A museum-quality historical artifact illustration of 강화 화문석 (Crafted Specialty Goods), crafted from Traditional Handcraft Materials, dating back to Mid Joseon Dynasty. Joseon-era Korean ink-and-wash painting (sumukchaesaek) on aged hanji mulberry paper, muted mineral pigments (malachite green, azurite blue, ochre, cinnabar red, ink black), confident brush strokes with dry-brush texture, soft paper grain, restrained palette, in the manner of Kim Hong-do and Jeong Seon, single object centered, plain warm hanji background, soft ambient occlusion, clean silhouette, game item icon, 1:1 --ar 1:1 --style raw"
sp_anseong_yugi,res://assets/icons/items/sp_anseong_yugi.png,안성 유기,Crafted Specialty Goods,Traditional Handcraft Materials,Late,"A museum-quality historical artifact illustration of 안성 유기 (Crafted Specialty Goods), crafted from Traditional Handcraft Materials, dating back to Late Joseon Dynasty. Joseon-era Korean ink-and-wash painting (sumukchaesaek) on aged hanji mulberry paper, muted mineral pigments (malachite green, azurite blue, ochre, cinnabar red, ink black), confident brush strokes with dry-brush texture, soft paper grain, restrained palette, in the manner of Kim Hong-do and Jeong Seon, single object centered, plain warm hanji background, soft ambient occlusion, clean silhouette, game item icon, 1:1 --ar 1:1 --style raw"
sp_uljin_daege,res://assets/icons/items/sp_uljin_daege.png,울진 대게,Crafted Specialty Goods,Traditional Handcraft Materials,Late,"A museum-quality historical artifact illustration of 울진 대게 (Crafted Specialty Goods), crafted from Traditional Handcraft Materials, dating back to Late Joseon Dynasty. Joseon-era Korean ink-and-wash painting (sumukchaesaek) on aged hanji mulberry paper, muted mineral pigments (malachite green, azurite blue, ochre, cinnabar red, ink black), confident brush strokes with dry-brush texture, soft paper grain, restrained palette, in the manner of Kim Hong-do and Jeong Seon, single object centered, plain warm hanji background, soft ambient occlusion, clean silhouette, game item icon, 1:1 --ar 1:1 --style raw"
sp_boeun_daechu,res://assets/icons/items/sp_boeun_daechu.png,보은 대추,Crafted Specialty Goods,Traditional Handcraft Materials,Late,"A museum-quality historical artifact illustration of 보은 대추 (Crafted Specialty Goods), crafted from Traditional Handcraft Materials, dating back to Late Joseon Dynasty. Joseon-era Korean ink-and-wash painting (sumukchaesaek) on aged hanji mulberry paper, muted mineral pigments (malachite green, azurite blue, ochre, cinnabar red, ink black), confident brush strokes with dry-brush texture, soft paper grain, restrained palette, in the manner of Kim Hong-do and Jeong Seon, single object centered, plain warm hanji background, soft ambient occlusion, clean silhouette, game item icon, 1:1 --ar 1:1 --style raw"
sp_gochang_bokbunja,res://assets/icons/items/sp_gochang_bokbunja.png,고창 복분자주,Crafted Specialty Goods,Traditional Handcraft Materials,Late,"A museum-quality historical artifact illustration of 고창 복분자주 (Crafted Specialty Goods), crafted from Traditional Handcraft Materials, dating back to Late Joseon Dynasty. Joseon-era Korean ink-and-wash painting (sumukchaesaek) on aged hanji mulberry paper, muted mineral pigments (malachite green, azurite blue, ochre, cinnabar red, ink black), confident brush strokes with dry-brush texture, soft paper grain, restrained palette, in the manner of Kim Hong-do and Jeong Seon, single object centered, plain warm hanji background, soft ambient occlusion, clean silhouette, game item icon, 1:1 --ar 1:1 --style raw"
sp_sangju_gotgam,res://assets/icons/items/sp_sangju_gotgam.png,상주 곶감,Crafted Specialty Goods,Traditional Handcraft Materials,Late,"A museum-quality historical artifact illustration of 상주 곶감 (Crafted Specialty Goods), crafted from Traditional Handcraft Materials, dating back to Late Joseon Dynasty. Joseon-era Korean ink-and-wash painting (sumukchaesaek) on aged hanji mulberry paper, muted mineral pigments (malachite green, azurite blue, ochre, cinnabar red, ink black), confident brush strokes with dry-brush texture, soft paper grain, restrained palette, in the manner of Kim Hong-do and Jeong Seon, single object centered, plain warm hanji background, soft ambient occlusion, clean silhouette, game item icon, 1:1 --ar 1:1 --style raw"
sp_haeju_meok,res://assets/icons/items/sp_haeju_meok.png,해주 먹,Crafted Specialty Goods,Traditional Handcraft Materials,Mid,"A museum-quality historical artifact illustration of 해주 먹 (Crafted Specialty Goods), crafted from Traditional Handcraft Materials, dating back to Mid Joseon Dynasty. Joseon-era Korean ink-and-wash painting (sumukchaesaek) on aged hanji mulberry paper, muted mineral pigments (malachite green, azurite blue, ochre, cinnabar red, ink black), confident brush strokes with dry-brush texture, soft paper grain, restrained palette, in the manner of Kim Hong-do and Jeong Seon, single object centered, plain warm hanji background, soft ambient occlusion, clean silhouette, game item icon, 1:1 --ar 1:1 --style raw"
sp_bongsan_bae,res://assets/icons/items/sp_bongsan_bae.png,봉산 참배,Crafted Specialty Goods,Traditional Handcraft Materials,Late,"A museum-quality historical artifact illustration of 봉산 참배 (Crafted Specialty Goods), crafted from Traditional Handcraft Materials, dating back to Late Joseon Dynasty. Joseon-era Korean ink-and-wash painting (sumukchaesaek) on aged hanji mulberry paper, muted mineral pigments (malachite green, azurite blue, ochre, cinnabar red, ink black), confident brush strokes with dry-brush texture, soft paper grain, restrained palette, in the manner of Kim Hong-do and Jeong Seon, single object centered, plain warm hanji background, soft ambient occlusion, clean silhouette, game item icon, 1:1 --ar 1:1 --style raw"
sp_pyeongyang_chilgi,res://assets/icons/items/sp_pyeongyang_chilgi.png,평양 칠기,Crafted Specialty Goods,Traditional Handcraft Materials,Mid,"A museum-quality historical artifact illustration of 평양 칠기 (Crafted Specialty Goods), crafted from Traditional Handcraft Materials, dating back to Mid Joseon Dynasty. Joseon-era Korean ink-and-wash painting (sumukchaesaek) on aged hanji mulberry paper, muted mineral pigments (malachite green, azurite blue, ochre, cinnabar red, ink black), confident brush strokes with dry-brush texture, soft paper grain, restrained palette, in the manner of Kim Hong-do and Jeong Seon, single object centered, plain warm hanji background, soft ambient occlusion, clean silhouette, game item icon, 1:1 --ar 1:1 --style raw"
sp_uiju_dambi,res://assets/icons/items/sp_uiju_dambi.png,의주 담비 가죽,Crafted Specialty Goods,Traditional Handcraft Materials,Mid,"A museum-quality historical artifact illustration of 의주 담비 가죽 (Crafted Specialty Goods), crafted from Traditional Handcraft Materials, dating back to Mid Joseon Dynasty. Joseon-era Korean ink-and-wash painting (sumukchaesaek) on aged hanji mulberry paper, muted mineral pigments (malachite green, azurite blue, ochre, cinnabar red, ink black), confident brush strokes with dry-brush texture, soft paper grain, restrained palette, in the manner of Kim Hong-do and Jeong Seon, single object centered, plain warm hanji background, soft ambient occlusion, clean silhouette, game item icon, 1:1 --ar 1:1 --style raw"
sp_hoeryeong_oji,res://assets/icons/items/sp_hoeryeong_oji.png,회령 오지그릇,Crafted Specialty Goods,Traditional Handcraft Materials,Late,"A museum-quality historical artifact illustration of 회령 오지그릇 (Crafted Specialty Goods), crafted from Traditional Handcraft Materials, dating back to Late Joseon Dynasty. Joseon-era Korean ink-and-wash painting (sumukchaesaek) on aged hanji mulberry paper, muted mineral pigments (malachite green, azurite blue, ochre, cinnabar red, ink black), confident brush strokes with dry-brush texture, soft paper grain, restrained palette, in the manner of Kim Hong-do and Jeong Seon, single object centered, plain warm hanji background, soft ambient occlusion, clean silhouette, game item icon, 1:1 --ar 1:1 --style raw"
sp_gangjin_celadon,res://assets/icons/items/sp_gangjin_celadon.png,강진 상감청자,Crafted Specialty Goods,Traditional Handcraft Materials,Mid,"A museum-quality historical artifact illustration of 강진 상감청자 (Crafted Specialty Goods), crafted from Traditional Handcraft Materials, dating back to Mid Joseon Dynasty. Joseon-era Korean ink-and-wash painting (sumukchaesaek) on aged hanji mulberry paper, muted mineral pigments (malachite green, azurite blue, ochre, cinnabar red, ink black), confident brush strokes with dry-brush texture, soft paper grain, restrained palette, in the manner of Kim Hong-do and Jeong Seon, single object centered, plain warm hanji background, soft ambient occlusion, clean silhouette, game item icon, 1:1 --ar 1:1 --style raw"
sp_bunwon_porcelain,res://assets/icons/items/sp_bunwon_porcelain.png,분원 백자 달항아리,Crafted Specialty Goods,Traditional Handcraft Materials,Mid,"A museum-quality historical artifact illustration of 분원 백자 달항아리 (Crafted Specialty Goods), crafted from Traditional Handcraft Materials, dating back to Mid Joseon Dynasty. Joseon-era Korean ink-and-wash painting (sumukchaesaek) on aged hanji mulberry paper, muted mineral pigments (malachite green, azurite blue, ochre, cinnabar red, ink black), confident brush strokes with dry-brush texture, soft paper grain, restrained palette, in the manner of Kim Hong-do and Jeong Seon, single object centered, plain warm hanji background, soft ambient occlusion, clean silhouette, game item icon, 1:1 --ar 1:1 --style raw"
sp_tongyeong_najeon,res://assets/icons/items/sp_tongyeong_najeon.png,통영 나전칠기함,Crafted Specialty Goods,Traditional Handcraft Materials,Mid,"A museum-quality historical artifact illustration of 통영 나전칠기함 (Crafted Specialty Goods), crafted from Traditional Handcraft Materials, dating back to Mid Joseon Dynasty. Joseon-era Korean ink-and-wash painting (sumukchaesaek) on aged hanji mulberry paper, muted mineral pigments (malachite green, azurite blue, ochre, cinnabar red, ink black), confident brush strokes with dry-brush texture, soft paper grain, restrained palette, in the manner of Kim Hong-do and Jeong Seon, single object centered, plain warm hanji background, soft ambient occlusion, clean silhouette, game item icon, 1:1 --ar 1:1 --style raw"
sp_her_066,res://assets/icons/items/sp_her_066.png,명량 해저 인양 청자,Crafted Specialty Goods,Traditional Handcraft Materials,Early,"A museum-quality historical artifact illustration of 명량 해저 인양 청자 (Crafted Specialty Goods), crafted from Traditional Handcraft Materials, dating back to Early Joseon Dynasty. Joseon-era Korean ink-and-wash painting (sumukchaesaek) on aged hanji mulberry paper, muted mineral pigments (malachite green, azurite blue, ochre, cinnabar red, ink black), confident brush strokes with dry-brush texture, soft paper grain, restrained palette, in the manner of Kim Hong-do and Jeong Seon, single object centered, plain warm hanji background, soft ambient occlusion, clean silhouette, game item icon, 1:1 --ar 1:1 --style raw"
sp_her_112,res://assets/icons/items/sp_her_112.png,삼척 해저 인양 청자,Crafted Specialty Goods,Traditional Handcraft Materials,Mid,"A museum-quality historical artifact illustration of 삼척 해저 인양 청자 (Crafted Specialty Goods), crafted from Traditional Handcraft Materials, dating back to Mid Joseon Dynasty. Joseon-era Korean ink-and-wash painting (sumukchaesaek) on aged hanji mulberry paper, muted mineral pigments (malachite green, azurite blue, ochre, cinnabar red, ink black), confident brush strokes with dry-brush texture, soft paper grain, restrained palette, in the manner of Kim Hong-do and Jeong Seon, single object centered, plain warm hanji background, soft ambient occlusion, clean silhouette, game item icon, 1:1 --ar 1:1 --style raw"
sp_her_115,res://assets/icons/items/sp_her_115.png,단양 복원 도자,Crafted Specialty Goods,Traditional Handcraft Materials,Mid,"A museum-quality historical artifact illustration of 단양 복원 도자 (Crafted Specialty Goods), crafted from Traditional Handcraft Materials, dating back to Mid Joseon Dynasty. Joseon-era Korean ink-and-wash painting (sumukchaesaek) on aged hanji mulberry paper, muted mineral pigments (malachite green, azurite blue, ochre, cinnabar red, ink black), confident brush strokes with dry-brush texture, soft paper grain, restrained palette, in the manner of Kim Hong-do and Jeong Seon, single object centered, plain warm hanji background, soft ambient occlusion, clean silhouette, game item icon, 1:1 --ar 1:1 --style raw"
sp_her_121,res://assets/icons/items/sp_her_121.png,태안 해저 인양 청자,Crafted Specialty Goods,Traditional Handcraft Materials,Mid,"A museum-quality historical artifact illustration of 태안 해저 인양 청자 (Crafted Specialty Goods), crafted from Traditional Handcraft Materials, dating back to Mid Joseon Dynasty. Joseon-era Korean ink-and-wash painting (sumukchaesaek) on aged hanji mulberry paper, muted mineral pigments (malachite green, azurite blue, ochre, cinnabar red, ink black), confident brush strokes with dry-brush texture, soft paper grain, restrained palette, in the manner of Kim Hong-do and Jeong Seon, single object centered, plain warm hanji background, soft ambient occlusion, clean silhouette, game item icon, 1:1 --ar 1:1 --style raw"
sp_her_123,res://assets/icons/items/sp_her_123.png,부안 복원 도자,Crafted Specialty Goods,Traditional Handcraft Materials,Mid,"A museum-quality historical artifact illustration of 부안 복원 도자 (Crafted Specialty Goods), crafted from Traditional Handcraft Materials, dating back to Mid Joseon Dynasty. Joseon-era Korean ink-and-wash painting (sumukchaesaek) on aged hanji mulberry paper, muted mineral pigments (malachite green, azurite blue, ochre, cinnabar red, ink black), confident brush strokes with dry-brush texture, soft paper grain, restrained palette, in the manner of Kim Hong-do and Jeong Seon, single object centered, plain warm hanji background, soft ambient occlusion, clean silhouette, game item icon, 1:1 --ar 1:1 --style raw"
sp_her_125,res://assets/icons/items/sp_her_125.png,신안 해저 인양 청자,Crafted Specialty Goods,Traditional Handcraft Materials,Early,"A museum-quality historical artifact illustration of 신안 해저 인양 청자 (Crafted Specialty Goods), crafted from Traditional Handcraft Materials, dating back to Early Joseon Dynasty. Joseon-era Korean ink-and-wash painting (sumukchaesaek) on aged hanji mulberry paper, muted mineral pigments (malachite green, azurite blue, ochre, cinnabar red, ink black), confident brush strokes with dry-brush texture, soft paper grain, restrained palette, in the manner of Kim Hong-do and Jeong Seon, single object centered, plain warm hanji background, soft ambient occlusion, clean silhouette, game item icon, 1:1 --ar 1:1 --style raw"
sp_her_138,res://assets/icons/items/sp_her_138.png,압록강 해저 인양 청자,Crafted Specialty Goods,Traditional Handcraft Materials,Mid,"A museum-quality historical artifact illustration of 압록강 해저 인양 청자 (Crafted Specialty Goods), crafted from Traditional Handcraft Materials, dating back to Mid Joseon Dynasty. Joseon-era Korean ink-and-wash painting (sumukchaesaek) on aged hanji mulberry paper, muted mineral pigments (malachite green, azurite blue, ochre, cinnabar red, ink black), confident brush strokes with dry-brush texture, soft paper grain, restrained palette, in the manner of Kim Hong-do and Jeong Seon, single object centered, plain warm hanji background, soft ambient occlusion, clean silhouette, game item icon, 1:1 --ar 1:1 --style raw"
sp_her_142,res://assets/icons/items/sp_her_142.png,회령 복원 도자,Crafted Specialty Goods,Traditional Handcraft Materials,Late,"A museum-quality historical artifact illustration of 회령 복원 도자 (Crafted Specialty Goods), crafted from Traditional Handcraft Materials, dating back to Late Joseon Dynasty. Joseon-era Korean ink-and-wash painting (sumukchaesaek) on aged hanji mulberry paper, muted mineral pigments (malachite green, azurite blue, ochre, cinnabar red, ink black), confident brush strokes with dry-brush texture, soft paper grain, restrained palette, in the manner of Kim Hong-do and Jeong Seon, single object centered, plain warm hanji background, soft ambient occlusion, clean silhouette, game item icon, 1:1 --ar 1:1 --style raw"
sp_chuncheon_jat,res://assets/icons/items/sp_chuncheon_jat.png,춘천 잣,Crafted Specialty Goods,Traditional Handcraft Materials,Late,"A museum-quality historical artifact illustration of 춘천 잣 (Crafted Specialty Goods), crafted from Traditional Handcraft Materials, dating back to Late Joseon Dynasty. Joseon-era Korean ink-and-wash painting (sumukchaesaek) on aged hanji mulberry paper, muted mineral pigments (malachite green, azurite blue, ochre, cinnabar red, ink black), confident brush strokes with dry-brush texture, soft paper grain, restrained palette, in the manner of Kim Hong-do and Jeong Seon, single object centered, plain warm hanji background, soft ambient occlusion, clean silhouette, game item icon, 1:1 --ar 1:1 --style raw"
sp_pyeongyang_nokdu,res://assets/icons/items/sp_pyeongyang_nokdu.png,평양 녹두,Crafted Specialty Goods,Traditional Handcraft Materials,Late,"A museum-quality historical artifact illustration of 평양 녹두 (Crafted Specialty Goods), crafted from Traditional Handcraft Materials, dating back to Late Joseon Dynasty. Joseon-era Korean ink-and-wash painting (sumukchaesaek) on aged hanji mulberry paper, muted mineral pigments (malachite green, azurite blue, ochre, cinnabar red, ink black), confident brush strokes with dry-brush texture, soft paper grain, restrained palette, in the manner of Kim Hong-do and Jeong Seon, single object centered, plain warm hanji background, soft ambient occlusion, clean silhouette, game item icon, 1:1 --ar 1:1 --style raw"
sp_ongjin_daeha,res://assets/icons/items/sp_ongjin_daeha.png,옹진 대하,Crafted Specialty Goods,Traditional Handcraft Materials,Late,"A museum-quality historical artifact illustration of 옹진 대하 (Crafted Specialty Goods), crafted from Traditional Handcraft Materials, dating back to Late Joseon Dynasty. Joseon-era Korean ink-and-wash painting (sumukchaesaek) on aged hanji mulberry paper, muted mineral pigments (malachite green, azurite blue, ochre, cinnabar red, ink black), confident brush strokes with dry-brush texture, soft paper grain, restrained palette, in the manner of Kim Hong-do and Jeong Seon, single object centered, plain warm hanji background, soft ambient occlusion, clean silhouette, game item icon, 1:1 --ar 1:1 --style raw"
sp_uiju_jinmal,res://assets/icons/items/sp_uiju_jinmal.png,의주 진말,Crafted Specialty Goods,Traditional Handcraft Materials,Late,"A museum-quality historical artifact illustration of 의주 진말 (Crafted Specialty Goods), crafted from Traditional Handcraft Materials, dating back to Late Joseon Dynasty. Joseon-era Korean ink-and-wash painting (sumukchaesaek) on aged hanji mulberry paper, muted mineral pigments (malachite green, azurite blue, ochre, cinnabar red, ink black), confident brush strokes with dry-brush texture, soft paper grain, restrained palette, in the manner of Kim Hong-do and Jeong Seon, single object centered, plain warm hanji background, soft ambient occlusion, clean silhouette, game item icon, 1:1 --ar 1:1 --style raw"
sp_gadeok_daegu,res://assets/icons/items/sp_gadeok_daegu.png,가덕 대구,Crafted Specialty Goods,Traditional Handcraft Materials,Late,"A museum-quality historical artifact illustration of 가덕 대구 (Crafted Specialty Goods), crafted from Traditional Handcraft Materials, dating back to Late Joseon Dynasty. Joseon-era Korean ink-and-wash painting (sumukchaesaek) on aged hanji mulberry paper, muted mineral pigments (malachite green, azurite blue, ochre, cinnabar red, ink black), confident brush strokes with dry-brush texture, soft paper grain, restrained palette, in the manner of Kim Hong-do and Jeong Seon, single object centered, plain warm hanji background, soft ambient occlusion, clean silhouette, game item icon, 1:1 --ar 1:1 --style raw"
sp_jeju_malchong,res://assets/icons/items/sp_jeju_malchong.png,제주 말총,Crafted Specialty Goods,Traditional Handcraft Materials,Late,"A museum-quality historical artifact illustration of 제주 말총 (Crafted Specialty Goods), crafted from Traditional Handcraft Materials, dating back to Late Joseon Dynasty. Joseon-era Korean ink-and-wash painting (sumukchaesaek) on aged hanji mulberry paper, muted mineral pigments (malachite green, azurite blue, ochre, cinnabar red, ink black), confident brush strokes with dry-brush texture, soft paper grain, restrained palette, in the manner of Kim Hong-do and Jeong Seon, single object centered, plain warm hanji background, soft ambient occlusion, clean silhouette, game item icon, 1:1 --ar 1:1 --style raw"
sp_jeju_jeonbok,res://assets/icons/items/sp_jeju_jeonbok.png,제주 전복,Crafted Specialty Goods,Traditional Handcraft Materials,Late,"A museum-quality historical artifact illustration of 제주 전복 (Crafted Specialty Goods), crafted from Traditional Handcraft Materials, dating back to Late Joseon Dynasty. Joseon-era Korean ink-and-wash painting (sumukchaesaek) on aged hanji mulberry paper, muted mineral pigments (malachite green, azurite blue, ochre, cinnabar red, ink black), confident brush strokes with dry-brush texture, soft paper grain, restrained palette, in the manner of Kim Hong-do and Jeong Seon, single object centered, plain warm hanji background, soft ambient occlusion, clean silhouette, game item icon, 1:1 --ar 1:1 --style raw"
sp_hanyang_tarak,res://assets/icons/items/sp_hanyang_tarak.png,타락,Crafted Specialty Goods,Traditional Handcraft Materials,Late,"A museum-quality historical artifact illustration of 타락 (Crafted Specialty Goods), crafted from Traditional Handcraft Materials, dating back to Late Joseon Dynasty. Joseon-era Korean ink-and-wash painting (sumukchaesaek) on aged hanji mulberry paper, muted mineral pigments (malachite green, azurite blue, ochre, cinnabar red, ink black), confident brush strokes with dry-brush texture, soft paper grain, restrained palette, in the manner of Kim Hong-do and Jeong Seon, single object centered, plain warm hanji background, soft ambient occlusion, clean silhouette, game item icon, 1:1 --ar 1:1 --style raw"
sp_namhae_yuja,res://assets/icons/items/sp_namhae_yuja.png,남해 유자,Crafted Specialty Goods,Traditional Handcraft Materials,Late,"A museum-quality historical artifact illustration of 남해 유자 (Crafted Specialty Goods), crafted from Traditional Handcraft Materials, dating back to Late Joseon Dynasty. Joseon-era Korean ink-and-wash painting (sumukchaesaek) on aged hanji mulberry paper, muted mineral pigments (malachite green, azurite blue, ochre, cinnabar red, ink black), confident brush strokes with dry-brush texture, soft paper grain, restrained palette, in the manner of Kim Hong-do and Jeong Seon, single object centered, plain warm hanji background, soft ambient occlusion, clean silhouette, game item icon, 1:1 --ar 1:1 --style raw"
sp_hadong_jakseol,res://assets/icons/items/sp_hadong_jakseol.png,하동 작설차,Crafted Specialty Goods,Traditional Handcraft Materials,Late,"A museum-quality historical artifact illustration of 하동 작설차 (Crafted Specialty Goods), crafted from Traditional Handcraft Materials, dating back to Late Joseon Dynasty. Joseon-era Korean ink-and-wash painting (sumukchaesaek) on aged hanji mulberry paper, muted mineral pigments (malachite green, azurite blue, ochre, cinnabar red, ink black), confident brush strokes with dry-brush texture, soft paper grain, restrained palette, in the manner of Kim Hong-do and Jeong Seon, single object centered, plain warm hanji background, soft ambient occlusion, clean silhouette, game item icon, 1:1 --ar 1:1 --style raw"
sp_yeonan_chamgireum,res://assets/icons/items/sp_yeonan_chamgireum.png,연안 참기름,Crafted Specialty Goods,Traditional Handcraft Materials,Late,"A museum-quality historical artifact illustration of 연안 참기름 (Crafted Specialty Goods), crafted from Traditional Handcraft Materials, dating back to Late Joseon Dynasty. Joseon-era Korean ink-and-wash painting (sumukchaesaek) on aged hanji mulberry paper, muted mineral pigments (malachite green, azurite blue, ochre, cinnabar red, ink black), confident brush strokes with dry-brush texture, soft paper grain, restrained palette, in the manner of Kim Hong-do and Jeong Seon, single object centered, plain warm hanji background, soft ambient occlusion, clean silhouette, game item icon, 1:1 --ar 1:1 --style raw"
sp_jeju_miyeok,res://assets/icons/items/sp_jeju_miyeok.png,제주 미역,Crafted Specialty Goods,Traditional Handcraft Materials,Late,"A museum-quality historical artifact illustration of 제주 미역 (Crafted Specialty Goods), crafted from Traditional Handcraft Materials, dating back to Late Joseon Dynasty. Joseon-era Korean ink-and-wash painting (sumukchaesaek) on aged hanji mulberry paper, muted mineral pigments (malachite green, azurite blue, ochre, cinnabar red, ink black), confident brush strokes with dry-brush texture, soft paper grain, restrained palette, in the manner of Kim Hong-do and Jeong Seon, single object centered, plain warm hanji background, soft ambient occlusion, clean silhouette, game item icon, 1:1 --ar 1:1 --style raw"
sp_dongnae_waegwan,res://assets/icons/items/sp_dongnae_waegwan.png,동래 왜관 교역품,Crafted Specialty Goods,Traditional Handcraft Materials,Mid,"A museum-quality historical artifact illustration of 동래 왜관 교역품 (Crafted Specialty Goods), crafted from Traditional Handcraft Materials, dating back to Mid Joseon Dynasty. Joseon-era Korean ink-and-wash painting (sumukchaesaek) on aged hanji mulberry paper, muted mineral pigments (malachite green, azurite blue, ochre, cinnabar red, ink black), confident brush strokes with dry-brush texture, soft paper grain, restrained palette, in the manner of Kim Hong-do and Jeong Seon, single object centered, plain warm hanji background, soft ambient occlusion, clean silhouette, game item icon, 1:1 --ar 1:1 --style raw"
sp_ganggye_sam,res://assets/icons/items/sp_ganggye_sam.png,강계 삼,Crafted Specialty Goods,Traditional Handcraft Materials,Mid,"A museum-quality historical artifact illustration of 강계 삼 (Crafted Specialty Goods), crafted from Traditional Handcraft Materials, dating back to Mid Joseon Dynasty. Joseon-era Korean ink-and-wash painting (sumukchaesaek) on aged hanji mulberry paper, muted mineral pigments (malachite green, azurite blue, ochre, cinnabar red, ink black), confident brush strokes with dry-brush texture, soft paper grain, restrained palette, in the manner of Kim Hong-do and Jeong Seon, single object centered, plain warm hanji background, soft ambient occlusion, clean silhouette, game item icon, 1:1 --ar 1:1 --style raw"
sp_tongyeong_gat,res://assets/icons/items/sp_tongyeong_gat.png,통영 갓,Crafted Specialty Goods,Traditional Handcraft Materials,Mid,"A museum-quality historical artifact illustration of 통영 갓 (Crafted Specialty Goods), crafted from Traditional Handcraft Materials, dating back to Mid Joseon Dynasty. Joseon-era Korean ink-and-wash painting (sumukchaesaek) on aged hanji mulberry paper, muted mineral pigments (malachite green, azurite blue, ochre, cinnabar red, ink black), confident brush strokes with dry-brush texture, soft paper grain, restrained palette, in the manner of Kim Hong-do and Jeong Seon, single object centered, plain warm hanji background, soft ambient occlusion, clean silhouette, game item icon, 1:1 --ar 1:1 --style raw"
sp_haeju_songyeonmuk,res://assets/icons/items/sp_haeju_songyeonmuk.png,해주 송연먹,Crafted Specialty Goods,Traditional Handcraft Materials,Mid,"A museum-quality historical artifact illustration of 해주 송연먹 (Crafted Specialty Goods), crafted from Traditional Handcraft Materials, dating back to Mid Joseon Dynasty. Joseon-era Korean ink-and-wash painting (sumukchaesaek) on aged hanji mulberry paper, muted mineral pigments (malachite green, azurite blue, ochre, cinnabar red, ink black), confident brush strokes with dry-brush texture, soft paper grain, restrained palette, in the manner of Kim Hong-do and Jeong Seon, single object centered, plain warm hanji background, soft ambient occlusion, clean silhouette, game item icon, 1:1 --ar 1:1 --style raw"
sp_hansan_mosi_jeoksam,res://assets/icons/items/sp_hansan_mosi_jeoksam.png,한산 모시 적삼,Crafted Specialty Goods,Traditional Handcraft Materials,Mid,"A museum-quality historical artifact illustration of 한산 모시 적삼 (Crafted Specialty Goods), crafted from Traditional Handcraft Materials, dating back to Mid Joseon Dynasty. Joseon-era Korean ink-and-wash painting (sumukchaesaek) on aged hanji mulberry paper, muted mineral pigments (malachite green, azurite blue, ochre, cinnabar red, ink black), confident brush strokes with dry-brush texture, soft paper grain, restrained palette, in the manner of Kim Hong-do and Jeong Seon, single object centered, plain warm hanji background, soft ambient occlusion, clean silhouette, game item icon, 1:1 --ar 1:1 --style raw"
sp_jeonju_hanji_g1,res://assets/icons/items/sp_jeonju_hanji_g1.png,전주 한지 상품,Crafted Specialty Goods,Traditional Handcraft Materials,Late,"A museum-quality historical artifact illustration of 전주 한지 상품 (Crafted Specialty Goods), crafted from Traditional Handcraft Materials, dating back to Late Joseon Dynasty. Joseon-era Korean ink-and-wash painting (sumukchaesaek) on aged hanji mulberry paper, muted mineral pigments (malachite green, azurite blue, ochre, cinnabar red, ink black), confident brush strokes with dry-brush texture, soft paper grain, restrained palette, in the manner of Kim Hong-do and Jeong Seon, single object centered, plain warm hanji background, soft ambient occlusion, clean silhouette, game item icon, 1:1 --ar 1:1 --style raw"
sp_jeonju_hanji_g2,res://assets/icons/items/sp_jeonju_hanji_g2.png,전주 한지 진상품,Crafted Specialty Goods,Traditional Handcraft Materials,Mid,"A museum-quality historical artifact illustration of 전주 한지 진상품 (Crafted Specialty Goods), crafted from Traditional Handcraft Materials, dating back to Mid Joseon Dynasty. Joseon-era Korean ink-and-wash painting (sumukchaesaek) on aged hanji mulberry paper, muted mineral pigments (malachite green, azurite blue, ochre, cinnabar red, ink black), confident brush strokes with dry-brush texture, soft paper grain, restrained palette, in the manner of Kim Hong-do and Jeong Seon, single object centered, plain warm hanji background, soft ambient occlusion, clean silhouette, game item icon, 1:1 --ar 1:1 --style raw"
sp_hansan_mosi_g1,res://assets/icons/items/sp_hansan_mosi_g1.png,한산 모시 상품,Crafted Specialty Goods,Traditional Handcraft Materials,Mid,"A museum-quality historical artifact illustration of 한산 모시 상품 (Crafted Specialty Goods), crafted from Traditional Handcraft Materials, dating back to Mid Joseon Dynasty. Joseon-era Korean ink-and-wash painting (sumukchaesaek) on aged hanji mulberry paper, muted mineral pigments (malachite green, azurite blue, ochre, cinnabar red, ink black), confident brush strokes with dry-brush texture, soft paper grain, restrained palette, in the manner of Kim Hong-do and Jeong Seon, single object centered, plain warm hanji background, soft ambient occlusion, clean silhouette, game item icon, 1:1 --ar 1:1 --style raw"
sp_hansan_mosi_g2,res://assets/icons/items/sp_hansan_mosi_g2.png,한산 모시 진상품,Crafted Specialty Goods,Traditional Handcraft Materials,Mid,"A museum-quality historical artifact illustration of 한산 모시 진상품 (Crafted Specialty Goods), crafted from Traditional Handcraft Materials, dating back to Mid Joseon Dynasty. Joseon-era Korean ink-and-wash painting (sumukchaesaek) on aged hanji mulberry paper, muted mineral pigments (malachite green, azurite blue, ochre, cinnabar red, ink black), confident brush strokes with dry-brush texture, soft paper grain, restrained palette, in the manner of Kim Hong-do and Jeong Seon, single object centered, plain warm hanji background, soft ambient occlusion, clean silhouette, game item icon, 1:1 --ar 1:1 --style raw"
sp_andong_po_g1,res://assets/icons/items/sp_andong_po_g1.png,안동포 상품,Crafted Specialty Goods,Traditional Handcraft Materials,Mid,"A museum-quality historical artifact illustration of 안동포 상품 (Crafted Specialty Goods), crafted from Traditional Handcraft Materials, dating back to Mid Joseon Dynasty. Joseon-era Korean ink-and-wash painting (sumukchaesaek) on aged hanji mulberry paper, muted mineral pigments (malachite green, azurite blue, ochre, cinnabar red, ink black), confident brush strokes with dry-brush texture, soft paper grain, restrained palette, in the manner of Kim Hong-do and Jeong Seon, single object centered, plain warm hanji background, soft ambient occlusion, clean silhouette, game item icon, 1:1 --ar 1:1 --style raw"
sp_andong_po_g2,res://assets/icons/items/sp_andong_po_g2.png,안동포 진상품,Crafted Specialty Goods,Traditional Handcraft Materials,Mid,"A museum-quality historical artifact illustration of 안동포 진상품 (Crafted Specialty Goods), crafted from Traditional Handcraft Materials, dating back to Mid Joseon Dynasty. Joseon-era Korean ink-and-wash painting (sumukchaesaek) on aged hanji mulberry paper, muted mineral pigments (malachite green, azurite blue, ochre, cinnabar red, ink black), confident brush strokes with dry-brush texture, soft paper grain, restrained palette, in the manner of Kim Hong-do and Jeong Seon, single object centered, plain warm hanji background, soft ambient occlusion, clean silhouette, game item icon, 1:1 --ar 1:1 --style raw"
sp_damyang_bamboo_g1,res://assets/icons/items/sp_damyang_bamboo_g1.png,담양 죽물 상품,Crafted Specialty Goods,Traditional Handcraft Materials,Late,"A museum-quality historical artifact illustration of 담양 죽물 상품 (Crafted Specialty Goods), crafted from Traditional Handcraft Materials, dating back to Late Joseon Dynasty. Joseon-era Korean ink-and-wash painting (sumukchaesaek) on aged hanji mulberry paper, muted mineral pigments (malachite green, azurite blue, ochre, cinnabar red, ink black), confident brush strokes with dry-brush texture, soft paper grain, restrained palette, in the manner of Kim Hong-do and Jeong Seon, single object centered, plain warm hanji background, soft ambient occlusion, clean silhouette, game item icon, 1:1 --ar 1:1 --style raw"
sp_damyang_bamboo_g2,res://assets/icons/items/sp_damyang_bamboo_g2.png,담양 죽물 진상품,Crafted Specialty Goods,Traditional Handcraft Materials,Mid,"A museum-quality historical artifact illustration of 담양 죽물 진상품 (Crafted Specialty Goods), crafted from Traditional Handcraft Materials, dating back to Mid Joseon Dynasty. Joseon-era Korean ink-and-wash painting (sumukchaesaek) on aged hanji mulberry paper, muted mineral pigments (malachite green, azurite blue, ochre, cinnabar red, ink black), confident brush strokes with dry-brush texture, soft paper grain, restrained palette, in the manner of Kim Hong-do and Jeong Seon, single object centered, plain warm hanji background, soft ambient occlusion, clean silhouette, game item icon, 1:1 --ar 1:1 --style raw"
sp_yeonggwang_gulbi_g1,res://assets/icons/items/sp_yeonggwang_gulbi_g1.png,영광 굴비 상품,Crafted Specialty Goods,Traditional Handcraft Materials,Mid,"A museum-quality historical artifact illustration of 영광 굴비 상품 (Crafted Specialty Goods), crafted from Traditional Handcraft Materials, dating back to Mid Joseon Dynasty. Joseon-era Korean ink-and-wash painting (sumukchaesaek) on aged hanji mulberry paper, muted mineral pigments (malachite green, azurite blue, ochre, cinnabar red, ink black), confident brush strokes with dry-brush texture, soft paper grain, restrained palette, in the manner of Kim Hong-do and Jeong Seon, single object centered, plain warm hanji background, soft ambient occlusion, clean silhouette, game item icon, 1:1 --ar 1:1 --style raw"
sp_yeonggwang_gulbi_g2,res://assets/icons/items/sp_yeonggwang_gulbi_g2.png,영광 굴비 진상품,Crafted Specialty Goods,Traditional Handcraft Materials,Mid,"A museum-quality historical artifact illustration of 영광 굴비 진상품 (Crafted Specialty Goods), crafted from Traditional Handcraft Materials, dating back to Mid Joseon Dynasty. Joseon-era Korean ink-and-wash painting (sumukchaesaek) on aged hanji mulberry paper, muted mineral pigments (malachite green, azurite blue, ochre, cinnabar red, ink black), confident brush strokes with dry-brush texture, soft paper grain, restrained palette, in the manner of Kim Hong-do and Jeong Seon, single object centered, plain warm hanji background, soft ambient occlusion, clean silhouette, game item icon, 1:1 --ar 1:1 --style raw"
sp_gaeseong_insam_g2,res://assets/icons/items/sp_gaeseong_insam_g2.png,개성 인삼 진상품,Crafted Specialty Goods,Traditional Handcraft Materials,Mid,"A museum-quality historical artifact illustration of 개성 인삼 진상품 (Crafted Specialty Goods), crafted from Traditional Handcraft Materials, dating back to Mid Joseon Dynasty. Joseon-era Korean ink-and-wash painting (sumukchaesaek) on aged hanji mulberry paper, muted mineral pigments (malachite green, azurite blue, ochre, cinnabar red, ink black), confident brush strokes with dry-brush texture, soft paper grain, restrained palette, in the manner of Kim Hong-do and Jeong Seon, single object centered, plain warm hanji background, soft ambient occlusion, clean silhouette, game item icon, 1:1 --ar 1:1 --style raw"
sp_jeju_gamgyul_g1,res://assets/icons/items/sp_jeju_gamgyul_g1.png,제주 감귤 상품,Crafted Specialty Goods,Traditional Handcraft Materials,Mid,"A museum-quality historical artifact illustration of 제주 감귤 상품 (Crafted Specialty Goods), crafted from Traditional Handcraft Materials, dating back to Mid Joseon Dynasty. Joseon-era Korean ink-and-wash painting (sumukchaesaek) on aged hanji mulberry paper, muted mineral pigments (malachite green, azurite blue, ochre, cinnabar red, ink black), confident brush strokes with dry-brush texture, soft paper grain, restrained palette, in the manner of Kim Hong-do and Jeong Seon, single object centered, plain warm hanji background, soft ambient occlusion, clean silhouette, game item icon, 1:1 --ar 1:1 --style raw"
sp_hamgyeong_myeongtae_g1,res://assets/icons/items/sp_hamgyeong_myeongtae_g1.png,북관 명태 상품,Crafted Specialty Goods,Traditional Handcraft Materials,Late,"A museum-quality historical artifact illustration of 북관 명태 상품 (Crafted Specialty Goods), crafted from Traditional Handcraft Materials, dating back to Late Joseon Dynasty. Joseon-era Korean ink-and-wash painting (sumukchaesaek) on aged hanji mulberry paper, muted mineral pigments (malachite green, azurite blue, ochre, cinnabar red, ink black), confident brush strokes with dry-brush texture, soft paper grain, restrained palette, in the manner of Kim Hong-do and Jeong Seon, single object centered, plain warm hanji background, soft ambient occlusion, clean silhouette, game item icon, 1:1 --ar 1:1 --style raw"
sp_hamgyeong_myeongtae_g2,res://assets/icons/items/sp_hamgyeong_myeongtae_g2.png,북관 명태 진상품,Crafted Specialty Goods,Traditional Handcraft Materials,Mid,"A museum-quality historical artifact illustration of 북관 명태 진상품 (Crafted Specialty Goods), crafted from Traditional Handcraft Materials, dating back to Mid Joseon Dynasty. Joseon-era Korean ink-and-wash painting (sumukchaesaek) on aged hanji mulberry paper, muted mineral pigments (malachite green, azurite blue, ochre, cinnabar red, ink black), confident brush strokes with dry-brush texture, soft paper grain, restrained palette, in the manner of Kim Hong-do and Jeong Seon, single object centered, plain warm hanji background, soft ambient occlusion, clean silhouette, game item icon, 1:1 --ar 1:1 --style raw"
sp_ganghwa_hwamunseok_g1,res://assets/icons/items/sp_ganghwa_hwamunseok_g1.png,강화 화문석 상품,Crafted Specialty Goods,Traditional Handcraft Materials,Mid,"A museum-quality historical artifact illustration of 강화 화문석 상품 (Crafted Specialty Goods), crafted from Traditional Handcraft Materials, dating back to Mid Joseon Dynasty. Joseon-era Korean ink-and-wash painting (sumukchaesaek) on aged hanji mulberry paper, muted mineral pigments (malachite green, azurite blue, ochre, cinnabar red, ink black), confident brush strokes with dry-brush texture, soft paper grain, restrained palette, in the manner of Kim Hong-do and Jeong Seon, single object centered, plain warm hanji background, soft ambient occlusion, clean silhouette, game item icon, 1:1 --ar 1:1 --style raw"
sp_anseong_yugi_g1,res://assets/icons/items/sp_anseong_yugi_g1.png,안성 유기 상품,Crafted Specialty Goods,Traditional Handcraft Materials,Mid,"A museum-quality historical artifact illustration of 안성 유기 상품 (Crafted Specialty Goods), crafted from Traditional Handcraft Materials, dating back to Mid Joseon Dynasty. Joseon-era Korean ink-and-wash painting (sumukchaesaek) on aged hanji mulberry paper, muted mineral pigments (malachite green, azurite blue, ochre, cinnabar red, ink black), confident brush strokes with dry-brush texture, soft paper grain, restrained palette, in the manner of Kim Hong-do and Jeong Seon, single object centered, plain warm hanji background, soft ambient occlusion, clean silhouette, game item icon, 1:1 --ar 1:1 --style raw"
sp_anseong_yugi_g2,res://assets/icons/items/sp_anseong_yugi_g2.png,안성 유기 진상품,Crafted Specialty Goods,Traditional Handcraft Materials,Mid,"A museum-quality historical artifact illustration of 안성 유기 진상품 (Crafted Specialty Goods), crafted from Traditional Handcraft Materials, dating back to Mid Joseon Dynasty. Joseon-era Korean ink-and-wash painting (sumukchaesaek) on aged hanji mulberry paper, muted mineral pigments (malachite green, azurite blue, ochre, cinnabar red, ink black), confident brush strokes with dry-brush texture, soft paper grain, restrained palette, in the manner of Kim Hong-do and Jeong Seon, single object centered, plain warm hanji background, soft ambient occlusion, clean silhouette, game item icon, 1:1 --ar 1:1 --style raw"
sp_chuncheon_jat_g1,res://assets/icons/items/sp_chuncheon_jat_g1.png,춘천 잣 상품,Crafted Specialty Goods,Traditional Handcraft Materials,Late,"A museum-quality historical artifact illustration of 춘천 잣 상품 (Crafted Specialty Goods), crafted from Traditional Handcraft Materials, dating back to Late Joseon Dynasty. Joseon-era Korean ink-and-wash painting (sumukchaesaek) on aged hanji mulberry paper, muted mineral pigments (malachite green, azurite blue, ochre, cinnabar red, ink black), confident brush strokes with dry-brush texture, soft paper grain, restrained palette, in the manner of Kim Hong-do and Jeong Seon, single object centered, plain warm hanji background, soft ambient occlusion, clean silhouette, game item icon, 1:1 --ar 1:1 --style raw"
sp_chuncheon_jat_g2,res://assets/icons/items/sp_chuncheon_jat_g2.png,춘천 잣 진상품,Crafted Specialty Goods,Traditional Handcraft Materials,Mid,"A museum-quality historical artifact illustration of 춘천 잣 진상품 (Crafted Specialty Goods), crafted from Traditional Handcraft Materials, dating back to Mid Joseon Dynasty. Joseon-era Korean ink-and-wash painting (sumukchaesaek) on aged hanji mulberry paper, muted mineral pigments (malachite green, azurite blue, ochre, cinnabar red, ink black), confident brush strokes with dry-brush texture, soft paper grain, restrained palette, in the manner of Kim Hong-do and Jeong Seon, single object centered, plain warm hanji background, soft ambient occlusion, clean silhouette, game item icon, 1:1 --ar 1:1 --style raw"
sp_uljin_daege_g1,res://assets/icons/items/sp_uljin_daege_g1.png,울진 대게 상품,Crafted Specialty Goods,Traditional Handcraft Materials,Mid,"A museum-quality historical artifact illustration of 울진 대게 상품 (Crafted Specialty Goods), crafted from Traditional Handcraft Materials, dating back to Mid Joseon Dynasty. Joseon-era Korean ink-and-wash painting (sumukchaesaek) on aged hanji mulberry paper, muted mineral pigments (malachite green, azurite blue, ochre, cinnabar red, ink black), confident brush strokes with dry-brush texture, soft paper grain, restrained palette, in the manner of Kim Hong-do and Jeong Seon, single object centered, plain warm hanji background, soft ambient occlusion, clean silhouette, game item icon, 1:1 --ar 1:1 --style raw"
sp_uljin_daege_g2,res://assets/icons/items/sp_uljin_daege_g2.png,울진 대게 진상품,Crafted Specialty Goods,Traditional Handcraft Materials,Mid,"A museum-quality historical artifact illustration of 울진 대게 진상품 (Crafted Specialty Goods), crafted from Traditional Handcraft Materials, dating back to Mid Joseon Dynasty. Joseon-era Korean ink-and-wash painting (sumukchaesaek) on aged hanji mulberry paper, muted mineral pigments (malachite green, azurite blue, ochre, cinnabar red, ink black), confident brush strokes with dry-brush texture, soft paper grain, restrained palette, in the manner of Kim Hong-do and Jeong Seon, single object centered, plain warm hanji background, soft ambient occlusion, clean silhouette, game item icon, 1:1 --ar 1:1 --style raw"
sp_boeun_daechu_g1,res://assets/icons/items/sp_boeun_daechu_g1.png,보은 대추 상품,Crafted Specialty Goods,Traditional Handcraft Materials,Late,"A museum-quality historical artifact illustration of 보은 대추 상품 (Crafted Specialty Goods), crafted from Traditional Handcraft Materials, dating back to Late Joseon Dynasty. Joseon-era Korean ink-and-wash painting (sumukchaesaek) on aged hanji mulberry paper, muted mineral pigments (malachite green, azurite blue, ochre, cinnabar red, ink black), confident brush strokes with dry-brush texture, soft paper grain, restrained palette, in the manner of Kim Hong-do and Jeong Seon, single object centered, plain warm hanji background, soft ambient occlusion, clean silhouette, game item icon, 1:1 --ar 1:1 --style raw"
sp_boeun_daechu_g2,res://assets/icons/items/sp_boeun_daechu_g2.png,보은 대추 진상품,Crafted Specialty Goods,Traditional Handcraft Materials,Mid,"A museum-quality historical artifact illustration of 보은 대추 진상품 (Crafted Specialty Goods), crafted from Traditional Handcraft Materials, dating back to Mid Joseon Dynasty. Joseon-era Korean ink-and-wash painting (sumukchaesaek) on aged hanji mulberry paper, muted mineral pigments (malachite green, azurite blue, ochre, cinnabar red, ink black), confident brush strokes with dry-brush texture, soft paper grain, restrained palette, in the manner of Kim Hong-do and Jeong Seon, single object centered, plain warm hanji background, soft ambient occlusion, clean silhouette, game item icon, 1:1 --ar 1:1 --style raw"
sp_gochang_bokbunja_g1,res://assets/icons/items/sp_gochang_bokbunja_g1.png,고창 복분자주 상품,Crafted Specialty Goods,Traditional Handcraft Materials,Mid,"A museum-quality historical artifact illustration of 고창 복분자주 상품 (Crafted Specialty Goods), crafted from Traditional Handcraft Materials, dating back to Mid Joseon Dynasty. Joseon-era Korean ink-and-wash painting (sumukchaesaek) on aged hanji mulberry paper, muted mineral pigments (malachite green, azurite blue, ochre, cinnabar red, ink black), confident brush strokes with dry-brush texture, soft paper grain, restrained palette, in the manner of Kim Hong-do and Jeong Seon, single object centered, plain warm hanji background, soft ambient occlusion, clean silhouette, game item icon, 1:1 --ar 1:1 --style raw"
sp_gochang_bokbunja_g2,res://assets/icons/items/sp_gochang_bokbunja_g2.png,고창 복분자주 진상품,Crafted Specialty Goods,Traditional Handcraft Materials,Mid,"A museum-quality historical artifact illustration of 고창 복분자주 진상품 (Crafted Specialty Goods), crafted from Traditional Handcraft Materials, dating back to Mid Joseon Dynasty. Joseon-era Korean ink-and-wash painting (sumukchaesaek) on aged hanji mulberry paper, muted mineral pigments (malachite green, azurite blue, ochre, cinnabar red, ink black), confident brush strokes with dry-brush texture, soft paper grain, restrained palette, in the manner of Kim Hong-do and Jeong Seon, single object centered, plain warm hanji background, soft ambient occlusion, clean silhouette, game item icon, 1:1 --ar 1:1 --style raw"
sp_sangju_gotgam_g1,res://assets/icons/items/sp_sangju_gotgam_g1.png,상주 곶감 상품,Crafted Specialty Goods,Traditional Handcraft Materials,Late,"A museum-quality historical artifact illustration of 상주 곶감 상품 (Crafted Specialty Goods), crafted from Traditional Handcraft Materials, dating back to Late Joseon Dynasty. Joseon-era Korean ink-and-wash painting (sumukchaesaek) on aged hanji mulberry paper, muted mineral pigments (malachite green, azurite blue, ochre, cinnabar red, ink black), confident brush strokes with dry-brush texture, soft paper grain, restrained palette, in the manner of Kim Hong-do and Jeong Seon, single object centered, plain warm hanji background, soft ambient occlusion, clean silhouette, game item icon, 1:1 --ar 1:1 --style raw"
sp_sangju_gotgam_g2,res://assets/icons/items/sp_sangju_gotgam_g2.png,상주 곶감 진상품,Crafted Specialty Goods,Traditional Handcraft Materials,Mid,"A museum-quality historical artifact illustration of 상주 곶감 진상품 (Crafted Specialty Goods), crafted from Traditional Handcraft Materials, dating back to Mid Joseon Dynasty. Joseon-era Korean ink-and-wash painting (sumukchaesaek) on aged hanji mulberry paper, muted mineral pigments (malachite green, azurite blue, ochre, cinnabar red, ink black), confident brush strokes with dry-brush texture, soft paper grain, restrained palette, in the manner of Kim Hong-do and Jeong Seon, single object centered, plain warm hanji background, soft ambient occlusion, clean silhouette, game item icon, 1:1 --ar 1:1 --style raw"
sp_haeju_meok_g1,res://assets/icons/items/sp_haeju_meok_g1.png,해주 먹 상품,Crafted Specialty Goods,Traditional Handcraft Materials,Mid,"A museum-quality historical artifact illustration of 해주 먹 상품 (Crafted Specialty Goods), crafted from Traditional Handcraft Materials, dating back to Mid Joseon Dynasty. Joseon-era Korean ink-and-wash painting (sumukchaesaek) on aged hanji mulberry paper, muted mineral pigments (malachite green, azurite blue, ochre, cinnabar red, ink black), confident brush strokes with dry-brush texture, soft paper grain, restrained palette, in the manner of Kim Hong-do and Jeong Seon, single object centered, plain warm hanji background, soft ambient occlusion, clean silhouette, game item icon, 1:1 --ar 1:1 --style raw"
sp_bongsan_bae_g1,res://assets/icons/items/sp_bongsan_bae_g1.png,봉산 참배 상품,Crafted Specialty Goods,Traditional Handcraft Materials,Late,"A museum-quality historical artifact illustration of 봉산 참배 상품 (Crafted Specialty Goods), crafted from Traditional Handcraft Materials, dating back to Late Joseon Dynasty. Joseon-era Korean ink-and-wash painting (sumukchaesaek) on aged hanji mulberry paper, muted mineral pigments (malachite green, azurite blue, ochre, cinnabar red, ink black), confident brush strokes with dry-brush texture, soft paper grain, restrained palette, in the manner of Kim Hong-do and Jeong Seon, single object centered, plain warm hanji background, soft ambient occlusion, clean silhouette, game item icon, 1:1 --ar 1:1 --style raw"
sp_bongsan_bae_g2,res://assets/icons/items/sp_bongsan_bae_g2.png,봉산 참배 진상품,Crafted Specialty Goods,Traditional Handcraft Materials,Mid,"A museum-quality historical artifact illustration of 봉산 참배 진상품 (Crafted Specialty Goods), crafted from Traditional Handcraft Materials, dating back to Mid Joseon Dynasty. Joseon-era Korean ink-and-wash painting (sumukchaesaek) on aged hanji mulberry paper, muted mineral pigments (malachite green, azurite blue, ochre, cinnabar red, ink black), confident brush strokes with dry-brush texture, soft paper grain, restrained palette, in the manner of Kim Hong-do and Jeong Seon, single object centered, plain warm hanji background, soft ambient occlusion, clean silhouette, game item icon, 1:1 --ar 1:1 --style raw"
sp_pyeongyang_chilgi_g1,res://assets/icons/items/sp_pyeongyang_chilgi_g1.png,평양 칠기 상품,Crafted Specialty Goods,Traditional Handcraft Materials,Mid,"A museum-quality historical artifact illustration of 평양 칠기 상품 (Crafted Specialty Goods), crafted from Traditional Handcraft Materials, dating back to Mid Joseon Dynasty. Joseon-era Korean ink-and-wash painting (sumukchaesaek) on aged hanji mulberry paper, muted mineral pigments (malachite green, azurite blue, ochre, cinnabar red, ink black), confident brush strokes with dry-brush texture, soft paper grain, restrained palette, in the manner of Kim Hong-do and Jeong Seon, single object centered, plain warm hanji background, soft ambient occlusion, clean silhouette, game item icon, 1:1 --ar 1:1 --style raw"
sp_uiju_dambi_g1,res://assets/icons/items/sp_uiju_dambi_g1.png,의주 담비 가죽 상품,Crafted Specialty Goods,Traditional Handcraft Materials,Early,"A museum-quality historical artifact illustration of 의주 담비 가죽 상품 (Crafted Specialty Goods), crafted from Traditional Handcraft Materials, dating back to Early Joseon Dynasty. Joseon-era Korean ink-and-wash painting (sumukchaesaek) on aged hanji mulberry paper, muted mineral pigments (malachite green, azurite blue, ochre, cinnabar red, ink black), confident brush strokes with dry-brush texture, soft paper grain, restrained palette, in the manner of Kim Hong-do and Jeong Seon, single object centered, plain warm hanji background, soft ambient occlusion, clean silhouette, game item icon, 1:1 --ar 1:1 --style raw"
sp_hoeryeong_oji_g1,res://assets/icons/items/sp_hoeryeong_oji_g1.png,회령 오지그릇 상품,Crafted Specialty Goods,Traditional Handcraft Materials,Mid,"A museum-quality historical artifact illustration of 회령 오지그릇 상품 (Crafted Specialty Goods), crafted from Traditional Handcraft Materials, dating back to Mid Joseon Dynasty. Joseon-era Korean ink-and-wash painting (sumukchaesaek) on aged hanji mulberry paper, muted mineral pigments (malachite green, azurite blue, ochre, cinnabar red, ink black), confident brush strokes with dry-brush texture, soft paper grain, restrained palette, in the manner of Kim Hong-do and Jeong Seon, single object centered, plain warm hanji background, soft ambient occlusion, clean silhouette, game item icon, 1:1 --ar 1:1 --style raw"
sp_hoeryeong_oji_g2,res://assets/icons/items/sp_hoeryeong_oji_g2.png,회령 오지그릇 진상품,Crafted Specialty Goods,Traditional Handcraft Materials,Mid,"A museum-quality historical artifact illustration of 회령 오지그릇 진상품 (Crafted Specialty Goods), crafted from Traditional Handcraft Materials, dating back to Mid Joseon Dynasty. Joseon-era Korean ink-and-wash painting (sumukchaesaek) on aged hanji mulberry paper, muted mineral pigments (malachite green, azurite blue, ochre, cinnabar red, ink black), confident brush strokes with dry-brush texture, soft paper grain, restrained palette, in the manner of Kim Hong-do and Jeong Seon, single object centered, plain warm hanji background, soft ambient occlusion, clean silhouette, game item icon, 1:1 --ar 1:1 --style raw"
spr_gangjin_celadon,res://assets/icons/items/spr_gangjin_celadon.png,【강진 청자 비전서】,Secret Craft Manual,Stitched Hanji Book,Mid,"A museum-quality historical artifact illustration of 【강진 청자 비전서】 (Secret Craft Manual), crafted from Stitched Hanji Book, dating back to Mid Joseon Dynasty. Joseon-era Korean ink-and-wash painting (sumukchaesaek) on aged hanji mulberry paper, muted mineral pigments (malachite green, azurite blue, ochre, cinnabar red, ink black), confident brush strokes with dry-brush texture, soft paper grain, restrained palette, in the manner of Kim Hong-do and Jeong Seon, single object centered, plain warm hanji background, soft ambient occlusion, clean silhouette, game item icon, 1:1 --ar 1:1 --style raw"
spr_bunwon_porcelain,res://assets/icons/items/spr_bunwon_porcelain.png,【분원 백자 비전서】,Secret Craft Manual,Stitched Hanji Book,Mid,"A museum-quality historical artifact illustration of 【분원 백자 비전서】 (Secret Craft Manual), crafted from Stitched Hanji Book, dating back to Mid Joseon Dynasty. Joseon-era Korean ink-and-wash painting (sumukchaesaek) on aged hanji mulberry paper, muted mineral pigments (malachite green, azurite blue, ochre, cinnabar red, ink black), confident brush strokes with dry-brush texture, soft paper grain, restrained palette, in the manner of Kim Hong-do and Jeong Seon, single object centered, plain warm hanji background, soft ambient occlusion, clean silhouette, game item icon, 1:1 --ar 1:1 --style raw"
spr_tongyeong_najeon,res://assets/icons/items/spr_tongyeong_najeon.png,【통영 나전칠기 비전서】,Secret Craft Manual,Stitched Hanji Book,Mid,"A museum-quality historical artifact illustration of 【통영 나전칠기 비전서】 (Secret Craft Manual), crafted from Stitched Hanji Book, dating back to Mid Joseon Dynasty. Joseon-era Korean ink-and-wash painting (sumukchaesaek) on aged hanji mulberry paper, muted mineral pigments (malachite green, azurite blue, ochre, cinnabar red, ink black), confident brush strokes with dry-brush texture, soft paper grain, restrained palette, in the manner of Kim Hong-do and Jeong Seon, single object centered, plain warm hanji background, soft ambient occlusion, clean silhouette, game item icon, 1:1 --ar 1:1 --style raw"
spr_her_066,res://assets/icons/items/spr_her_066.png,【명량 복원 비전서】,Secret Craft Manual,Stitched Hanji Book,Early,"A museum-quality historical artifact illustration of 【명량 복원 비전서】 (Secret Craft Manual), crafted from Stitched Hanji Book, dating back to Early Joseon Dynasty. Joseon-era Korean ink-and-wash painting (sumukchaesaek) on aged hanji mulberry paper, muted mineral pigments (malachite green, azurite blue, ochre, cinnabar red, ink black), confident brush strokes with dry-brush texture, soft paper grain, restrained palette, in the manner of Kim Hong-do and Jeong Seon, single object centered, plain warm hanji background, soft ambient occlusion, clean silhouette, game item icon, 1:1 --ar 1:1 --style raw"
spr_her_112,res://assets/icons/items/spr_her_112.png,【삼척 복원 비전서】,Secret Craft Manual,Stitched Hanji Book,Mid,"A museum-quality historical artifact illustration of 【삼척 복원 비전서】 (Secret Craft Manual), crafted from Stitched Hanji Book, dating back to Mid Joseon Dynasty. Joseon-era Korean ink-and-wash painting (sumukchaesaek) on aged hanji mulberry paper, muted mineral pigments (malachite green, azurite blue, ochre, cinnabar red, ink black), confident brush strokes with dry-brush texture, soft paper grain, restrained palette, in the manner of Kim Hong-do and Jeong Seon, single object centered, plain warm hanji background, soft ambient occlusion, clean silhouette, game item icon, 1:1 --ar 1:1 --style raw"
spr_her_115,res://assets/icons/items/spr_her_115.png,【단양 복원 비전서】,Secret Craft Manual,Stitched Hanji Book,Mid,"A museum-quality historical artifact illustration of 【단양 복원 비전서】 (Secret Craft Manual), crafted from Stitched Hanji Book, dating back to Mid Joseon Dynasty. Joseon-era Korean ink-and-wash painting (sumukchaesaek) on aged hanji mulberry paper, muted mineral pigments (malachite green, azurite blue, ochre, cinnabar red, ink black), confident brush strokes with dry-brush texture, soft paper grain, restrained palette, in the manner of Kim Hong-do and Jeong Seon, single object centered, plain warm hanji background, soft ambient occlusion, clean silhouette, game item icon, 1:1 --ar 1:1 --style raw"
spr_her_121,res://assets/icons/items/spr_her_121.png,【태안 복원 비전서】,Secret Craft Manual,Stitched Hanji Book,Mid,"A museum-quality historical artifact illustration of 【태안 복원 비전서】 (Secret Craft Manual), crafted from Stitched Hanji Book, dating back to Mid Joseon Dynasty. Joseon-era Korean ink-and-wash painting (sumukchaesaek) on aged hanji mulberry paper, muted mineral pigments (malachite green, azurite blue, ochre, cinnabar red, ink black), confident brush strokes with dry-brush texture, soft paper grain, restrained palette, in the manner of Kim Hong-do and Jeong Seon, single object centered, plain warm hanji background, soft ambient occlusion, clean silhouette, game item icon, 1:1 --ar 1:1 --style raw"
spr_her_123,res://assets/icons/items/spr_her_123.png,【부안 복원 비전서】,Secret Craft Manual,Stitched Hanji Book,Mid,"A museum-quality historical artifact illustration of 【부안 복원 비전서】 (Secret Craft Manual), crafted from Stitched Hanji Book, dating back to Mid Joseon Dynasty. Joseon-era Korean ink-and-wash painting (sumukchaesaek) on aged hanji mulberry paper, muted mineral pigments (malachite green, azurite blue, ochre, cinnabar red, ink black), confident brush strokes with dry-brush texture, soft paper grain, restrained palette, in the manner of Kim Hong-do and Jeong Seon, single object centered, plain warm hanji background, soft ambient occlusion, clean silhouette, game item icon, 1:1 --ar 1:1 --style raw"
spr_her_125,res://assets/icons/items/spr_her_125.png,【신안 복원 비전서】,Secret Craft Manual,Stitched Hanji Book,Early,"A museum-quality historical artifact illustration of 【신안 복원 비전서】 (Secret Craft Manual), crafted from Stitched Hanji Book, dating back to Early Joseon Dynasty. Joseon-era Korean ink-and-wash painting (sumukchaesaek) on aged hanji mulberry paper, muted mineral pigments (malachite green, azurite blue, ochre, cinnabar red, ink black), confident brush strokes with dry-brush texture, soft paper grain, restrained palette, in the manner of Kim Hong-do and Jeong Seon, single object centered, plain warm hanji background, soft ambient occlusion, clean silhouette, game item icon, 1:1 --ar 1:1 --style raw"
spr_her_138,res://assets/icons/items/spr_her_138.png,【압록강 복원 비전서】,Secret Craft Manual,Stitched Hanji Book,Mid,"A museum-quality historical artifact illustration of 【압록강 복원 비전서】 (Secret Craft Manual), crafted from Stitched Hanji Book, dating back to Mid Joseon Dynasty. Joseon-era Korean ink-and-wash painting (sumukchaesaek) on aged hanji mulberry paper, muted mineral pigments (malachite green, azurite blue, ochre, cinnabar red, ink black), confident brush strokes with dry-brush texture, soft paper grain, restrained palette, in the manner of Kim Hong-do and Jeong Seon, single object centered, plain warm hanji background, soft ambient occlusion, clean silhouette, game item icon, 1:1 --ar 1:1 --style raw"
spr_her_142,res://assets/icons/items/spr_her_142.png,【회령 복원 비전서】,Secret Craft Manual,Stitched Hanji Book,Late,"A museum-quality historical artifact illustration of 【회령 복원 비전서】 (Secret Craft Manual), crafted from Stitched Hanji Book, dating back to Late Joseon Dynasty. Joseon-era Korean ink-and-wash painting (sumukchaesaek) on aged hanji mulberry paper, muted mineral pigments (malachite green, azurite blue, ochre, cinnabar red, ink black), confident brush strokes with dry-brush texture, soft paper grain, restrained palette, in the manner of Kim Hong-do and Jeong Seon, single object centered, plain warm hanji background, soft ambient occlusion, clean silhouette, game item icon, 1:1 --ar 1:1 --style raw"
spr_tongyeong_gat,res://assets/icons/items/spr_tongyeong_gat.png,【통영 갓방 비전서】,Secret Craft Manual,Stitched Hanji Book,Mid,"A museum-quality historical artifact illustration of 【통영 갓방 비전서】 (Secret Craft Manual), crafted from Stitched Hanji Book, dating back to Mid Joseon Dynasty. Joseon-era Korean ink-and-wash painting (sumukchaesaek) on aged hanji mulberry paper, muted mineral pigments (malachite green, azurite blue, ochre, cinnabar red, ink black), confident brush strokes with dry-brush texture, soft paper grain, restrained palette, in the manner of Kim Hong-do and Jeong Seon, single object centered, plain warm hanji background, soft ambient occlusion, clean silhouette, game item icon, 1:1 --ar 1:1 --style raw"
spr_haeju_muk,res://assets/icons/items/spr_haeju_muk.png,【해주 먹방 비전서】,Secret Craft Manual,Stitched Hanji Book,Mid,"A museum-quality historical artifact illustration of 【해주 먹방 비전서】 (Secret Craft Manual), crafted from Stitched Hanji Book, dating back to Mid Joseon Dynasty. Joseon-era Korean ink-and-wash painting (sumukchaesaek) on aged hanji mulberry paper, muted mineral pigments (malachite green, azurite blue, ochre, cinnabar red, ink black), confident brush strokes with dry-brush texture, soft paper grain, restrained palette, in the manner of Kim Hong-do and Jeong Seon, single object centered, plain warm hanji background, soft ambient occlusion, clean silhouette, game item icon, 1:1 --ar 1:1 --style raw"
spr_hansan_jeoksam,res://assets/icons/items/spr_hansan_jeoksam.png,【한산 모시 침선 비전서】,Secret Craft Manual,Stitched Hanji Book,Mid,"A museum-quality historical artifact illustration of 【한산 모시 침선 비전서】 (Secret Craft Manual), crafted from Stitched Hanji Book, dating back to Mid Joseon Dynasty. Joseon-era Korean ink-and-wash painting (sumukchaesaek) on aged hanji mulberry paper, muted mineral pigments (malachite green, azurite blue, ochre, cinnabar red, ink black), confident brush strokes with dry-brush texture, soft paper grain, restrained palette, in the manner of Kim Hong-do and Jeong Seon, single object centered, plain warm hanji background, soft ambient occlusion, clean silhouette, game item icon, 1:1 --ar 1:1 --style raw"
